Order_ID,Date,Month,Region,State,City,Distributor_ID,Distributor_Name,Distributor_Type,Outlet_ID,Outlet_Type,Salesperson,Product_Category,SKU_Name,Unit_Price,Quantity_Sold,Gross_Sales_Value,Discount_Pct,Discount_Amount,Net_Sales_Value,Target_Sales_Value,Order_Status,Return_Quantity,Return_Value,Distribution_Channel,Payment_Mode
ORD102903,2024-01-01,Jan-2024,Central,Chhattisgarh,Raipur,D022,Raipur Agencies,Super Stockist,OUT0182,Supermarket,SP005_Vikram,Dairy & Food Staples,PureDrop Milk 500ml,59.56,15,893.4,5,44.67,848.73,1003.56,Delivered,0,0.0,Indirect,Cash
ORD100383,2024-01-01,Jan-2024,North,Punjab,Ludhiana,D015,Ludhiana Traders,Distributor,OUT0055,Wholesale Shop,SP034_Kavita,Home Care,CleanWave Detergent 1kg,122.7,20,2454.0,5,122.7,2331.3,2184.79,Delivered,0,0.0,Direct,Cash
ORD101875,2024-01-01,Jan-2024,Central,Madhya Pradesh,Jabalpur,D004,Jabalpur Traders,Wholesaler,OUT0169,Convenience Store,SP020_Shreya,Snacks & Confectionery,CrispBite Chips 100g,249.11,24,5978.64,2,119.57,5859.07,5582.49,Delivered,0,0.0,Indirect,Credit
ORD102045,2024-01-01,Jan-2024,North,Punjab,Ludhiana,D015,Ludhiana Traders,Distributor,OUT0020,Wholesale Shop,SP040_Shreya,Personal Care,FreshBreath Toothpaste 150g,168.41,24,4041.84,0,0.0,4041.84,3799.42,Delivered,0,0.0,Direct,UPI/Online
ORD103658,2024-01-01,Jan-2024,West,Goa,Panaji,D019,Panaji Traders,Distributor,OUT0089,Wholesale Shop,SP021_Rahul,Personal Care,GlowSoft Soap 100g,177.92,26,4625.92,0,0.0,4625.92,5206.36,Delivered,0,0.0,Indirect,Cash
ORD103782,2024-01-01,Jan-2024,East,Odisha,Bhubaneswar,D028,Bhubaneswar Distribution Co,Wholesaler,OUT0044,Kirana/General Store,SP003_Priya,Dairy & Food Staples,DailyFresh Ghee 500ml,42.18,31,1307.58,0,0.0,1307.58,1418.4,Delivered,0,0.0,Direct,UPI/Online
ORD102467,2024-01-01,Jan-2024,Central,Madhya Pradesh,Bhopal,D029,Bhopal Distribution Co,Super Stockist,OUT0030,Kirana/General Store,SP009_Karan,Home Care,SparkleShine Dishwash 500ml,236.43,18,4255.74,0,0.0,4255.74,5153.37,Delivered,0,0.0,Indirect,UPI/Online
ORD102361,2024-01-01,Jan-2024,South,Karnataka,Bengaluru,D002,Bengaluru Marketing,Distributor,OUT0074,Convenience Store,SP036_Meera,Home Care,ShineFloor Cleaner 1L,174.55,22,3840.1,5,192.0,3648.1,3516.13,Pending,0,0.0,Indirect,Credit
ORD101780,2024-01-02,Jan-2024,Central,Madhya Pradesh,Bhopal,D029,Bhopal Distribution Co,Super Stockist,OUT0112,Supermarket,SP012_Divya,Beverages,MintCool Soda 300ml,180.32,24,4327.68,10,432.77,3894.91,4245.79,Delivered,0,0.0,Indirect,Cash
ORD102902,2024-01-02,Jan-2024,Central,Madhya Pradesh,Bhopal,D029,Bhopal Distribution Co,Super Stockist,OUT0148,Modern Trade,SP032_Divya,Snacks & Confectionery,CrispBite Chips 100g,51.98,19,987.62,5,49.38,938.24,1007.92,Delivered,0,0.0,Indirect,Credit
ORD103958,2024-01-02,Jan-2024,Central,Chhattisgarh,Raipur,D009,Raipur Enterprises,Wholesaler,OUT0164,Kirana/General Store,SP018_Rina,Home Care,ShineFloor Cleaner 1L,27.53,6,165.18,5,8.26,156.92,168.33,Delivered,0,0.0,Indirect,Cash
ORD103683,2024-01-02,Jan-2024,Central,Chhattisgarh,Raipur,D022,Raipur Agencies,Super Stockist,OUT0094,Convenience Store,SP005_Vikram,Snacks & Confectionery,CrispBite Chips 50g,259.63,12,3115.56,2,62.31,3053.25,2773.4,Delivered,0,0.0,Direct,Credit
ORD102985,2024-01-02,Jan-2024,East,Bihar,Patna,D014,Patna Distribution Co,Wholesaler,OUT0175,Wholesale Shop,SP015_Arjun,Beverages,OrangeZest Juice 1L,162.22,34,5515.48,5,275.77,5239.71,5922.28,Delivered,0,0.0,Indirect,UPI/Online
ORD103861,2024-01-02,Jan-2024,South,Karnataka,Bengaluru,D002,Bengaluru Marketing,Distributor,OUT0046,Modern Trade,SP014_Kavita,Personal Care,FreshBreath Toothpaste 150g,280.61,26,7295.86,5,364.79,6931.07,6765.42,Delivered,0,0.0,Direct,UPI/Online
ORD102471,2024-01-02,Jan-2024,West,Rajasthan,Jodhpur,D013,Jodhpur Distribution Co,Super Stockist,OUT0167,Wholesale Shop,SP027_Suresh,Snacks & Confectionery,CrispBite Chips 50g,285.56,46,13135.76,10,1313.58,11822.18,14341.37,Cancelled,0,0.0,Indirect,Cash
ORD102597,2024-01-02,Jan-2024,West,Goa,Panaji,D019,Panaji Traders,Distributor,OUT0089,Wholesale Shop,SP037_Sanjay,Home Care,CleanWave Detergent 1kg,135.48,33,4470.84,2,89.42,4381.42,5006.69,Delivered,0,0.0,Indirect,UPI/Online
ORD103353,2024-01-02,Jan-2024,North,Delhi,New Delhi,D003,New Delhi Traders,Super Stockist,OUT0006,Kirana/General Store,SP010_Pooja,Dairy & Food Staples,PureDrop Milk 500ml,283.16,35,9910.6,8,792.85,9117.75,10643.9,Delivered,0,0.0,Direct,UPI/Online
ORD103435,2024-01-02,Jan-2024,Central,Madhya Pradesh,Bhopal,D029,Bhopal Distribution Co,Super Stockist,OUT0084,Wholesale Shop,SP017_Sanjay,Beverages,FreshSip Cola 250ml,22.86,8,182.88,0,0.0,182.88,217.43,Returned,2,45.72,Indirect,Credit
ORD101461,2024-01-02,Jan-2024,Central,Madhya Pradesh,Jabalpur,D004,Jabalpur Traders,Wholesaler,OUT0041,Modern Trade,SP033_Manoj,Dairy & Food Staples,GoldenGrain Atta 5kg,184.06,11,2024.66,2,40.49,1984.17,1786.65,Delivered,0,0.0,Indirect,Cash
ORD102458,2024-01-03,Jan-2024,South,Tamil Nadu,Coimbatore,D023,Coimbatore Marketing,Super Stockist,OUT0028,Kirana/General Store,SP026_Anjali,Home Care,CleanWave Detergent 1kg,262.86,31,8148.66,5,407.43,7741.23,8481.49,Delivered,0,0.0,Indirect,Credit
ORD100607,2024-01-03,Jan-2024,North,Delhi,New Delhi,D003,New Delhi Traders,Super Stockist,OUT0081,Wholesale Shop,SP028_Neha,Snacks & Confectionery,CrispBite Chips 100g,54.08,14,757.12,5,37.86,719.26,881.33,Delivered,0,0.0,Indirect,UPI/Online
ORD101562,2024-01-03,Jan-2024,West,Gujarat,Surat,D027,Surat Agencies,Wholesaler,OUT0107,Wholesale Shop,SP034_Kavita,Beverages,FreshSip Cola 250ml,140.53,50,7026.5,2,140.53,6885.97,6098.78,Delivered,0,0.0,Direct,Credit
ORD102122,2024-01-03,Jan-2024,East,Odisha,Bhubaneswar,D007,Bhubaneswar Distribution Co,Super Stockist,OUT0062,Modern Trade,SP024_Sneha,Personal Care,ShinyLocks Shampoo 200ml,206.6,47,9710.2,2,194.2,9516.0,11518.89,Delivered,0,0.0,Indirect,Cash
ORD101605,2024-01-03,Jan-2024,West,Rajasthan,Jodhpur,D013,Jodhpur Distribution Co,Super Stockist,OUT0177,Wholesale Shop,SP008_Neha,Beverages,OrangeZest Juice 1L,124.52,3,373.56,0,0.0,373.56,351.89,Delivered,0,0.0,Indirect,Cash
ORD103990,2024-01-03,Jan-2024,North,Uttar Pradesh,Lucknow,D010,Lucknow Marketing,Distributor,OUT0197,Modern Trade,SP009_Karan,Beverages,OrangeZest Juice 1L,178.1,23,4096.3,0,0.0,4096.3,4242.9,Delivered,0,0.0,Direct,UPI/Online
ORD102101,2024-01-03,Jan-2024,Central,Madhya Pradesh,Bhopal,D029,Bhopal Distribution Co,Super Stockist,OUT0084,Wholesale Shop,SP037_Sanjay,Home Care,PureAir Freshener 250ml,302.26,44,13299.44,0,0.0,13299.44,16233.3,Delivered,0,0.0,Direct,UPI/Online
ORD103508,2024-01-03,Jan-2024,Central,Chhattisgarh,Raipur,D026,Raipur Agencies,Distributor,OUT0147,Supermarket,SP018_Rina,Dairy & Food Staples,GoldenGrain Atta 5kg,192.33,25,4808.25,0,0.0,4808.25,5876.14,Delivered,0,0.0,Indirect,UPI/Online
ORD100350,2024-01-03,Jan-2024,Central,Madhya Pradesh,Jabalpur,D030,Jabalpur Distribution Co,Distributor,OUT0181,Wholesale Shop,SP037_Sanjay,Snacks & Confectionery,CrispBite Chips 100g,305.31,32,9769.92,2,195.4,9574.52,8562.38,Returned,5,1526.55,Indirect,Cash
ORD102415,2024-01-04,Jan-2024,East,Bihar,Patna,D014,Patna Distribution Co,Wholesaler,OUT0043,Modern Trade,SP010_Pooja,Personal Care,SilkTouch Lotion 200ml,44.24,55,2433.2,0,0.0,2433.2,2436.81,Delivered,0,0.0,Direct,Credit
ORD103685,2024-01-04,Jan-2024,Central,Madhya Pradesh,Jabalpur,D004,Jabalpur Traders,Wholesaler,OUT0056,Kirana/General Store,SP026_Anjali,Home Care,ShineFloor Cleaner 1L,231.38,19,4396.22,2,87.92,4308.3,3824.3,Delivered,0,0.0,Direct,Cash
ORD103074,2024-01-04,Jan-2024,South,Telangana,Hyderabad,D012,Hyderabad Traders,Super Stockist,OUT0183,Modern Trade,SP030_Pooja,Beverages,FreshSip Cola 250ml,284.43,15,4266.45,0,0.0,4266.45,4782.58,Delivered,0,0.0,Direct,UPI/Online
ORD103610,2024-01-04,Jan-2024,North,Punjab,Ludhiana,D015,Ludhiana Traders,Distributor,OUT0021,Kirana/General Store,SP010_Pooja,Snacks & Confectionery,CrispBite Chips 50g,274.5,39,10705.5,0,0.0,10705.5,12264.1,Delivered,0,0.0,Indirect,Credit
ORD100589,2024-01-04,Jan-2024,North,Uttar Pradesh,Lucknow,D008,Lucknow Distribution Co,Distributor,OUT0161,Kirana/General Store,SP028_Neha,Beverages,FreshSip Cola 500ml,147.82,17,2512.94,0,0.0,2512.94,2663.45,Pending,0,0.0,Indirect,Cash
ORD100329,2024-01-04,Jan-2024,Central,Chhattisgarh,Raipur,D005,Raipur Enterprises,Wholesaler,OUT0102,Convenience Store,SP029_Karan,Personal Care,SilkTouch Lotion 200ml,86.45,14,1210.3,8,96.82,1113.48,1037.71,Delivered,0,0.0,Indirect,Credit
ORD102909,2024-01-04,Jan-2024,South,Karnataka,Bengaluru,D002,Bengaluru Marketing,Distributor,OUT0124,Kirana/General Store,SP004_Sneha,Beverages,FreshSip Cola 250ml,302.71,15,4540.65,8,363.25,4177.4,5091.08,Delivered,0,0.0,Indirect,UPI/Online
ORD101963,2024-01-05,Jan-2024,North,Delhi,New Delhi,D001,New Delhi Traders,Super Stockist,OUT0149,Supermarket,SP013_Manoj,Home Care,CleanWave Detergent 1kg,84.23,27,2274.21,12,272.91,2001.3,2466.85,Cancelled,0,0.0,Indirect,Credit
ORD101999,2024-01-05,Jan-2024,West,Gujarat,Surat,D027,Surat Agencies,Wholesaler,OUT0058,Kirana/General Store,SP038_Rina,Personal Care,SilkTouch Lotion 200ml,147.29,33,4860.57,5,243.03,4617.54,5711.56,Delivered,0,0.0,Direct,Cash
ORD103688,2024-01-05,Jan-2024,West,Gujarat,Surat,D027,Surat Agencies,Wholesaler,OUT0160,Supermarket,SP038_Rina,Dairy & Food Staples,PureDrop Milk 500ml,125.76,13,1634.88,5,81.74,1553.14,1812.96,Delivered,0,0.0,Direct,Cash
ORD100698,2024-01-05,Jan-2024,West,Rajasthan,Jodhpur,D013,Jodhpur Distribution Co,Super Stockist,OUT0177,Wholesale Shop,SP019_Deepak,Home Care,ShineFloor Cleaner 1L,92.76,40,3710.4,0,0.0,3710.4,4287.28,Delivered,0,0.0,Direct,Credit
ORD100661,2024-01-05,Jan-2024,North,Delhi,New Delhi,D001,New Delhi Traders,Super Stockist,OUT0180,Wholesale Shop,SP022_Amit,Personal Care,ShinyLocks Shampoo 200ml,20.37,24,488.88,0,0.0,488.88,539.47,Delivered,0,0.0,Direct,Credit
ORD103093,2024-01-05,Jan-2024,Central,Chhattisgarh,Raipur,D022,Raipur Agencies,Super Stockist,OUT0195,Supermarket,SP012_Divya,Dairy & Food Staples,SunRice Basmati 1kg,275.07,20,5501.4,5,275.07,5226.33,5032.05,Pending,0,0.0,Direct,UPI/Online
ORD103372,2024-01-05,Jan-2024,West,Goa,Panaji,D019,Panaji Traders,Distributor,OUT0076,Modern Trade,SP009_Karan,Beverages,FreshSip Cola 500ml,295.63,22,6503.86,10,650.39,5853.47,5408.95,Delivered,0,0.0,Indirect,UPI/Online
ORD101412,2024-01-05,Jan-2024,South,Karnataka,Mysuru,D017,Mysuru Enterprises,Distributor,OUT0176,Kirana/General Store,SP025_Vikram,Dairy & Food Staples,GoldenGrain Atta 5kg,209.25,17,3557.25,0,0.0,3557.25,4351.39,Delivered,0,0.0,Indirect,Cash
ORD101408,2024-01-06,Jan-2024,West,Goa,Panaji,D019,Panaji Traders,Distributor,OUT0026,Supermarket,SP012_Divya,Home Care,SparkleShine Dishwash 500ml,213.44,38,8110.72,0,0.0,8110.72,7306.73,Returned,7,1494.08,Indirect,Cash
ORD101150,2024-01-06,Jan-2024,North,Delhi,New Delhi,D003,New Delhi Traders,Super Stockist,OUT0184,Convenience Store,SP026_Anjali,Dairy & Food Staples,PureDrop Milk 500ml,272.83,20,5456.6,2,109.13,5347.47,6543.14,Delivered,0,0.0,Direct,Credit
ORD102374,2024-01-06,Jan-2024,West,Goa,Panaji,D019,Panaji Traders,Distributor,OUT0026,Supermarket,SP014_Kavita,Snacks & Confectionery,ChocoNut Bar 40g,296.83,23,6827.09,8,546.17,6280.92,5843.98,Delivered,0,0.0,Direct,UPI/Online
ORD100261,2024-01-06,Jan-2024,North,Uttar Pradesh,Lucknow,D010,Lucknow Marketing,Distributor,OUT0067,Modern Trade,SP030_Pooja,Personal Care,ShinyLocks Shampoo 200ml,151.77,23,3490.71,2,69.81,3420.9,3029.72,Delivered,0,0.0,Direct,Cash
ORD101244,2024-01-06,Jan-2024,West,Rajasthan,Jodhpur,D013,Jodhpur Distribution Co,Super Stockist,OUT0019,Convenience Store,SP019_Deepak,Personal Care,GlowSoft Soap 100g,331.77,20,6635.4,5,331.77,6303.63,5911.09,Delivered,0,0.0,Indirect,Cash
ORD100598,2024-01-06,Jan-2024,South,Telangana,Hyderabad,D012,Hyderabad Traders,Super Stockist,OUT0142,Wholesale Shop,SP037_Sanjay,Dairy & Food Staples,GoldenGrain Atta 5kg,318.44,30,9553.2,0,0.0,9553.2,10655.73,Delivered,0,0.0,Direct,Cash
ORD103553,2024-01-06,Jan-2024,East,Bihar,Patna,D014,Patna Distribution Co,Wholesaler,OUT0043,Modern Trade,SP015_Arjun,Personal Care,FreshBreath Toothpaste 150g,329.79,1,329.79,2,6.6,323.19,389.81,Delivered,0,0.0,Indirect,Credit
ORD103274,2024-01-06,Jan-2024,East,West Bengal,Kolkata,D006,Kolkata Enterprises,Distributor,OUT0064,Modern Trade,SP020_Shreya,Dairy & Food Staples,GoldenGrain Atta 5kg,233.04,50,11652.0,2,233.04,11418.96,12590.9,Cancelled,0,0.0,Indirect,Credit
ORD102050,2024-01-06,Jan-2024,Central,Chhattisgarh,Raipur,D009,Raipur Enterprises,Wholesaler,OUT0164,Kirana/General Store,SP039_Deepak,Beverages,OrangeZest Juice 1L,163.55,37,6051.35,5,302.57,5748.78,5358.46,Delivered,0,0.0,Indirect,UPI/Online
ORD102495,2024-01-06,Jan-2024,Central,Chhattisgarh,Raipur,D026,Raipur Agencies,Distributor,OUT0151,Modern Trade,SP038_Rina,Home Care,CleanWave Detergent 1kg,59.35,23,1365.05,0,0.0,1365.05,1396.44,Delivered,0,0.0,Indirect,UPI/Online
ORD103452,2024-01-06,Jan-2024,West,Goa,Panaji,D024,Panaji Marketing,Distributor,OUT0115,Wholesale Shop,SP014_Kavita,Home Care,SparkleShine Dishwash 500ml,165.52,7,1158.64,0,0.0,1158.64,1244.15,Delivered,0,0.0,Direct,Cash
ORD101546,2024-01-06,Jan-2024,South,Tamil Nadu,Coimbatore,D020,Coimbatore Marketing,Distributor,OUT0144,Supermarket,SP038_Rina,Dairy & Food Staples,GoldenGrain Atta 5kg,187.44,23,4311.12,0,0.0,4311.12,4619.7,Delivered,0,0.0,Direct,UPI/Online
ORD101822,2024-01-06,Jan-2024,North,Delhi,New Delhi,D003,New Delhi Traders,Super Stockist,OUT0082,Supermarket,SP001_Rahul,Home Care,SparkleShine Dishwash 500ml,327.04,22,7194.88,8,575.59,6619.29,7069.42,Delivered,0,0.0,Direct,Cash
ORD101016,2024-01-07,Jan-2024,East,Bihar,Patna,D014,Patna Distribution Co,Wholesaler,OUT0173,Convenience Store,SP006_Anjali,Home Care,CleanWave Detergent 1kg,234.82,18,4226.76,0,0.0,4226.76,4600.84,Returned,4,939.28,Indirect,UPI/Online
ORD103407,2024-01-07,Jan-2024,North,Uttar Pradesh,Lucknow,D008,Lucknow Distribution Co,Distributor,OUT0054,Kirana/General Store,SP007_Suresh,Personal Care,SilkTouch Lotion 200ml,272.86,7,1910.02,0,0.0,1910.02,2180.38,Delivered,0,0.0,Indirect,Cash
ORD100731,2024-01-07,Jan-2024,North,Uttar Pradesh,Lucknow,D008,Lucknow Distribution Co,Distributor,OUT0054,Kirana/General Store,SP004_Sneha,Home Care,CleanWave Detergent 1kg,92.81,17,1577.77,10,157.78,1419.99,1590.33,Delivered,0,0.0,Indirect,UPI/Online
ORD103818,2024-01-07,Jan-2024,Central,Chhattisgarh,Raipur,D011,Raipur Agencies,Super Stockist,OUT0125,Supermarket,SP014_Kavita,Home Care,SparkleShine Dishwash 500ml,332.73,16,5323.68,0,0.0,5323.68,4656.74,Delivered,0,0.0,Indirect,Cash
ORD100710,2024-01-07,Jan-2024,North,Delhi,New Delhi,D003,New Delhi Traders,Super Stockist,OUT0032,Wholesale Shop,SP016_Meera,Snacks & Confectionery,SweetPuff Biscuit 100g,176.78,12,2121.36,12,254.56,1866.8,2239.64,Delivered,0,0.0,Indirect,Credit
ORD102257,2024-01-07,Jan-2024,Central,Madhya Pradesh,Bhopal,D029,Bhopal Distribution Co,Super Stockist,OUT0148,Modern Trade,SP019_Deepak,Beverages,FreshSip Cola 250ml,305.34,28,8549.52,0,0.0,8549.52,10545.81,Delivered,0,0.0,Indirect,Credit
ORD102381,2024-01-07,Jan-2024,East,Odisha,Bhubaneswar,D007,Bhubaneswar Distribution Co,Super Stockist,OUT0035,Wholesale Shop,SP010_Pooja,Snacks & Confectionery,SweetPuff Biscuit 100g,346.86,44,15261.84,8,1220.95,14040.89,15685.11,Delivered,0,0.0,Indirect,Credit
ORD101479,2024-01-07,Jan-2024,Central,Madhya Pradesh,Bhopal,D029,Bhopal Distribution Co,Super Stockist,OUT0003,Convenience Store,SP013_Manoj,Beverages,OrangeZest Juice 1L,228.98,15,3434.7,0,0.0,3434.7,3304.37,Delivered,0,0.0,Indirect,Cash
ORD100995,2024-01-07,Jan-2024,Central,Chhattisgarh,Raipur,D005,Raipur Enterprises,Wholesaler,OUT0036,Wholesale Shop,SP027_Suresh,Dairy & Food Staples,DailyFresh Ghee 500ml,285.05,14,3990.7,2,79.81,3910.89,3561.12,Delivered,0,0.0,Direct,Credit
ORD103213,2024-01-07,Jan-2024,Central,Chhattisgarh,Raipur,D009,Raipur Enterprises,Wholesaler,OUT0013,Wholesale Shop,SP025_Vikram,Beverages,FreshSip Cola 500ml,43.11,37,1595.07,12,191.41,1403.66,1376.9,Delivered,0,0.0,Direct,Credit
ORD101730,2024-01-07,Jan-2024,North,Delhi,New Delhi,D003,New Delhi Traders,Super Stockist,OUT0032,Wholesale Shop,SP029_Karan,Personal Care,FreshBreath Toothpaste 150g,226.53,14,3171.42,5,158.57,3012.85,3541.99,Delivered,0,0.0,Indirect,Cash
ORD102948,2024-01-07,Jan-2024,Central,Madhya Pradesh,Jabalpur,D025,Jabalpur Agencies,Wholesaler,OUT0165,Convenience Store,SP004_Sneha,Beverages,MintCool Soda 300ml,241.93,25,6048.25,0,0.0,6048.25,5941.81,Delivered,0,0.0,Indirect,UPI/Online
ORD100430,2024-01-07,Jan-2024,Central,Madhya Pradesh,Jabalpur,D030,Jabalpur Distribution Co,Distributor,OUT0016,Wholesale Shop,SP024_Sneha,Snacks & Confectionery,CrispBite Chips 100g,337.95,61,20614.95,8,1649.2,18965.75,20075.6,Delivered,0,0.0,Direct,Credit
ORD100408,2024-01-07,Jan-2024,Central,Madhya Pradesh,Bhopal,D029,Bhopal Distribution Co,Super Stockist,OUT0063,Kirana/General Store,SP012_Divya,Beverages,MintCool Soda 300ml,45.36,47,2131.92,0,0.0,2131.92,2155.69,Delivered,0,0.0,Direct,Cash
ORD101912,2024-01-07,Jan-2024,East,Bihar,Patna,D014,Patna Distribution Co,Wholesaler,OUT0088,Wholesale Shop,SP010_Pooja,Personal Care,FreshBreath Toothpaste 150g,275.31,20,5506.2,10,550.62,4955.58,5936.41,Delivered,0,0.0,Direct,Credit
ORD102887,2024-01-08,Jan-2024,Central,Chhattisgarh,Raipur,D005,Raipur Enterprises,Wholesaler,OUT0136,Kirana/General Store,SP037_Sanjay,Snacks & Confectionery,SweetPuff Biscuit 100g,262.13,20,5242.6,0,0.0,5242.6,5953.27,Delivered,0,0.0,Indirect,UPI/Online
ORD103349,2024-01-08,Jan-2024,North,Uttar Pradesh,Lucknow,D008,Lucknow Distribution Co,Distributor,OUT0092,Convenience Store,SP001_Rahul,Personal Care,GlowSoft Soap 100g,230.5,21,4840.5,0,0.0,4840.5,5244.85,Delivered,0,0.0,Indirect,Cash
ORD100715,2024-01-08,Jan-2024,East,Bihar,Patna,D014,Patna Distribution Co,Wholesaler,OUT0043,Modern Trade,SP003_Priya,Personal Care,GlowSoft Soap 100g,150.68,40,6027.2,0,0.0,6027.2,7243.73,Returned,7,1054.76,Indirect,Cash
ORD103420,2024-01-08,Jan-2024,East,Bihar,Patna,D014,Patna Distribution Co,Wholesaler,OUT0173,Convenience Store,SP033_Manoj,Dairy & Food Staples,DailyFresh Ghee 500ml,59.72,15,895.8,8,71.66,824.14,970.14,Delivered,0,0.0,Indirect,Credit
ORD102121,2024-01-08,Jan-2024,North,Punjab,Amritsar,D018,Amritsar Traders,Wholesaler,OUT0012,Supermarket,SP019_Deepak,Home Care,SparkleShine Dishwash 500ml,137.66,39,5368.74,0,0.0,5368.74,6022.46,Delivered,0,0.0,Indirect,Cash
ORD100067,2024-01-08,Jan-2024,South,Telangana,Hyderabad,D012,Hyderabad Traders,Super Stockist,OUT0142,Wholesale Shop,SP030_Pooja,Home Care,CleanWave Detergent 1kg,268.28,39,10462.92,8,837.03,9625.89,10085.7,Delivered,0,0.0,Direct,Cash
ORD100111,2024-01-08,Jan-2024,North,Uttar Pradesh,Lucknow,D008,Lucknow Distribution Co,Distributor,OUT0092,Convenience Store,SP004_Sneha,Snacks & Confectionery,ChocoNut Bar 40g,221.5,11,2436.5,5,121.82,2314.68,2412.95,Delivered,0,0.0,Direct,Credit
ORD103470,2024-01-08,Jan-2024,North,Punjab,Amritsar,D018,Amritsar Traders,Wholesaler,OUT0025,Supermarket,SP032_Divya,Personal Care,ShinyLocks Shampoo 200ml,58.23,72,4192.56,0,0.0,4192.56,4726.08,Delivered,0,0.0,Indirect,Credit
ORD100516,2024-01-08,Jan-2024,West,Rajasthan,Jodhpur,D013,Jodhpur Distribution Co,Super Stockist,OUT0083,Kirana/General Store,SP016_Meera,Dairy & Food Staples,GoldenGrain Atta 5kg,198.5,39,7741.5,2,154.83,7586.67,9090.43,Delivered,0,0.0,Direct,Cash
ORD102836,2024-01-08,Jan-2024,South,Tamil Nadu,Coimbatore,D023,Coimbatore Marketing,Super Stockist,OUT0028,Kirana/General Store,SP009_Karan,Home Care,ShineFloor Cleaner 1L,256.04,11,2816.44,0,0.0,2816.44,2778.6,Returned,2,512.08,Indirect,UPI/Online
ORD103167,2024-01-09,Jan-2024,South,Karnataka,Mysuru,D017,Mysuru Enterprises,Distributor,OUT0079,Kirana/General Store,SP017_Sanjay,Beverages,FreshSip Cola 250ml,287.99,34,9791.66,0,0.0,9791.66,10576.49,Delivered,0,0.0,Direct,UPI/Online
ORD103559,2024-01-09,Jan-2024,Central,Madhya Pradesh,Jabalpur,D025,Jabalpur Agencies,Wholesaler,OUT0009,Wholesale Shop,SP017_Sanjay,Dairy & Food Staples,GoldenGrain Atta 5kg,184.89,26,4807.14,0,0.0,4807.14,4188.34,Delivered,0,0.0,Indirect,Cash
ORD103395,2024-01-09,Jan-2024,Central,Madhya Pradesh,Bhopal,D029,Bhopal Distribution Co,Super Stockist,OUT0103,Kirana/General Store,SP008_Neha,Personal Care,FreshBreath Toothpaste 150g,206.55,43,8881.65,2,177.63,8704.02,7413.63,Pending,0,0.0,Indirect,Cash
ORD101498,2024-01-09,Jan-2024,West,Rajasthan,Jodhpur,D013,Jodhpur Distribution Co,Super Stockist,OUT0093,Supermarket,SP004_Sneha,Dairy & Food Staples,SunRice Basmati 1kg,309.18,32,9893.76,2,197.88,9695.88,11780.44,Pending,0,0.0,Indirect,Cash
ORD101992,2024-01-09,Jan-2024,Central,Madhya Pradesh,Jabalpur,D030,Jabalpur Distribution Co,Distributor,OUT0145,Supermarket,SP035_Arjun,Home Care,CleanWave Detergent 1kg,297.93,3,893.79,2,17.88,875.91,951.82,Delivered,0,0.0,Indirect,Credit
ORD103697,2024-01-09,Jan-2024,Central,Chhattisgarh,Raipur,D022,Raipur Agencies,Super Stockist,OUT0162,Supermarket,SP025_Vikram,Dairy & Food Staples,PureDrop Milk 500ml,180.32,19,3426.08,0,0.0,3426.08,3294.12,Delivered,0,0.0,Indirect,UPI/Online
ORD101355,2024-01-09,Jan-2024,West,Rajasthan,Jodhpur,D013,Jodhpur Distribution Co,Super Stockist,OUT0163,Convenience Store,SP021_Rahul,Personal Care,GlowSoft Soap 100g,189.58,21,3981.18,0,0.0,3981.18,3599.05,Delivered,0,0.0,Indirect,UPI/Online
ORD103149,2024-01-09,Jan-2024,South,Tamil Nadu,Coimbatore,D023,Coimbatore Marketing,Super Stockist,OUT0108,Convenience Store,SP039_Deepak,Beverages,MintCool Soda 300ml,285.84,6,1715.04,2,34.3,1680.74,1771.77,Returned,2,571.68,Indirect,Cash
ORD102444,2024-01-09,Jan-2024,Central,Chhattisgarh,Raipur,D009,Raipur Enterprises,Wholesaler,OUT0171,Kirana/General Store,SP021_Rahul,Personal Care,FreshBreath Toothpaste 150g,236.33,20,4726.6,0,0.0,4726.6,5715.09,Delivered,0,0.0,Indirect,Cash
ORD103784,2024-01-09,Jan-2024,South,Karnataka,Mysuru,D017,Mysuru Enterprises,Distributor,OUT0120,Modern Trade,SP007_Suresh,Snacks & Confectionery,ChocoNut Bar 40g,293.43,30,8802.9,0,0.0,8802.9,10339.51,Delivered,0,0.0,Direct,Cash
ORD101130,2024-01-10,Jan-2024,South,Tamil Nadu,Coimbatore,D020,Coimbatore Marketing,Distributor,OUT0109,Wholesale Shop,SP027_Suresh,Dairy & Food Staples,DailyFresh Ghee 500ml,184.2,25,4605.0,0,0.0,4605.0,4710.8,Delivered,0,0.0,Indirect,Credit
ORD103217,2024-01-10,Jan-2024,Central,Chhattisgarh,Raipur,D011,Raipur Agencies,Super Stockist,OUT0168,Kirana/General Store,SP003_Priya,Beverages,MintCool Soda 300ml,145.93,7,1021.51,0,0.0,1021.51,1119.77,Delivered,0,0.0,Direct,UPI/Online
ORD102235,2024-01-10,Jan-2024,Central,Madhya Pradesh,Bhopal,D029,Bhopal Distribution Co,Super Stockist,OUT0131,Supermarket,SP027_Suresh,Personal Care,SilkTouch Lotion 200ml,283.57,25,7089.25,0,0.0,7089.25,6440.13,Returned,1,283.57,Indirect,UPI/Online
ORD100140,2024-01-10,Jan-2024,East,Odisha,Bhubaneswar,D007,Bhubaneswar Distribution Co,Super Stockist,OUT0118,Convenience Store,SP026_Anjali,Beverages,OrangeZest Juice 1L,256.27,21,5381.67,0,0.0,5381.67,4616.85,Delivered,0,0.0,Indirect,UPI/Online
ORD103472,2024-01-10,Jan-2024,Central,Madhya Pradesh,Jabalpur,D004,Jabalpur Traders,Wholesaler,OUT0056,Kirana/General Store,SP003_Priya,Beverages,MintCool Soda 300ml,69.1,12,829.2,5,41.46,787.74,867.23,Cancelled,0,0.0,Indirect,Credit
ORD101183,2024-01-10,Jan-2024,North,Uttar Pradesh,Lucknow,D010,Lucknow Marketing,Distributor,OUT0071,Supermarket,SP029_Karan,Snacks & Confectionery,CrispBite Chips 100g,153.49,32,4911.68,0,0.0,4911.68,6081.97,Delivered,0,0.0,Indirect,UPI/Online
ORD101027,2024-01-10,Jan-2024,South,Tamil Nadu,Coimbatore,D020,Coimbatore Marketing,Distributor,OUT0196,Wholesale Shop,SP025_Vikram,Beverages,MintCool Soda 300ml,136.24,33,4495.92,2,89.92,4406.0,4493.76,Delivered,0,0.0,Indirect,Cash
ORD101002,2024-01-10,Jan-2024,North,Uttar Pradesh,Lucknow,D010,Lucknow Marketing,Distributor,OUT0199,Convenience Store,SP003_Priya,Home Care,ShineFloor Cleaner 1L,224.46,37,8305.02,0,0.0,8305.02,7579.54,Pending,0,0.0,Direct,Cash
ORD103309,2024-01-11,Jan-2024,East,Bihar,Patna,D014,Patna Distribution Co,Wholesaler,OUT0015,Supermarket,SP018_Rina,Home Care,PureAir Freshener 250ml,270.95,16,4335.2,0,0.0,4335.2,5339.56,Returned,1,270.95,Indirect,Cash
ORD101038,2024-01-11,Jan-2024,South,Karnataka,Bengaluru,D002,Bengaluru Marketing,Distributor,OUT0179,Modern Trade,SP037_Sanjay,Home Care,CleanWave Detergent 1kg,215.52,69,14870.88,0,0.0,14870.88,18294.18,Delivered,0,0.0,Indirect,Credit
ORD103273,2024-01-11,Jan-2024,North,Punjab,Amritsar,D018,Amritsar Traders,Wholesaler,OUT0192,Supermarket,SP006_Anjali,Beverages,FreshSip Cola 250ml,338.13,12,4057.56,0,0.0,4057.56,4795.53,Delivered,0,0.0,Indirect,UPI/Online
ORD100495,2024-01-11,Jan-2024,East,Odisha,Bhubaneswar,D007,Bhubaneswar Distribution Co,Super Stockist,OUT0200,Modern Trade,SP012_Divya,Beverages,MintCool Soda 300ml,99.87,16,1597.92,0,0.0,1597.92,1919.08,Delivered,0,0.0,Indirect,UPI/Online
ORD100460,2024-01-11,Jan-2024,North,Delhi,New Delhi,D003,New Delhi Traders,Super Stockist,OUT0082,Supermarket,SP025_Vikram,Personal Care,GlowSoft Soap 100g,187.28,43,8053.04,0,0.0,8053.04,9329.04,Delivered,0,0.0,Direct,Cash
ORD101474,2024-01-11,Jan-2024,East,Odisha,Bhubaneswar,D028,Bhubaneswar Distribution Co,Wholesaler,OUT0080,Supermarket,SP039_Deepak,Snacks & Confectionery,CrispBite Chips 100g,326.22,52,16963.44,0,0.0,16963.44,17785.96,Delivered,0,0.0,Indirect,UPI/Online
ORD101248,2024-01-11,Jan-2024,West,Goa,Panaji,D024,Panaji Marketing,Distributor,OUT0174,Convenience Store,SP022_Amit,Snacks & Confectionery,SweetPuff Biscuit 100g,38.65,15,579.75,2,11.6,568.15,600.18,Delivered,0,0.0,Indirect,Cash
ORD101998,2024-01-11,Jan-2024,Central,Madhya Pradesh,Bhopal,D029,Bhopal Distribution Co,Super Stockist,OUT0103,Kirana/General Store,SP002_Amit,Dairy & Food Staples,DailyFresh Ghee 500ml,213.39,50,10669.5,0,0.0,10669.5,12919.46,Delivered,0,0.0,Direct,Credit
ORD101598,2024-01-11,Jan-2024,West,Goa,Panaji,D024,Panaji Marketing,Distributor,OUT0073,Wholesale Shop,SP009_Karan,Beverages,FreshSip Cola 250ml,271.77,28,7609.56,10,760.96,6848.6,7199.82,Delivered,0,0.0,Indirect,Credit
ORD102080,2024-01-11,Jan-2024,North,Uttar Pradesh,Lucknow,D008,Lucknow Distribution Co,Distributor,OUT0157,Supermarket,SP037_Sanjay,Home Care,ShineFloor Cleaner 1L,153.23,19,2911.37,12,349.36,2562.01,3014.94,Delivered,0,0.0,Indirect,UPI/Online
ORD102294,2024-01-11,Jan-2024,Central,Chhattisgarh,Raipur,D022,Raipur Agencies,Super Stockist,OUT0182,Supermarket,SP027_Suresh,Dairy & Food Staples,DailyFresh Ghee 500ml,257.44,59,15188.96,0,0.0,15188.96,13795.03,Delivered,0,0.0,Indirect,Cash
ORD103578,2024-01-12,Jan-2024,Central,Madhya Pradesh,Jabalpur,D004,Jabalpur Traders,Wholesaler,OUT0172,Wholesale Shop,SP030_Pooja,Personal Care,ShinyLocks Shampoo 200ml,167.56,8,1340.48,2,26.81,1313.67,1343.41,Delivered,0,0.0,Direct,Cash
ORD103486,2024-01-12,Jan-2024,East,Odisha,Bhubaneswar,D028,Bhubaneswar Distribution Co,Wholesaler,OUT0044,Kirana/General Store,SP037_Sanjay,Beverages,FreshSip Cola 250ml,279.45,17,4750.65,5,237.53,4513.12,4933.48,Delivered,0,0.0,Indirect,Cash
ORD103400,2024-01-12,Jan-2024,Central,Madhya Pradesh,Bhopal,D029,Bhopal Distribution Co,Super Stockist,OUT0104,Supermarket,SP023_Priya,Home Care,PureAir Freshener 250ml,261.82,47,12305.54,2,246.11,12059.43,11023.31,Delivered,0,0.0,Indirect,Cash
ORD101185,2024-01-12,Jan-2024,East,Bihar,Patna,D014,Patna Distribution Co,Wholesaler,OUT0088,Wholesale Shop,SP021_Rahul,Home Care,SparkleShine Dishwash 500ml,199.32,57,11361.24,0,0.0,11361.24,12902.37,Delivered,0,0.0,Indirect,UPI/Online
ORD102891,2024-01-12,Jan-2024,North,Delhi,New Delhi,D003,New Delhi Traders,Super Stockist,OUT0023,Convenience Store,SP030_Pooja,Snacks & Confectionery,SweetPuff Biscuit 100g,310.91,19,5907.29,5,295.36,5611.93,6739.16,Delivered,0,0.0,Indirect,Credit
ORD103572,2024-01-12,Jan-2024,Central,Madhya Pradesh,Bhopal,D029,Bhopal Distribution Co,Super Stockist,OUT0104,Supermarket,SP012_Divya,Home Care,CleanWave Detergent 1kg,120.59,35,4220.65,2,84.41,4136.24,4897.21,Returned,9,1085.31,Indirect,Cash
ORD102781,2024-01-12,Jan-2024,South,Karnataka,Mysuru,D017,Mysuru Enterprises,Distributor,OUT0188,Convenience Store,SP002_Amit,Dairy & Food Staples,DailyFresh Ghee 500ml,22.62,6,135.72,0,0.0,135.72,143.32,Delivered,0,0.0,Indirect,UPI/Online
ORD103796,2024-01-12,Jan-2024,South,Tamil Nadu,Coimbatore,D023,Coimbatore Marketing,Super Stockist,OUT0108,Convenience Store,SP010_Pooja,Snacks & Confectionery,CrispBite Chips 100g,254.93,13,3314.09,0,0.0,3314.09,3996.98,Delivered,0,0.0,Direct,UPI/Online
ORD102451,2024-01-12,Jan-2024,West,Goa,Panaji,D024,Panaji Marketing,Distributor,OUT0007,Modern Trade,SP009_Karan,Personal Care,FreshBreath Toothpaste 150g,343.11,41,14067.51,5,703.38,13364.13,11682.21,Delivered,0,0.0,Direct,Cash
ORD100270,2024-01-12,Jan-2024,Central,Chhattisgarh,Raipur,D005,Raipur Enterprises,Wholesaler,OUT0102,Convenience Store,SP005_Vikram,Personal Care,GlowSoft Soap 100g,68.3,18,1229.4,0,0.0,1229.4,1111.46,Delivered,0,0.0,Indirect,UPI/Online
ORD103013,2024-01-12,Jan-2024,Central,Madhya Pradesh,Bhopal,D029,Bhopal Distribution Co,Super Stockist,OUT0138,Kirana/General Store,SP033_Manoj,Beverages,OrangeZest Juice 1L,244.12,19,4638.28,2,92.77,4545.51,3967.03,Returned,5,1220.6,Indirect,Credit
ORD101377,2024-01-12,Jan-2024,Central,Chhattisgarh,Raipur,D022,Raipur Agencies,Super Stockist,OUT0141,Kirana/General Store,SP023_Priya,Home Care,PureAir Freshener 250ml,304.57,9,2741.13,5,137.06,2604.07,2444.17,Delivered,0,0.0,Indirect,Credit
ORD102138,2024-01-13,Jan-2024,Central,Chhattisgarh,Raipur,D009,Raipur Enterprises,Wholesaler,OUT0113,Kirana/General Store,SP036_Meera,Beverages,FreshSip Cola 500ml,57.03,25,1425.75,0,0.0,1425.75,1315.99,Returned,5,285.15,Indirect,Cash
ORD100591,2024-01-13,Jan-2024,East,Odisha,Bhubaneswar,D007,Bhubaneswar Distribution Co,Super Stockist,OUT0118,Convenience Store,SP012_Divya,Personal Care,GlowSoft Soap 100g,107.61,10,1076.1,5,53.8,1022.3,1215.76,Delivered,0,0.0,Direct,Cash
ORD102233,2024-01-13,Jan-2024,East,Odisha,Bhubaneswar,D028,Bhubaneswar Distribution Co,Wholesaler,OUT0014,Wholesale Shop,SP010_Pooja,Snacks & Confectionery,SweetPuff Biscuit 100g,182.34,18,3282.12,8,262.57,3019.55,3187.83,Returned,1,182.34,Direct,Cash
ORD100003,2024-01-13,Jan-2024,North,Punjab,Amritsar,D018,Amritsar Traders,Wholesaler,OUT0012,Supermarket,SP030_Pooja,Snacks & Confectionery,SweetPuff Biscuit 100g,66.03,12,792.36,2,15.85,776.51,903.91,Delivered,0,0.0,Indirect,Cash
ORD102114,2024-01-13,Jan-2024,Central,Chhattisgarh,Raipur,D021,Raipur Traders,Super Stockist,OUT0126,Convenience Store,SP025_Vikram,Beverages,OrangeZest Juice 1L,201.26,12,2415.12,2,48.3,2366.82,2519.65,Delivered,0,0.0,Indirect,UPI/Online
ORD102765,2024-01-13,Jan-2024,Central,Chhattisgarh,Raipur,D022,Raipur Agencies,Super Stockist,OUT0194,Modern Trade,SP032_Divya,Beverages,FreshSip Cola 250ml,305.57,44,13445.08,8,1075.61,12369.47,15371.83,Delivered,0,0.0,Direct,UPI/Online
ORD100814,2024-01-13,Jan-2024,South,Karnataka,Mysuru,D017,Mysuru Enterprises,Distributor,OUT0120,Modern Trade,SP027_Suresh,Beverages,FreshSip Cola 500ml,222.68,21,4676.28,0,0.0,4676.28,5541.34,Delivered,0,0.0,Indirect,Credit
ORD103030,2024-01-13,Jan-2024,North,Punjab,Ludhiana,D015,Ludhiana Traders,Distributor,OUT0095,Convenience Store,SP031_Ravi,Personal Care,GlowSoft Soap 100g,124.79,108,13477.32,0,0.0,13477.32,16542.06,Returned,3,374.37,Direct,Cash
ORD100794,2024-01-13,Jan-2024,South,Karnataka,Bengaluru,D002,Bengaluru Marketing,Distributor,OUT0046,Modern Trade,SP017_Sanjay,Home Care,SparkleShine Dishwash 500ml,137.8,10,1378.0,2,27.56,1350.44,1305.56,Delivered,0,0.0,Indirect,Cash
ORD102758,2024-01-13,Jan-2024,North,Uttar Pradesh,Lucknow,D008,Lucknow Distribution Co,Distributor,OUT0005,Wholesale Shop,SP034_Kavita,Dairy & Food Staples,SunRice Basmati 1kg,229.21,25,5730.25,5,286.51,5443.74,5210.74,Delivered,0,0.0,Direct,UPI/Online
ORD102366,2024-01-13,Jan-2024,North,Delhi,New Delhi,D003,New Delhi Traders,Super Stockist,OUT0081,Wholesale Shop,SP028_Neha,Home Care,SparkleShine Dishwash 500ml,44.86,9,403.74,10,40.37,363.37,376.87,Delivered,0,0.0,Indirect,Cash
ORD101756,2024-01-13,Jan-2024,West,Rajasthan,Jodhpur,D013,Jodhpur Distribution Co,Super Stockist,OUT0177,Wholesale Shop,SP025_Vikram,Snacks & Confectionery,CrispBite Chips 50g,308.74,25,7718.5,2,154.37,7564.13,8555.89,Returned,3,926.22,Indirect,UPI/Online
ORD100945,2024-01-13,Jan-2024,North,Uttar Pradesh,Lucknow,D010,Lucknow Marketing,Distributor,OUT0117,Wholesale Shop,SP012_Divya,Home Care,SparkleShine Dishwash 500ml,195.91,8,1567.28,2,31.35,1535.93,1536.43,Delivered,0,0.0,Indirect,Credit
ORD102525,2024-01-14,Jan-2024,South,Tamil Nadu,Coimbatore,D020,Coimbatore Marketing,Distributor,OUT0185,Convenience Store,SP008_Neha,Snacks & Confectionery,ChocoNut Bar 40g,135.26,22,2975.72,10,297.57,2678.15,2812.34,Delivered,0,0.0,Direct,UPI/Online
ORD102777,2024-01-14,Jan-2024,North,Punjab,Ludhiana,D015,Ludhiana Traders,Distributor,OUT0055,Wholesale Shop,SP011_Ravi,Home Care,CleanWave Detergent 1kg,221.12,18,3980.16,0,0.0,3980.16,3967.61,Returned,5,1105.6,Indirect,UPI/Online
ORD102501,2024-01-14,Jan-2024,Central,Chhattisgarh,Raipur,D011,Raipur Agencies,Super Stockist,OUT0190,Modern Trade,SP012_Divya,Beverages,FreshSip Cola 250ml,161.29,3,483.87,5,24.19,459.68,513.33,Cancelled,0,0.0,Indirect,Cash
ORD103323,2024-01-14,Jan-2024,East,Odisha,Bhubaneswar,D007,Bhubaneswar Distribution Co,Super Stockist,OUT0119,Convenience Store,SP029_Karan,Snacks & Confectionery,SweetPuff Biscuit 100g,229.16,18,4124.88,0,0.0,4124.88,4851.41,Delivered,0,0.0,Direct,Cash
ORD103653,2024-01-14,Jan-2024,Central,Madhya Pradesh,Bhopal,D029,Bhopal Distribution Co,Super Stockist,OUT0114,Kirana/General Store,SP021_Rahul,Dairy & Food Staples,SunRice Basmati 1kg,163.1,25,4077.5,5,203.88,3873.62,3486.37,Delivered,0,0.0,Indirect,Cash
ORD103798,2024-01-14,Jan-2024,Central,Chhattisgarh,Raipur,D026,Raipur Agencies,Distributor,OUT0039,Modern Trade,SP004_Sneha,Snacks & Confectionery,CrispBite Chips 100g,116.46,13,1513.98,8,121.12,1392.86,1355.7,Delivered,0,0.0,Indirect,UPI/Online
ORD101405,2024-01-14,Jan-2024,West,Rajasthan,Jodhpur,D013,Jodhpur Distribution Co,Super Stockist,OUT0155,Kirana/General Store,SP008_Neha,Snacks & Confectionery,CrispBite Chips 50g,177.28,53,9395.84,0,0.0,9395.84,11714.79,Delivered,0,0.0,Direct,UPI/Online
ORD102561,2024-01-14,Jan-2024,West,Gujarat,Surat,D027,Surat Agencies,Wholesaler,OUT0008,Kirana/General Store,SP008_Neha,Dairy & Food Staples,PureDrop Milk 500ml,95.88,5,479.4,12,57.53,421.87,507.75,Pending,0,0.0,Direct,Credit
ORD101189,2024-01-14,Jan-2024,South,Telangana,Hyderabad,D012,Hyderabad Traders,Super Stockist,OUT0183,Modern Trade,SP010_Pooja,Beverages,OrangeZest Juice 1L,44.8,25,1120.0,5,56.0,1064.0,1205.7,Delivered,0,0.0,Direct,Credit
ORD101882,2024-01-14,Jan-2024,Central,Chhattisgarh,Raipur,D021,Raipur Traders,Super Stockist,OUT0057,Wholesale Shop,SP024_Sneha,Dairy & Food Staples,GoldenGrain Atta 5kg,57.88,17,983.96,0,0.0,983.96,877.82,Delivered,0,0.0,Indirect,Credit
ORD101658,2024-01-15,Jan-2024,South,Tamil Nadu,Coimbatore,D020,Coimbatore Marketing,Distributor,OUT0144,Supermarket,SP040_Shreya,Beverages,MintCool Soda 300ml,306.55,63,19312.65,0,0.0,19312.65,20319.47,Delivered,0,0.0,Direct,Cash
ORD102019,2024-01-15,Jan-2024,Central,Chhattisgarh,Raipur,D009,Raipur Enterprises,Wholesaler,OUT0121,Kirana/General Store,SP035_Arjun,Beverages,FreshSip Cola 500ml,192.02,25,4800.5,5,240.02,4560.48,4955.47,Delivered,0,0.0,Indirect,Cash
ORD103312,2024-01-15,Jan-2024,Central,Chhattisgarh,Raipur,D026,Raipur Agencies,Distributor,OUT0151,Modern Trade,SP017_Sanjay,Dairy & Food Staples,SunRice Basmati 1kg,173.82,23,3997.86,5,199.89,3797.97,3907.11,Delivered,0,0.0,Direct,Credit
ORD100214,2024-01-15,Jan-2024,North,Punjab,Ludhiana,D015,Ludhiana Traders,Distributor,OUT0021,Kirana/General Store,SP027_Suresh,Beverages,OrangeZest Juice 1L,43.83,39,1709.37,5,85.47,1623.9,1605.02,Delivered,0,0.0,Indirect,UPI/Online
ORD101674,2024-01-15,Jan-2024,West,Goa,Panaji,D024,Panaji Marketing,Distributor,OUT0073,Wholesale Shop,SP038_Rina,Home Care,CleanWave Detergent 1kg,101.34,26,2634.84,2,52.7,2582.14,2502.65,Delivered,0,0.0,Indirect,Cash
ORD101724,2024-01-15,Jan-2024,East,Bihar,Patna,D014,Patna Distribution Co,Wholesaler,OUT0088,Wholesale Shop,SP004_Sneha,Dairy & Food Staples,SunRice Basmati 1kg,313.61,12,3763.32,2,75.27,3688.05,4543.14,Delivered,0,0.0,Indirect,UPI/Online
ORD102828,2024-01-15,Jan-2024,South,Tamil Nadu,Coimbatore,D020,Coimbatore Marketing,Distributor,OUT0109,Wholesale Shop,SP017_Sanjay,Snacks & Confectionery,CrispBite Chips 100g,174.15,18,3134.7,5,156.74,2977.96,2561.09,Cancelled,0,0.0,Indirect,Credit
ORD100082,2024-01-15,Jan-2024,North,Punjab,Amritsar,D018,Amritsar Traders,Wholesaler,OUT0012,Supermarket,SP028_Neha,Personal Care,GlowSoft Soap 100g,327.8,21,6883.8,12,826.06,6057.74,6588.71,Delivered,0,0.0,Direct,Credit
ORD100128,2024-01-15,Jan-2024,West,Goa,Panaji,D024,Panaji Marketing,Distributor,OUT0047,Convenience Store,SP001_Rahul,Personal Care,FreshBreath Toothpaste 150g,327.6,55,18018.0,5,900.9,17117.1,18495.29,Delivered,0,0.0,Indirect,Credit
ORD101603,2024-01-15,Jan-2024,West,Gujarat,Surat,D027,Surat Agencies,Wholesaler,OUT0058,Kirana/General Store,SP028_Neha,Beverages,FreshSip Cola 250ml,20.31,16,324.96,12,39.0,285.96,295.71,Delivered,0,0.0,Direct,Credit
ORD102930,2024-01-15,Jan-2024,Central,Chhattisgarh,Raipur,D009,Raipur Enterprises,Wholesaler,OUT0171,Kirana/General Store,SP006_Anjali,Dairy & Food Staples,PureDrop Milk 500ml,48.11,23,1106.53,5,55.33,1051.2,1059.24,Delivered,0,0.0,Indirect,Cash
ORD100818,2024-01-15,Jan-2024,Central,Chhattisgarh,Raipur,D022,Raipur Agencies,Super Stockist,OUT0045,Kirana/General Store,SP031_Ravi,Snacks & Confectionery,ChocoNut Bar 40g,141.04,25,3526.0,12,423.12,3102.88,3383.12,Pending,0,0.0,Indirect,UPI/Online
ORD103286,2024-01-15,Jan-2024,Central,Madhya Pradesh,Jabalpur,D004,Jabalpur Traders,Wholesaler,OUT0041,Modern Trade,SP025_Vikram,Dairy & Food Staples,SunRice Basmati 1kg,124.34,30,3730.2,12,447.62,3282.58,3286.81,Delivered,0,0.0,Indirect,UPI/Online
ORD103993,2024-01-15,Jan-2024,Central,Madhya Pradesh,Jabalpur,D004,Jabalpur Traders,Wholesaler,OUT0099,Kirana/General Store,SP001_Rahul,Snacks & Confectionery,SweetPuff Biscuit 100g,194.42,15,2916.3,10,291.63,2624.67,3207.34,Delivered,0,0.0,Indirect,Credit
ORD100196,2024-01-16,Jan-2024,West,Goa,Panaji,D019,Panaji Traders,Distributor,OUT0037,Modern Trade,SP016_Meera,Dairy & Food Staples,SunRice Basmati 1kg,344.71,36,12409.56,0,0.0,12409.56,13782.89,Delivered,0,0.0,Direct,Cash
ORD103218,2024-01-16,Jan-2024,North,Uttar Pradesh,Lucknow,D008,Lucknow Distribution Co,Distributor,OUT0029,Kirana/General Store,SP008_Neha,Snacks & Confectionery,SweetPuff Biscuit 100g,43.19,23,993.37,8,79.47,913.9,967.73,Pending,0,0.0,Direct,UPI/Online
ORD103021,2024-01-16,Jan-2024,North,Uttar Pradesh,Lucknow,D010,Lucknow Marketing,Distributor,OUT0137,Convenience Store,SP011_Ravi,Beverages,MintCool Soda 300ml,316.43,41,12973.63,0,0.0,12973.63,13034.3,Delivered,0,0.0,Indirect,Credit
ORD102889,2024-01-16,Jan-2024,North,Punjab,Ludhiana,D015,Ludhiana Traders,Distributor,OUT0095,Convenience Store,SP005_Vikram,Dairy & Food Staples,SunRice Basmati 1kg,287.9,32,9212.8,12,1105.54,8107.26,7548.73,Delivered,0,0.0,Direct,Credit
ORD100022,2024-01-16,Jan-2024,East,West Bengal,Kolkata,D006,Kolkata Enterprises,Distributor,OUT0064,Modern Trade,SP009_Karan,Snacks & Confectionery,CrispBite Chips 50g,191.2,12,2294.4,12,275.33,2019.07,2117.8,Delivered,0,0.0,Indirect,Cash
ORD102654,2024-01-16,Jan-2024,East,Bihar,Patna,D014,Patna Distribution Co,Wholesaler,OUT0173,Convenience Store,SP012_Divya,Beverages,FreshSip Cola 500ml,77.86,67,5216.62,5,260.83,4955.79,5167.01,Delivered,0,0.0,Direct,UPI/Online
ORD103379,2024-01-16,Jan-2024,Central,Chhattisgarh,Raipur,D011,Raipur Agencies,Super Stockist,OUT0168,Kirana/General Store,SP028_Neha,Personal Care,FreshBreath Toothpaste 150g,150.35,49,7367.15,0,0.0,7367.15,7176.67,Returned,1,150.35,Indirect,Credit
ORD103321,2024-01-16,Jan-2024,Central,Madhya Pradesh,Bhopal,D029,Bhopal Distribution Co,Super Stockist,OUT0003,Convenience Store,SP002_Amit,Personal Care,SilkTouch Lotion 200ml,204.18,11,2245.98,10,224.6,2021.38,2045.75,Cancelled,0,0.0,Indirect,Credit
ORD103403,2024-01-16,Jan-2024,East,Odisha,Bhubaneswar,D028,Bhubaneswar Distribution Co,Wholesaler,OUT0031,Convenience Store,SP034_Kavita,Home Care,CleanWave Detergent 1kg,285.64,39,11139.96,0,0.0,11139.96,9776.58,Delivered,0,0.0,Direct,UPI/Online
ORD102256,2024-01-16,Jan-2024,Central,Madhya Pradesh,Jabalpur,D025,Jabalpur Agencies,Wholesaler,OUT0010,Supermarket,SP012_Divya,Home Care,ShineFloor Cleaner 1L,174.51,26,4537.26,8,362.98,4174.28,4312.89,Delivered,0,0.0,Indirect,Credit
ORD102440,2024-01-16,Jan-2024,East,Bihar,Patna,D014,Patna Distribution Co,Wholesaler,OUT0088,Wholesale Shop,SP026_Anjali,Home Care,ShineFloor Cleaner 1L,325.91,20,6518.2,0,0.0,6518.2,5668.86,Cancelled,0,0.0,Direct,UPI/Online
ORD103846,2024-01-16,Jan-2024,Central,Madhya Pradesh,Bhopal,D029,Bhopal Distribution Co,Super Stockist,OUT0148,Modern Trade,SP008_Neha,Dairy & Food Staples,SunRice Basmati 1kg,84.03,38,3193.14,12,383.18,2809.96,2747.86,Delivered,0,0.0,Indirect,Cash
ORD102521,2024-01-16,Jan-2024,Central,Madhya Pradesh,Jabalpur,D025,Jabalpur Agencies,Wholesaler,OUT0009,Wholesale Shop,SP002_Amit,Beverages,FreshSip Cola 250ml,104.66,21,2197.86,0,0.0,2197.86,2681.68,Delivered,0,0.0,Indirect,UPI/Online
ORD102522,2024-01-16,Jan-2024,North,Uttar Pradesh,Lucknow,D008,Lucknow Distribution Co,Distributor,OUT0022,Supermarket,SP038_Rina,Personal Care,ShinyLocks Shampoo 200ml,308.57,9,2777.13,5,138.86,2638.27,2727.28,Delivered,0,0.0,Indirect,UPI/Online
ORD100278,2024-01-17,Jan-2024,East,West Bengal,Kolkata,D006,Kolkata Enterprises,Distributor,OUT0170,Wholesale Shop,SP007_Suresh,Home Care,CleanWave Detergent 1kg,23.64,10,236.4,2,4.73,231.67,221.0,Delivered,0,0.0,Direct,Cash
ORD101170,2024-01-17,Jan-2024,North,Punjab,Amritsar,D018,Amritsar Traders,Wholesaler,OUT0192,Supermarket,SP039_Deepak,Snacks & Confectionery,ChocoNut Bar 40g,179.18,17,3046.06,0,0.0,3046.06,2819.6,Delivered,0,0.0,Indirect,Cash
ORD102405,2024-01-17,Jan-2024,South,Karnataka,Mysuru,D017,Mysuru Enterprises,Distributor,OUT0101,Convenience Store,SP023_Priya,Personal Care,ShinyLocks Shampoo 200ml,132.99,28,3723.72,12,446.85,3276.87,2823.34,Cancelled,0,0.0,Indirect,Credit
ORD102938,2024-01-17,Jan-2024,Central,Chhattisgarh,Raipur,D009,Raipur Enterprises,Wholesaler,OUT0113,Kirana/General Store,SP007_Suresh,Personal Care,GlowSoft Soap 100g,100.09,12,1201.08,8,96.09,1104.99,1130.78,Delivered,0,0.0,Indirect,Credit
ORD102943,2024-01-17,Jan-2024,North,Punjab,Ludhiana,D015,Ludhiana Traders,Distributor,OUT0055,Wholesale Shop,SP019_Deepak,Home Care,CleanWave Detergent 1kg,62.89,27,1698.03,5,84.9,1613.13,1776.12,Delivered,0,0.0,Indirect,UPI/Online
ORD101699,2024-01-17,Jan-2024,South,Tamil Nadu,Coimbatore,D020,Coimbatore Marketing,Distributor,OUT0087,Kirana/General Store,SP009_Karan,Home Care,PureAir Freshener 250ml,328.4,24,7881.6,2,157.63,7723.97,8310.43,Delivered,0,0.0,Direct,Cash
ORD103343,2024-01-17,Jan-2024,Central,Chhattisgarh,Raipur,D021,Raipur Traders,Super Stockist,OUT0126,Convenience Store,SP003_Priya,Personal Care,ShinyLocks Shampoo 200ml,145.33,24,3487.92,5,174.4,3313.52,3282.79,Delivered,0,0.0,Direct,Credit
ORD100238,2024-01-17,Jan-2024,Central,Chhattisgarh,Raipur,D026,Raipur Agencies,Distributor,OUT0147,Supermarket,SP027_Suresh,Beverages,FreshSip Cola 500ml,98.39,9,885.51,5,44.28,841.23,923.5,Delivered,0,0.0,Direct,Credit
ORD100804,2024-01-17,Jan-2024,Central,Chhattisgarh,Raipur,D009,Raipur Enterprises,Wholesaler,OUT0171,Kirana/General Store,SP004_Sneha,Dairy & Food Staples,DailyFresh Ghee 500ml,33.69,31,1044.39,5,52.22,992.17,1221.61,Delivered,0,0.0,Direct,Cash
ORD101435,2024-01-17,Jan-2024,South,Telangana,Hyderabad,D012,Hyderabad Traders,Super Stockist,OUT0042,Modern Trade,SP008_Neha,Snacks & Confectionery,SweetPuff Biscuit 100g,202.63,45,9118.35,5,455.92,8662.43,10629.18,Delivered,0,0.0,Indirect,Credit
ORD100362,2024-01-17,Jan-2024,North,Uttar Pradesh,Lucknow,D010,Lucknow Marketing,Distributor,OUT0071,Supermarket,SP037_Sanjay,Snacks & Confectionery,ChocoNut Bar 40g,333.68,48,16016.64,5,800.83,15215.81,14481.75,Delivered,0,0.0,Direct,Credit
ORD103922,2024-01-17,Jan-2024,North,Delhi,New Delhi,D001,New Delhi Traders,Super Stockist,OUT0027,Kirana/General Store,SP002_Amit,Home Care,CleanWave Detergent 1kg,268.1,29,7774.9,2,155.5,7619.4,8683.61,Delivered,0,0.0,Direct,UPI/Online
ORD103421,2024-01-17,Jan-2024,North,Uttar Pradesh,Lucknow,D008,Lucknow Distribution Co,Distributor,OUT0004,Kirana/General Store,SP013_Manoj,Snacks & Confectionery,ChocoNut Bar 40g,199.46,32,6382.72,5,319.14,6063.58,6221.91,Delivered,0,0.0,Indirect,Credit
ORD103319,2024-01-17,Jan-2024,Central,Chhattisgarh,Raipur,D009,Raipur Enterprises,Wholesaler,OUT0153,Supermarket,SP009_Karan,Personal Care,ShinyLocks Shampoo 200ml,304.0,13,3952.0,5,197.6,3754.4,4297.68,Returned,4,1216.0,Indirect,Credit
ORD101864,2024-01-17,Jan-2024,Central,Madhya Pradesh,Bhopal,D029,Bhopal Distribution Co,Super Stockist,OUT0030,Kirana/General Store,SP038_Rina,Dairy & Food Staples,GoldenGrain Atta 5kg,326.24,42,13702.08,0,0.0,13702.08,16728.46,Delivered,0,0.0,Indirect,Credit
ORD100941,2024-01-18,Jan-2024,South,Tamil Nadu,Coimbatore,D020,Coimbatore Marketing,Distributor,OUT0109,Wholesale Shop,SP007_Suresh,Dairy & Food Staples,SunRice Basmati 1kg,227.25,18,4090.5,10,409.05,3681.45,3789.07,Delivered,0,0.0,Indirect,UPI/Online
ORD101226,2024-01-18,Jan-2024,North,Delhi,New Delhi,D001,New Delhi Traders,Super Stockist,OUT0097,Modern Trade,SP004_Sneha,Personal Care,GlowSoft Soap 100g,311.34,54,16812.36,5,840.62,15971.74,14045.95,Returned,5,1556.7,Direct,Credit
ORD101719,2024-01-18,Jan-2024,Central,Chhattisgarh,Raipur,D005,Raipur Enterprises,Wholesaler,OUT0070,Supermarket,SP004_Sneha,Personal Care,SilkTouch Lotion 200ml,22.91,22,504.02,0,0.0,504.02,496.75,Delivered,0,0.0,Direct,Cash
ORD103489,2024-01-18,Jan-2024,West,Goa,Panaji,D024,Panaji Marketing,Distributor,OUT0150,Convenience Store,SP013_Manoj,Snacks & Confectionery,CrispBite Chips 100g,321.98,10,3219.8,5,160.99,3058.81,3106.83,Delivered,0,0.0,Indirect,Credit
ORD100711,2024-01-18,Jan-2024,North,Punjab,Ludhiana,D015,Ludhiana Traders,Distributor,OUT0051,Supermarket,SP031_Ravi,Home Care,CleanWave Detergent 1kg,294.11,9,2646.99,2,52.94,2594.05,3219.96,Delivered,0,0.0,Indirect,Cash
ORD101069,2024-01-18,Jan-2024,North,Uttar Pradesh,Lucknow,D010,Lucknow Marketing,Distributor,OUT0071,Supermarket,SP022_Amit,Beverages,MintCool Soda 300ml,96.95,37,3587.15,0,0.0,3587.15,3072.21,Delivered,0,0.0,Indirect,Credit
ORD100093,2024-01-18,Jan-2024,North,Delhi,New Delhi,D001,New Delhi Traders,Super Stockist,OUT0149,Supermarket,SP021_Rahul,Personal Care,ShinyLocks Shampoo 200ml,128.49,34,4368.66,0,0.0,4368.66,3938.57,Delivered,0,0.0,Direct,Credit
ORD103641,2024-01-18,Jan-2024,West,Rajasthan,Jodhpur,D013,Jodhpur Distribution Co,Super Stockist,OUT0167,Wholesale Shop,SP006_Anjali,Personal Care,SilkTouch Lotion 200ml,230.31,25,5757.75,10,575.78,5181.97,4850.94,Delivered,0,0.0,Indirect,Cash
ORD102929,2024-01-18,Jan-2024,Central,Madhya Pradesh,Bhopal,D029,Bhopal Distribution Co,Super Stockist,OUT0139,Convenience Store,SP020_Shreya,Personal Care,FreshBreath Toothpaste 150g,333.49,21,7003.29,5,350.16,6653.13,7175.43,Returned,1,333.49,Direct,UPI/Online
ORD100409,2024-01-19,Jan-2024,South,Telangana,Hyderabad,D012,Hyderabad Traders,Super Stockist,OUT0142,Wholesale Shop,SP021_Rahul,Home Care,SparkleShine Dishwash 500ml,117.45,22,2583.9,0,0.0,2583.9,3156.73,Delivered,0,0.0,Direct,Credit
ORD103316,2024-01-19,Jan-2024,East,Odisha,Bhubaneswar,D007,Bhubaneswar Distribution Co,Super Stockist,OUT0050,Wholesale Shop,SP025_Vikram,Personal Care,SilkTouch Lotion 200ml,84.78,31,2628.18,2,52.56,2575.62,2881.26,Pending,0,0.0,Indirect,Cash
ORD103799,2024-01-19,Jan-2024,Central,Chhattisgarh,Raipur,D022,Raipur Agencies,Super Stockist,OUT0182,Supermarket,SP035_Arjun,Home Care,PureAir Freshener 250ml,209.19,7,1464.33,8,117.15,1347.18,1332.65,Returned,2,418.38,Indirect,UPI/Online
ORD101427,2024-01-19,Jan-2024,East,Odisha,Bhubaneswar,D007,Bhubaneswar Distribution Co,Super Stockist,OUT0119,Convenience Store,SP040_Shreya,Dairy & Food Staples,SunRice Basmati 1kg,232.37,25,5809.25,10,580.92,5228.33,5099.44,Delivered,0,0.0,Direct,Cash
ORD101718,2024-01-19,Jan-2024,West,Rajasthan,Jaipur,D016,Jaipur Distribution Co,Super Stockist,OUT0061,Modern Trade,SP032_Divya,Home Care,ShineFloor Cleaner 1L,282.07,35,9872.45,5,493.62,9378.83,8797.31,Delivered,0,0.0,Indirect,Cash
ORD100080,2024-01-19,Jan-2024,South,Telangana,Hyderabad,D012,Hyderabad Traders,Super Stockist,OUT0159,Convenience Store,SP015_Arjun,Beverages,FreshSip Cola 500ml,250.39,5,1251.95,5,62.6,1189.35,1444.31,Delivered,0,0.0,Indirect,Credit
ORD102408,2024-01-19,Jan-2024,North,Punjab,Ludhiana,D015,Ludhiana Traders,Distributor,OUT0021,Kirana/General Store,SP009_Karan,Beverages,FreshSip Cola 250ml,329.66,27,8900.82,12,1068.1,7832.72,8236.67,Delivered,0,0.0,Direct,Credit
ORD102282,2024-01-20,Jan-2024,Central,Chhattisgarh,Raipur,D011,Raipur Agencies,Super Stockist,OUT0125,Supermarket,SP006_Anjali,Beverages,MintCool Soda 300ml,309.22,31,9585.82,0,0.0,9585.82,11941.08,Delivered,0,0.0,Direct,Cash
ORD100252,2024-01-20,Jan-2024,Central,Chhattisgarh,Raipur,D022,Raipur Agencies,Super Stockist,OUT0045,Kirana/General Store,SP026_Anjali,Home Care,SparkleShine Dishwash 500ml,27.8,42,1167.6,0,0.0,1167.6,1270.1,Delivered,0,0.0,Indirect,Cash
ORD103930,2024-01-20,Jan-2024,Central,Chhattisgarh,Raipur,D026,Raipur Agencies,Distributor,OUT0039,Modern Trade,SP026_Anjali,Dairy & Food Staples,SunRice Basmati 1kg,145.9,30,4377.0,0,0.0,4377.0,3855.27,Delivered,0,0.0,Indirect,Cash
ORD103884,2024-01-20,Jan-2024,Central,Madhya Pradesh,Jabalpur,D025,Jabalpur Agencies,Wholesaler,OUT0009,Wholesale Shop,SP009_Karan,Personal Care,ShinyLocks Shampoo 200ml,251.21,37,9294.77,0,0.0,9294.77,10455.64,Delivered,0,0.0,Indirect,UPI/Online
ORD103964,2024-01-20,Jan-2024,Central,Chhattisgarh,Raipur,D022,Raipur Agencies,Super Stockist,OUT0186,Kirana/General Store,SP015_Arjun,Dairy & Food Staples,DailyFresh Ghee 500ml,148.11,11,1629.21,2,32.58,1596.63,1519.28,Delivered,0,0.0,Indirect,Cash
ORD101781,2024-01-20,Jan-2024,South,Tamil Nadu,Coimbatore,D023,Coimbatore Marketing,Super Stockist,OUT0108,Convenience Store,SP023_Priya,Personal Care,SilkTouch Lotion 200ml,342.4,23,7875.2,0,0.0,7875.2,9546.22,Delivered,0,0.0,Indirect,Cash
ORD101902,2024-01-20,Jan-2024,North,Uttar Pradesh,Lucknow,D008,Lucknow Distribution Co,Distributor,OUT0038,Modern Trade,SP006_Anjali,Dairy & Food Staples,PureDrop Milk 500ml,157.3,23,3617.9,2,72.36,3545.54,3196.57,Delivered,0,0.0,Direct,UPI/Online
ORD100619,2024-01-21,Jan-2024,West,Rajasthan,Jodhpur,D013,Jodhpur Distribution Co,Super Stockist,OUT0167,Wholesale Shop,SP018_Rina,Personal Care,GlowSoft Soap 100g,79.99,6,479.94,8,38.4,441.54,449.34,Delivered,0,0.0,Indirect,UPI/Online
ORD100973,2024-01-21,Jan-2024,Central,Chhattisgarh,Raipur,D005,Raipur Enterprises,Wholesaler,OUT0036,Wholesale Shop,SP040_Shreya,Dairy & Food Staples,PureDrop Milk 500ml,338.62,20,6772.4,0,0.0,6772.4,6996.61,Delivered,0,0.0,Direct,Credit
ORD103531,2024-01-21,Jan-2024,East,Odisha,Bhubaneswar,D007,Bhubaneswar Distribution Co,Super Stockist,OUT0035,Wholesale Shop,SP004_Sneha,Home Care,ShineFloor Cleaner 1L,222.79,14,3119.06,8,249.52,2869.54,2562.05,Delivered,0,0.0,Direct,Credit
ORD100617,2024-01-21,Jan-2024,Central,Chhattisgarh,Raipur,D021,Raipur Traders,Super Stockist,OUT0057,Wholesale Shop,SP015_Arjun,Home Care,SparkleShine Dishwash 500ml,295.1,29,8557.9,5,427.9,8130.0,7740.85,Delivered,0,0.0,Direct,Credit
ORD101394,2024-01-21,Jan-2024,North,Uttar Pradesh,Lucknow,D008,Lucknow Distribution Co,Distributor,OUT0033,Convenience Store,SP003_Priya,Dairy & Food Staples,GoldenGrain Atta 5kg,78.11,12,937.32,2,18.75,918.57,924.48,Returned,2,156.22,Direct,Credit
ORD101448,2024-01-21,Jan-2024,North,Delhi,New Delhi,D001,New Delhi Traders,Super Stockist,OUT0001,Kirana/General Store,SP018_Rina,Beverages,OrangeZest Juice 1L,30.06,16,480.96,2,9.62,471.34,548.49,Delivered,0,0.0,Direct,Credit
ORD100231,2024-01-21,Jan-2024,North,Punjab,Amritsar,D018,Amritsar Traders,Wholesaler,OUT0012,Supermarket,SP034_Kavita,Beverages,FreshSip Cola 500ml,296.58,14,4152.12,5,207.61,3944.51,4327.68,Delivered,0,0.0,Indirect,Credit
ORD101647,2024-01-21,Jan-2024,Central,Madhya Pradesh,Jabalpur,D004,Jabalpur Traders,Wholesaler,OUT0056,Kirana/General Store,SP028_Neha,Personal Care,GlowSoft Soap 100g,82.97,19,1576.43,0,0.0,1576.43,1358.02,Returned,1,82.97,Indirect,Cash
ORD102174,2024-01-21,Jan-2024,Central,Chhattisgarh,Raipur,D005,Raipur Enterprises,Wholesaler,OUT0070,Supermarket,SP009_Karan,Home Care,CleanWave Detergent 1kg,300.34,37,11112.58,2,222.25,10890.33,10038.07,Delivered,0,0.0,Direct,Cash
ORD101895,2024-01-21,Jan-2024,North,Delhi,New Delhi,D003,New Delhi Traders,Super Stockist,OUT0032,Wholesale Shop,SP024_Sneha,Home Care,ShineFloor Cleaner 1L,242.64,4,970.56,0,0.0,970.56,1093.56,Cancelled,0,0.0,Direct,UPI/Online
ORD102373,2024-01-21,Jan-2024,West,Gujarat,Surat,D027,Surat Agencies,Wholesaler,OUT0123,Convenience Store,SP011_Ravi,Beverages,OrangeZest Juice 1L,61.93,86,5325.98,0,0.0,5325.98,6174.63,Returned,11,681.23,Direct,UPI/Online
ORD101958,2024-01-21,Jan-2024,East,Odisha,Bhubaneswar,D028,Bhubaneswar Distribution Co,Wholesaler,OUT0156,Modern Trade,SP005_Vikram,Personal Care,FreshBreath Toothpaste 150g,182.05,13,2366.65,10,236.66,2129.99,2104.01,Delivered,0,0.0,Direct,Cash
ORD100579,2024-01-21,Jan-2024,East,Odisha,Bhubaneswar,D007,Bhubaneswar Distribution Co,Super Stockist,OUT0040,Kirana/General Store,SP040_Shreya,Personal Care,GlowSoft Soap 100g,106.87,11,1175.57,10,117.56,1058.01,1164.8,Delivered,0,0.0,Indirect,UPI/Online
ORD102416,2024-01-22,Jan-2024,Central,Chhattisgarh,Raipur,D005,Raipur Enterprises,Wholesaler,OUT0036,Wholesale Shop,SP012_Divya,Snacks & Confectionery,SweetPuff Biscuit 100g,289.98,64,18558.72,2,371.17,18187.55,19011.22,Delivered,0,0.0,Indirect,Cash
ORD103779,2024-01-22,Jan-2024,East,Odisha,Bhubaneswar,D007,Bhubaneswar Distribution Co,Super Stockist,OUT0119,Convenience Store,SP032_Divya,Snacks & Confectionery,ChocoNut Bar 40g,148.8,46,6844.8,0,0.0,6844.8,6756.76,Returned,13,1934.4,Indirect,UPI/Online
ORD102546,2024-01-22,Jan-2024,Central,Chhattisgarh,Raipur,D026,Raipur Agencies,Distributor,OUT0048,Kirana/General Store,SP022_Amit,Home Care,SparkleShine Dishwash 500ml,345.81,22,7607.82,0,0.0,7607.82,8928.59,Delivered,0,0.0,Indirect,Credit
ORD100618,2024-01-22,Jan-2024,Central,Madhya Pradesh,Jabalpur,D004,Jabalpur Traders,Wholesaler,OUT0172,Wholesale Shop,SP003_Priya,Snacks & Confectionery,ChocoNut Bar 40g,54.94,11,604.34,5,30.22,574.12,578.77,Delivered,0,0.0,Direct,Credit
ORD102328,2024-01-22,Jan-2024,South,Tamil Nadu,Coimbatore,D023,Coimbatore Marketing,Super Stockist,OUT0018,Convenience Store,SP009_Karan,Personal Care,GlowSoft Soap 100g,295.92,25,7398.0,5,369.9,7028.1,8740.85,Delivered,0,0.0,Indirect,Credit
ORD103325,2024-01-22,Jan-2024,South,Tamil Nadu,Coimbatore,D023,Coimbatore Marketing,Super Stockist,OUT0191,Convenience Store,SP010_Pooja,Dairy & Food Staples,SunRice Basmati 1kg,347.69,16,5563.04,12,667.56,4895.48,5717.71,Returned,1,347.69,Indirect,Credit
ORD102683,2024-01-22,Jan-2024,East,Odisha,Bhubaneswar,D007,Bhubaneswar Distribution Co,Super Stockist,OUT0040,Kirana/General Store,SP015_Arjun,Personal Care,FreshBreath Toothpaste 150g,25.26,23,580.98,0,0.0,580.98,546.66,Delivered,0,0.0,Indirect,UPI/Online
ORD103517,2024-01-22,Jan-2024,North,Uttar Pradesh,Lucknow,D010,Lucknow Marketing,Distributor,OUT0111,Kirana/General Store,SP014_Kavita,Home Care,ShineFloor Cleaner 1L,95.07,10,950.7,0,0.0,950.7,893.51,Delivered,0,0.0,Indirect,Cash
ORD100908,2024-01-22,Jan-2024,Central,Madhya Pradesh,Bhopal,D029,Bhopal Distribution Co,Super Stockist,OUT0104,Supermarket,SP035_Arjun,Beverages,FreshSip Cola 500ml,114.42,37,4233.54,0,0.0,4233.54,3655.11,Returned,11,1258.62,Indirect,Credit
ORD102061,2024-01-22,Jan-2024,West,Rajasthan,Jodhpur,D013,Jodhpur Distribution Co,Super Stockist,OUT0155,Kirana/General Store,SP016_Meera,Beverages,FreshSip Cola 250ml,122.31,11,1345.41,0,0.0,1345.41,1189.54,Cancelled,0,0.0,Indirect,Cash
ORD101349,2024-01-22,Jan-2024,North,Punjab,Amritsar,D018,Amritsar Traders,Wholesaler,OUT0025,Supermarket,SP018_Rina,Snacks & Confectionery,CrispBite Chips 50g,279.27,18,5026.86,0,0.0,5026.86,5160.67,Delivered,0,0.0,Direct,UPI/Online
ORD103276,2024-01-22,Jan-2024,Central,Chhattisgarh,Raipur,D026,Raipur Agencies,Distributor,OUT0147,Supermarket,SP033_Manoj,Beverages,OrangeZest Juice 1L,311.75,14,4364.5,5,218.22,4146.28,3572.58,Delivered,0,0.0,Indirect,Cash
ORD103285,2024-01-22,Jan-2024,Central,Madhya Pradesh,Jabalpur,D004,Jabalpur Traders,Wholesaler,OUT0169,Convenience Store,SP030_Pooja,Snacks & Confectionery,CrispBite Chips 100g,153.59,16,2457.44,0,0.0,2457.44,2589.16,Delivered,0,0.0,Indirect,Cash
ORD100187,2024-01-22,Jan-2024,North,Delhi,New Delhi,D003,New Delhi Traders,Super Stockist,OUT0081,Wholesale Shop,SP031_Ravi,Personal Care,SilkTouch Lotion 200ml,343.79,28,9626.12,0,0.0,9626.12,10261.39,Delivered,0,0.0,Indirect,UPI/Online
ORD102851,2024-01-22,Jan-2024,Central,Chhattisgarh,Raipur,D009,Raipur Enterprises,Wholesaler,OUT0066,Modern Trade,SP015_Arjun,Personal Care,ShinyLocks Shampoo 200ml,150.52,28,4214.56,5,210.73,4003.83,4749.63,Delivered,0,0.0,Direct,UPI/Online
ORD100789,2024-01-22,Jan-2024,Central,Madhya Pradesh,Bhopal,D029,Bhopal Distribution Co,Super Stockist,OUT0063,Kirana/General Store,SP036_Meera,Dairy & Food Staples,SunRice Basmati 1kg,94.9,48,4555.2,10,455.52,4099.68,4045.78,Delivered,0,0.0,Indirect,Cash
ORD100194,2024-01-22,Jan-2024,West,Goa,Panaji,D024,Panaji Marketing,Distributor,OUT0187,Convenience Store,SP005_Vikram,Personal Care,SilkTouch Lotion 200ml,248.92,40,9956.8,12,1194.82,8761.98,8962.93,Delivered,0,0.0,Direct,Cash
ORD100433,2024-01-22,Jan-2024,East,Odisha,Bhubaneswar,D007,Bhubaneswar Distribution Co,Super Stockist,OUT0119,Convenience Store,SP026_Anjali,Beverages,FreshSip Cola 500ml,118.93,14,1665.02,12,199.8,1465.22,1259.27,Pending,0,0.0,Indirect,Credit
ORD102574,2024-01-22,Jan-2024,East,Odisha,Bhubaneswar,D007,Bhubaneswar Distribution Co,Super Stockist,OUT0050,Wholesale Shop,SP039_Deepak,Beverages,FreshSip Cola 500ml,241.43,34,8208.62,10,820.86,7387.76,9217.15,Delivered,0,0.0,Direct,Credit
ORD101765,2024-01-22,Jan-2024,Central,Chhattisgarh,Raipur,D022,Raipur Agencies,Super Stockist,OUT0189,Modern Trade,SP040_Shreya,Snacks & Confectionery,SweetPuff Biscuit 100g,35.03,4,140.12,2,2.8,137.32,131.76,Delivered,0,0.0,Indirect,UPI/Online
ORD103687,2024-01-23,Jan-2024,Central,Chhattisgarh,Raipur,D022,Raipur Agencies,Super Stockist,OUT0034,Modern Trade,SP018_Rina,Dairy & Food Staples,PureDrop Milk 500ml,65.81,24,1579.44,2,31.59,1547.85,1813.38,Delivered,0,0.0,Indirect,Credit
ORD102135,2024-01-23,Jan-2024,East,Odisha,Bhubaneswar,D028,Bhubaneswar Distribution Co,Wholesaler,OUT0146,Supermarket,SP012_Divya,Beverages,FreshSip Cola 500ml,302.29,5,1511.45,10,151.15,1360.3,1279.84,Delivered,0,0.0,Direct,Credit
ORD103816,2024-01-23,Jan-2024,South,Tamil Nadu,Coimbatore,D023,Coimbatore Marketing,Super Stockist,OUT0108,Convenience Store,SP027_Suresh,Home Care,PureAir Freshener 250ml,195.55,14,2737.7,2,54.75,2682.95,2830.22,Delivered,0,0.0,Indirect,UPI/Online
ORD103689,2024-01-23,Jan-2024,Central,Chhattisgarh,Raipur,D026,Raipur Agencies,Distributor,OUT0152,Supermarket,SP016_Meera,Beverages,FreshSip Cola 500ml,238.36,23,5482.28,5,274.11,5208.17,4799.35,Cancelled,0,0.0,Direct,UPI/Online
ORD103822,2024-01-23,Jan-2024,East,Odisha,Bhubaneswar,D028,Bhubaneswar Distribution Co,Wholesaler,OUT0080,Supermarket,SP020_Shreya,Personal Care,ShinyLocks Shampoo 200ml,74.11,15,1111.65,0,0.0,1111.65,1120.56,Delivered,0,0.0,Direct,Cash
ORD100728,2024-01-23,Jan-2024,Central,Chhattisgarh,Raipur,D022,Raipur Agencies,Super Stockist,OUT0034,Modern Trade,SP013_Manoj,Snacks & Confectionery,CrispBite Chips 50g,24.57,44,1081.08,10,108.11,972.97,886.88,Delivered,0,0.0,Direct,Credit
ORD102913,2024-01-23,Jan-2024,Central,Madhya Pradesh,Jabalpur,D025,Jabalpur Agencies,Wholesaler,OUT0009,Wholesale Shop,SP021_Rahul,Home Care,CleanWave Detergent 1kg,139.92,21,2938.32,10,293.83,2644.49,2306.7,Delivered,0,0.0,Indirect,UPI/Online
ORD101738,2024-01-23,Jan-2024,Central,Chhattisgarh,Raipur,D026,Raipur Agencies,Distributor,OUT0154,Kirana/General Store,SP029_Karan,Snacks & Confectionery,ChocoNut Bar 40g,220.89,14,3092.46,8,247.4,2845.06,2424.81,Delivered,0,0.0,Direct,UPI/Online
ORD101175,2024-01-23,Jan-2024,West,Gujarat,Surat,D027,Surat Agencies,Wholesaler,OUT0107,Wholesale Shop,SP025_Vikram,Home Care,PureAir Freshener 250ml,270.95,28,7586.6,10,758.66,6827.94,8194.52,Delivered,0,0.0,Indirect,Credit
ORD103409,2024-01-24,Jan-2024,East,Odisha,Bhubaneswar,D007,Bhubaneswar Distribution Co,Super Stockist,OUT0200,Modern Trade,SP023_Priya,Beverages,MintCool Soda 300ml,202.11,5,1010.55,0,0.0,1010.55,1040.51,Delivered,0,0.0,Indirect,Cash
ORD103597,2024-01-24,Jan-2024,Central,Madhya Pradesh,Bhopal,D029,Bhopal Distribution Co,Super Stockist,OUT0030,Kirana/General Store,SP027_Suresh,Home Care,CleanWave Detergent 1kg,134.44,28,3764.32,8,301.15,3463.17,3724.9,Delivered,0,0.0,Indirect,Cash
ORD100271,2024-01-24,Jan-2024,South,Tamil Nadu,Coimbatore,D020,Coimbatore Marketing,Distributor,OUT0109,Wholesale Shop,SP005_Vikram,Personal Care,GlowSoft Soap 100g,337.83,29,9797.07,0,0.0,9797.07,10049.88,Delivered,0,0.0,Indirect,Cash
ORD103723,2024-01-24,Jan-2024,East,Odisha,Bhubaneswar,D007,Bhubaneswar Distribution Co,Super Stockist,OUT0035,Wholesale Shop,SP017_Sanjay,Snacks & Confectionery,CrispBite Chips 100g,250.28,15,3754.2,8,300.34,3453.86,2993.7,Delivered,0,0.0,Direct,Cash
ORD101982,2024-01-24,Jan-2024,East,Odisha,Bhubaneswar,D007,Bhubaneswar Distribution Co,Super Stockist,OUT0200,Modern Trade,SP038_Rina,Home Care,ShineFloor Cleaner 1L,69.39,17,1179.63,2,23.59,1156.04,1116.22,Delivered,0,0.0,Direct,UPI/Online
ORD101252,2024-01-24,Jan-2024,South,Tamil Nadu,Coimbatore,D020,Coimbatore Marketing,Distributor,OUT0196,Wholesale Shop,SP010_Pooja,Dairy & Food Staples,GoldenGrain Atta 5kg,248.32,17,4221.44,10,422.14,3799.3,3897.33,Delivered,0,0.0,Indirect,Credit
ORD101117,2024-01-24,Jan-2024,North,Uttar Pradesh,Lucknow,D008,Lucknow Distribution Co,Distributor,OUT0022,Supermarket,SP030_Pooja,Home Care,PureAir Freshener 250ml,161.72,10,1617.2,10,161.72,1455.48,1376.85,Delivered,0,0.0,Direct,UPI/Online
ORD103072,2024-01-24,Jan-2024,Central,Madhya Pradesh,Jabalpur,D004,Jabalpur Traders,Wholesaler,OUT0041,Modern Trade,SP032_Divya,Beverages,FreshSip Cola 250ml,49.07,26,1275.82,5,63.79,1212.03,1277.42,Returned,6,294.42,Indirect,Credit
ORD102672,2024-01-24,Jan-2024,North,Uttar Pradesh,Lucknow,D008,Lucknow Distribution Co,Distributor,OUT0005,Wholesale Shop,SP007_Suresh,Dairy & Food Staples,DailyFresh Ghee 500ml,333.61,30,10008.3,0,0.0,10008.3,11256.2,Delivered,0,0.0,Indirect,Cash
ORD102785,2024-01-24,Jan-2024,South,Tamil Nadu,Coimbatore,D023,Coimbatore Marketing,Super Stockist,OUT0108,Convenience Store,SP012_Divya,Home Care,PureAir Freshener 250ml,198.56,20,3971.2,2,79.42,3891.78,4235.97,Delivered,0,0.0,Indirect,Cash
ORD100815,2024-01-24,Jan-2024,South,Tamil Nadu,Coimbatore,D020,Coimbatore Marketing,Distributor,OUT0086,Kirana/General Store,SP019_Deepak,Personal Care,ShinyLocks Shampoo 200ml,99.14,7,693.98,2,13.88,680.1,594.94,Delivered,0,0.0,Direct,Cash
ORD103104,2024-01-25,Jan-2024,Central,Chhattisgarh,Raipur,D009,Raipur Enterprises,Wholesaler,OUT0053,Modern Trade,SP011_Ravi,Personal Care,ShinyLocks Shampoo 200ml,133.53,59,7878.27,0,0.0,7878.27,8498.16,Cancelled,0,0.0,Direct,Credit
ORD102349,2024-01-25,Jan-2024,Central,Chhattisgarh,Raipur,D022,Raipur Agencies,Super Stockist,OUT0195,Supermarket,SP006_Anjali,Snacks & Confectionery,CrispBite Chips 50g,310.26,8,2482.08,5,124.1,2357.98,2086.65,Delivered,0,0.0,Indirect,Cash
ORD101114,2024-01-25,Jan-2024,South,Telangana,Hyderabad,D012,Hyderabad Traders,Super Stockist,OUT0142,Wholesale Shop,SP028_Neha,Beverages,FreshSip Cola 250ml,175.37,37,6488.69,5,324.43,6164.26,6258.8,Delivered,0,0.0,Indirect,UPI/Online
ORD101517,2024-01-25,Jan-2024,North,Delhi,New Delhi,D003,New Delhi Traders,Super Stockist,OUT0081,Wholesale Shop,SP019_Deepak,Beverages,OrangeZest Juice 1L,90.86,11,999.46,5,49.97,949.49,1159.9,Delivered,0,0.0,Direct,Credit
ORD102556,2024-01-25,Jan-2024,East,Odisha,Bhubaneswar,D028,Bhubaneswar Distribution Co,Wholesaler,OUT0156,Modern Trade,SP013_Manoj,Snacks & Confectionery,CrispBite Chips 100g,203.71,13,2648.23,8,211.86,2436.37,2628.34,Pending,0,0.0,Indirect,UPI/Online
ORD100524,2024-01-25,Jan-2024,West,Rajasthan,Jodhpur,D013,Jodhpur Distribution Co,Super Stockist,OUT0177,Wholesale Shop,SP036_Meera,Beverages,MintCool Soda 300ml,42.1,18,757.8,12,90.94,666.86,739.77,Delivered,0,0.0,Indirect,Cash
ORD102844,2024-01-25,Jan-2024,Central,Madhya Pradesh,Jabalpur,D025,Jabalpur Agencies,Wholesaler,OUT0009,Wholesale Shop,SP019_Deepak,Home Care,PureAir Freshener 250ml,193.72,46,8911.12,8,712.89,8198.23,9245.23,Delivered,0,0.0,Direct,Credit
ORD103219,2024-01-25,Jan-2024,East,West Bengal,Kolkata,D006,Kolkata Enterprises,Distributor,OUT0060,Modern Trade,SP009_Karan,Personal Care,FreshBreath Toothpaste 150g,326.0,31,10106.0,0,0.0,10106.0,10021.38,Delivered,0,0.0,Direct,Credit
ORD103774,2024-01-25,Jan-2024,Central,Madhya Pradesh,Bhopal,D029,Bhopal Distribution Co,Super Stockist,OUT0139,Convenience Store,SP018_Rina,Dairy & Food Staples,GoldenGrain Atta 5kg,98.78,11,1086.58,5,54.33,1032.25,1279.98,Delivered,0,0.0,Direct,UPI/Online
ORD102941,2024-01-25,Jan-2024,Central,Madhya Pradesh,Bhopal,D029,Bhopal Distribution Co,Super Stockist,OUT0003,Convenience Store,SP014_Kavita,Home Care,PureAir Freshener 250ml,81.02,38,3078.76,10,307.88,2770.88,2918.68,Delivered,0,0.0,Indirect,UPI/Online
ORD101606,2024-01-25,Jan-2024,East,West Bengal,Kolkata,D006,Kolkata Enterprises,Distributor,OUT0078,Kirana/General Store,SP025_Vikram,Beverages,OrangeZest Juice 1L,68.88,44,3030.72,2,60.61,2970.11,3637.01,Cancelled,0,0.0,Direct,UPI/Online
ORD103025,2024-01-25,Jan-2024,North,Uttar Pradesh,Lucknow,D008,Lucknow Distribution Co,Distributor,OUT0029,Kirana/General Store,SP002_Amit,Home Care,SparkleShine Dishwash 500ml,23.04,17,391.68,0,0.0,391.68,424.65,Cancelled,0,0.0,Indirect,Cash
ORD100019,2024-01-26,Jan-2024,North,Uttar Pradesh,Lucknow,D010,Lucknow Marketing,Distributor,OUT0067,Modern Trade,SP022_Amit,Home Care,PureAir Freshener 250ml,197.98,41,8117.18,10,811.72,7305.46,6531.23,Delivered,0,0.0,Direct,Credit
ORD102476,2024-01-26,Jan-2024,North,Delhi,New Delhi,D001,New Delhi Traders,Super Stockist,OUT0065,Modern Trade,SP004_Sneha,Beverages,MintCool Soda 300ml,56.55,12,678.6,0,0.0,678.6,755.09,Delivered,0,0.0,Indirect,Cash
ORD100107,2024-01-26,Jan-2024,South,Tamil Nadu,Coimbatore,D020,Coimbatore Marketing,Distributor,OUT0086,Kirana/General Store,SP005_Vikram,Snacks & Confectionery,CrispBite Chips 100g,315.93,15,4738.95,2,94.78,4644.17,5772.48,Delivered,0,0.0,Indirect,Cash
ORD103344,2024-01-26,Jan-2024,Central,Madhya Pradesh,Bhopal,D029,Bhopal Distribution Co,Super Stockist,OUT0104,Supermarket,SP009_Karan,Dairy & Food Staples,GoldenGrain Atta 5kg,124.22,11,1366.42,0,0.0,1366.42,1294.48,Delivered,0,0.0,Direct,UPI/Online
ORD103135,2024-01-26,Jan-2024,Central,Chhattisgarh,Raipur,D011,Raipur Agencies,Super Stockist,OUT0125,Supermarket,SP039_Deepak,Personal Care,GlowSoft Soap 100g,239.76,16,3836.16,2,76.72,3759.44,3852.71,Delivered,0,0.0,Indirect,Cash
ORD100221,2024-01-26,Jan-2024,South,Karnataka,Bengaluru,D002,Bengaluru Marketing,Distributor,OUT0075,Kirana/General Store,SP021_Rahul,Home Care,ShineFloor Cleaner 1L,105.18,25,2629.5,0,0.0,2629.5,2372.73,Delivered,0,0.0,Direct,Cash
ORD103661,2024-01-26,Jan-2024,West,Goa,Panaji,D024,Panaji Marketing,Distributor,OUT0073,Wholesale Shop,SP020_Shreya,Beverages,FreshSip Cola 500ml,200.27,28,5607.56,2,112.15,5495.41,5769.0,Delivered,0,0.0,Indirect,Cash
ORD100803,2024-01-26,Jan-2024,Central,Chhattisgarh,Raipur,D026,Raipur Agencies,Distributor,OUT0048,Kirana/General Store,SP010_Pooja,Snacks & Confectionery,CrispBite Chips 50g,253.18,20,5063.6,5,253.18,4810.42,4496.29,Delivered,0,0.0,Indirect,Cash
ORD101596,2024-01-26,Jan-2024,East,West Bengal,Kolkata,D006,Kolkata Enterprises,Distributor,OUT0127,Modern Trade,SP008_Neha,Home Care,CleanWave Detergent 1kg,316.18,20,6323.6,2,126.47,6197.13,5704.22,Delivered,0,0.0,Indirect,Credit
ORD102249,2024-01-26,Jan-2024,Central,Madhya Pradesh,Bhopal,D029,Bhopal Distribution Co,Super Stockist,OUT0003,Convenience Store,SP037_Sanjay,Personal Care,GlowSoft Soap 100g,220.25,38,8369.5,0,0.0,8369.5,7424.0,Delivered,0,0.0,Direct,Credit
ORD100483,2024-01-26,Jan-2024,South,Tamil Nadu,Coimbatore,D023,Coimbatore Marketing,Super Stockist,OUT0191,Convenience Store,SP022_Amit,Home Care,PureAir Freshener 250ml,53.45,41,2191.45,0,0.0,2191.45,2722.1,Delivered,0,0.0,Indirect,Cash
ORD102118,2024-01-27,Jan-2024,South,Karnataka,Mysuru,D017,Mysuru Enterprises,Distributor,OUT0176,Kirana/General Store,SP003_Priya,Home Care,SparkleShine Dishwash 500ml,244.91,35,8571.85,5,428.59,8143.26,8528.6,Delivered,0,0.0,Indirect,UPI/Online
ORD101228,2024-01-27,Jan-2024,West,Goa,Panaji,D019,Panaji Traders,Distributor,OUT0076,Modern Trade,SP015_Arjun,Home Care,ShineFloor Cleaner 1L,122.86,31,3808.66,8,304.69,3503.97,4213.32,Delivered,0,0.0,Direct,Credit
ORD102399,2024-01-27,Jan-2024,North,Delhi,New Delhi,D001,New Delhi Traders,Super Stockist,OUT0001,Kirana/General Store,SP024_Sneha,Home Care,SparkleShine Dishwash 500ml,152.05,11,1672.55,2,33.45,1639.1,1759.78,Delivered,0,0.0,Direct,Credit
ORD101747,2024-01-27,Jan-2024,East,Odisha,Bhubaneswar,D028,Bhubaneswar Distribution Co,Wholesaler,OUT0156,Modern Trade,SP037_Sanjay,Home Care,ShineFloor Cleaner 1L,192.81,39,7519.59,2,150.39,7369.2,6752.78,Cancelled,0,0.0,Direct,Cash
ORD100382,2024-01-27,Jan-2024,Central,Chhattisgarh,Raipur,D005,Raipur Enterprises,Wholesaler,OUT0102,Convenience Store,SP007_Suresh,Personal Care,ShinyLocks Shampoo 200ml,70.97,22,1561.34,0,0.0,1561.34,1582.97,Delivered,0,0.0,Indirect,Cash
ORD101384,2024-01-27,Jan-2024,East,Odisha,Bhubaneswar,D028,Bhubaneswar Distribution Co,Wholesaler,OUT0031,Convenience Store,SP026_Anjali,Dairy & Food Staples,DailyFresh Ghee 500ml,103.23,22,2271.06,0,0.0,2271.06,2060.93,Delivered,0,0.0,Indirect,Cash
ORD101695,2024-01-27,Jan-2024,Central,Chhattisgarh,Raipur,D026,Raipur Agencies,Distributor,OUT0154,Kirana/General Store,SP017_Sanjay,Dairy & Food Staples,DailyFresh Ghee 500ml,235.69,11,2592.59,2,51.85,2540.74,2692.87,Delivered,0,0.0,Direct,Credit
ORD100065,2024-01-27,Jan-2024,Central,Chhattisgarh,Raipur,D009,Raipur Enterprises,Wholesaler,OUT0053,Modern Trade,SP032_Divya,Personal Care,ShinyLocks Shampoo 200ml,315.52,25,7888.0,0,0.0,7888.0,6992.83,Cancelled,0,0.0,Indirect,Credit
ORD101424,2024-01-27,Jan-2024,South,Tamil Nadu,Coimbatore,D020,Coimbatore Marketing,Distributor,OUT0109,Wholesale Shop,SP022_Amit,Home Care,ShineFloor Cleaner 1L,307.91,67,20629.97,2,412.6,20217.37,21447.16,Delivered,0,0.0,Direct,Cash
ORD102515,2024-01-28,Jan-2024,West,Gujarat,Surat,D027,Surat Agencies,Wholesaler,OUT0133,Convenience Store,SP004_Sneha,Snacks & Confectionery,CrispBite Chips 100g,205.05,27,5536.35,0,0.0,5536.35,5368.22,Delivered,0,0.0,Indirect,Cash
ORD101224,2024-01-28,Jan-2024,South,Tamil Nadu,Coimbatore,D020,Coimbatore Marketing,Distributor,OUT0086,Kirana/General Store,SP040_Shreya,Dairy & Food Staples,GoldenGrain Atta 5kg,32.66,44,1437.04,2,28.74,1408.3,1559.16,Delivered,0,0.0,Indirect,UPI/Online
ORD100545,2024-01-28,Jan-2024,Central,Madhya Pradesh,Bhopal,D029,Bhopal Distribution Co,Super Stockist,OUT0003,Convenience Store,SP005_Vikram,Snacks & Confectionery,SweetPuff Biscuit 100g,24.75,15,371.25,5,18.56,352.69,305.28,Delivered,0,0.0,Indirect,Cash
ORD100879,2024-01-28,Jan-2024,Central,Madhya Pradesh,Jabalpur,D025,Jabalpur Agencies,Wholesaler,OUT0165,Convenience Store,SP026_Anjali,Personal Care,GlowSoft Soap 100g,207.53,19,3943.07,5,197.15,3745.92,4037.06,Cancelled,0,0.0,Direct,Credit
ORD100750,2024-01-28,Jan-2024,South,Karnataka,Mysuru,D017,Mysuru Enterprises,Distributor,OUT0079,Kirana/General Store,SP010_Pooja,Dairy & Food Staples,PureDrop Milk 500ml,330.88,38,12573.44,0,0.0,12573.44,13424.7,Delivered,0,0.0,Direct,UPI/Online
ORD100463,2024-01-28,Jan-2024,West,Goa,Panaji,D019,Panaji Traders,Distributor,OUT0026,Supermarket,SP036_Meera,Personal Care,ShinyLocks Shampoo 200ml,120.3,3,360.9,0,0.0,360.9,446.34,Delivered,0,0.0,Indirect,Credit
ORD103710,2024-01-28,Jan-2024,North,Delhi,New Delhi,D003,New Delhi Traders,Super Stockist,OUT0082,Supermarket,SP006_Anjali,Home Care,CleanWave Detergent 1kg,46.6,28,1304.8,8,104.38,1200.42,1462.88,Delivered,0,0.0,Indirect,UPI/Online
ORD100761,2024-01-28,Jan-2024,Central,Madhya Pradesh,Bhopal,D029,Bhopal Distribution Co,Super Stockist,OUT0063,Kirana/General Store,SP001_Rahul,Dairy & Food Staples,GoldenGrain Atta 5kg,187.94,16,3007.04,10,300.7,2706.34,3142.65,Delivered,0,0.0,Indirect,Credit
ORD100173,2024-01-28,Jan-2024,Central,Chhattisgarh,Raipur,D005,Raipur Enterprises,Wholesaler,OUT0102,Convenience Store,SP024_Sneha,Dairy & Food Staples,DailyFresh Ghee 500ml,75.12,13,976.56,0,0.0,976.56,1083.84,Returned,2,150.24,Direct,Cash
ORD101621,2024-01-28,Jan-2024,Central,Chhattisgarh,Raipur,D009,Raipur Enterprises,Wholesaler,OUT0113,Kirana/General Store,SP025_Vikram,Personal Care,FreshBreath Toothpaste 150g,157.63,19,2994.97,0,0.0,2994.97,3544.75,Cancelled,0,0.0,Direct,UPI/Online
ORD103098,2024-01-28,Jan-2024,West,Gujarat,Surat,D027,Surat Agencies,Wholesaler,OUT0008,Kirana/General Store,SP014_Kavita,Snacks & Confectionery,ChocoNut Bar 40g,327.68,12,3932.16,10,393.22,3538.94,3601.04,Cancelled,0,0.0,Direct,Cash
ORD102609,2024-01-28,Jan-2024,North,Uttar Pradesh,Lucknow,D010,Lucknow Marketing,Distributor,OUT0117,Wholesale Shop,SP013_Manoj,Home Care,SparkleShine Dishwash 500ml,235.16,27,6349.32,8,507.95,5841.37,5905.52,Delivered,0,0.0,Indirect,UPI/Online
ORD101062,2024-01-29,Jan-2024,Central,Chhattisgarh,Raipur,D021,Raipur Traders,Super Stockist,OUT0126,Convenience Store,SP021_Rahul,Dairy & Food Staples,DailyFresh Ghee 500ml,48.18,50,2409.0,2,48.18,2360.82,2259.46,Cancelled,0,0.0,Indirect,Cash
ORD103415,2024-01-29,Jan-2024,North,Delhi,New Delhi,D003,New Delhi Traders,Super Stockist,OUT0184,Convenience Store,SP007_Suresh,Snacks & Confectionery,SweetPuff Biscuit 100g,76.4,44,3361.6,0,0.0,3361.6,3023.08,Delivered,0,0.0,Direct,Credit
ORD100902,2024-01-29,Jan-2024,Central,Chhattisgarh,Raipur,D022,Raipur Agencies,Super Stockist,OUT0162,Supermarket,SP006_Anjali,Beverages,OrangeZest Juice 1L,38.81,18,698.58,8,55.89,642.69,558.88,Delivered,0,0.0,Indirect,Credit
ORD100406,2024-01-29,Jan-2024,North,Punjab,Amritsar,D018,Amritsar Traders,Wholesaler,OUT0128,Modern Trade,SP007_Suresh,Dairy & Food Staples,GoldenGrain Atta 5kg,45.62,7,319.34,0,0.0,319.34,374.68,Delivered,0,0.0,Direct,Credit
ORD102606,2024-01-29,Jan-2024,Central,Madhya Pradesh,Bhopal,D029,Bhopal Distribution Co,Super Stockist,OUT0030,Kirana/General Store,SP040_Shreya,Home Care,SparkleShine Dishwash 500ml,223.56,18,4024.08,2,80.48,3943.6,3423.84,Returned,1,223.56,Direct,Cash
ORD101977,2024-01-29,Jan-2024,South,Telangana,Hyderabad,D012,Hyderabad Traders,Super Stockist,OUT0105,Convenience Store,SP002_Amit,Personal Care,ShinyLocks Shampoo 200ml,69.65,59,4109.35,2,82.19,4027.16,3853.74,Delivered,0,0.0,Indirect,Credit
ORD102056,2024-01-30,Jan-2024,Central,Chhattisgarh,Raipur,D009,Raipur Enterprises,Wholesaler,OUT0164,Kirana/General Store,SP018_Rina,Beverages,OrangeZest Juice 1L,339.32,3,1017.96,0,0.0,1017.96,1219.88,Delivered,0,0.0,Indirect,UPI/Online
ORD103172,2024-01-30,Jan-2024,Central,Chhattisgarh,Raipur,D021,Raipur Traders,Super Stockist,OUT0057,Wholesale Shop,SP011_Ravi,Home Care,ShineFloor Cleaner 1L,225.87,11,2484.57,2,49.69,2434.88,2813.06,Pending,0,0.0,Indirect,UPI/Online
ORD103120,2024-01-30,Jan-2024,Central,Chhattisgarh,Raipur,D022,Raipur Agencies,Super Stockist,OUT0045,Kirana/General Store,SP012_Divya,Personal Care,FreshBreath Toothpaste 150g,214.31,55,11787.05,0,0.0,11787.05,11090.3,Delivered,0,0.0,Direct,Cash
ORD101468,2024-01-30,Jan-2024,North,Uttar Pradesh,Lucknow,D008,Lucknow Distribution Co,Distributor,OUT0161,Kirana/General Store,SP012_Divya,Beverages,OrangeZest Juice 1L,328.17,28,9188.76,5,459.44,8729.32,9789.22,Returned,4,1312.68,Indirect,Credit
ORD101418,2024-01-30,Jan-2024,North,Uttar Pradesh,Lucknow,D008,Lucknow Distribution Co,Distributor,OUT0022,Supermarket,SP028_Neha,Personal Care,SilkTouch Lotion 200ml,51.31,10,513.1,5,25.66,487.44,420.99,Delivered,0,0.0,Indirect,Cash
ORD102907,2024-01-30,Jan-2024,North,Delhi,New Delhi,D003,New Delhi Traders,Super Stockist,OUT0023,Convenience Store,SP029_Karan,Home Care,SparkleShine Dishwash 500ml,227.61,32,7283.52,0,0.0,7283.52,6316.01,Delivered,0,0.0,Direct,Credit
ORD100990,2024-01-30,Jan-2024,North,Uttar Pradesh,Lucknow,D008,Lucknow Distribution Co,Distributor,OUT0038,Modern Trade,SP023_Priya,Personal Care,SilkTouch Lotion 200ml,27.25,30,817.5,0,0.0,817.5,922.94,Delivered,0,0.0,Indirect,Cash
ORD103519,2024-01-30,Jan-2024,East,Bihar,Patna,D014,Patna Distribution Co,Wholesaler,OUT0043,Modern Trade,SP019_Deepak,Personal Care,SilkTouch Lotion 200ml,305.64,4,1222.56,10,122.26,1100.3,1114.54,Delivered,0,0.0,Indirect,UPI/Online
ORD100151,2024-01-30,Jan-2024,North,Punjab,Ludhiana,D015,Ludhiana Traders,Distributor,OUT0095,Convenience Store,SP040_Shreya,Personal Care,GlowSoft Soap 100g,23.63,30,708.9,10,70.89,638.01,694.77,Pending,0,0.0,Indirect,Cash
ORD100935,2024-01-31,Jan-2024,South,Karnataka,Bengaluru,D002,Bengaluru Marketing,Distributor,OUT0072,Wholesale Shop,SP027_Suresh,Snacks & Confectionery,CrispBite Chips 50g,312.58,53,16566.74,2,331.33,16235.41,14407.69,Delivered,0,0.0,Indirect,Credit
ORD103322,2024-01-31,Jan-2024,North,Punjab,Amritsar,D018,Amritsar Traders,Wholesaler,OUT0025,Supermarket,SP001_Rahul,Home Care,SparkleShine Dishwash 500ml,32.64,34,1109.76,0,0.0,1109.76,1202.62,Delivered,0,0.0,Direct,UPI/Online
ORD100718,2024-01-31,Jan-2024,North,Uttar Pradesh,Lucknow,D008,Lucknow Distribution Co,Distributor,OUT0092,Convenience Store,SP021_Rahul,Snacks & Confectionery,CrispBite Chips 50g,89.34,42,3752.28,0,0.0,3752.28,4041.04,Delivered,0,0.0,Direct,Cash
ORD103579,2024-01-31,Jan-2024,South,Tamil Nadu,Coimbatore,D023,Coimbatore Marketing,Super Stockist,OUT0068,Wholesale Shop,SP035_Arjun,Dairy & Food Staples,SunRice Basmati 1kg,265.22,45,11934.9,0,0.0,11934.9,12228.84,Delivered,0,0.0,Indirect,Cash
ORD102330,2024-01-31,Jan-2024,Central,Madhya Pradesh,Bhopal,D029,Bhopal Distribution Co,Super Stockist,OUT0003,Convenience Store,SP018_Rina,Beverages,OrangeZest Juice 1L,202.5,39,7897.5,2,157.95,7739.55,9289.48,Delivered,0,0.0,Indirect,UPI/Online
ORD102742,2024-01-31,Jan-2024,East,Bihar,Patna,D014,Patna Distribution Co,Wholesaler,OUT0043,Modern Trade,SP006_Anjali,Dairy & Food Staples,PureDrop Milk 500ml,290.56,8,2324.48,5,116.22,2208.26,1897.38,Delivered,0,0.0,Indirect,UPI/Online
ORD101612,2024-01-31,Jan-2024,North,Punjab,Ludhiana,D015,Ludhiana Traders,Distributor,OUT0055,Wholesale Shop,SP013_Manoj,Beverages,FreshSip Cola 500ml,340.79,24,8178.96,5,408.95,7770.01,7416.32,Delivered,0,0.0,Indirect,Credit
ORD103492,2024-01-31,Jan-2024,Central,Madhya Pradesh,Bhopal,D029,Bhopal Distribution Co,Super Stockist,OUT0030,Kirana/General Store,SP022_Amit,Dairy & Food Staples,GoldenGrain Atta 5kg,176.44,15,2646.6,10,264.66,2381.94,2786.67,Delivered,0,0.0,Indirect,Credit
ORD102192,2024-02-01,Feb-2024,Central,Madhya Pradesh,Jabalpur,D025,Jabalpur Agencies,Wholesaler,OUT0017,Supermarket,SP040_Shreya,Home Care,PureAir Freshener 250ml,301.21,35,10542.35,5,527.12,10015.23,11751.92,Cancelled,0,0.0,Indirect,Cash
ORD102874,2024-02-01,Feb-2024,Central,Chhattisgarh,Raipur,D022,Raipur Agencies,Super Stockist,OUT0186,Kirana/General Store,SP016_Meera,Snacks & Confectionery,ChocoNut Bar 40g,329.69,31,10220.39,10,1022.04,9198.35,10931.18,Delivered,0,0.0,Indirect,UPI/Online
ORD101446,2024-02-01,Feb-2024,Central,Madhya Pradesh,Bhopal,D029,Bhopal Distribution Co,Super Stockist,OUT0131,Supermarket,SP024_Sneha,Home Care,CleanWave Detergent 1kg,209.93,14,2939.02,10,293.9,2645.12,3068.22,Pending,0,0.0,Direct,Credit
ORD100773,2024-02-01,Feb-2024,North,Uttar Pradesh,Lucknow,D008,Lucknow Distribution Co,Distributor,OUT0161,Kirana/General Store,SP036_Meera,Personal Care,SilkTouch Lotion 200ml,75.3,8,602.4,2,12.05,590.35,676.42,Delivered,0,0.0,Indirect,Cash
ORD102862,2024-02-01,Feb-2024,South,Karnataka,Mysuru,D017,Mysuru Enterprises,Distributor,OUT0079,Kirana/General Store,SP031_Ravi,Personal Care,SilkTouch Lotion 200ml,291.11,27,7859.97,2,157.2,7702.77,8755.66,Delivered,0,0.0,Indirect,Cash
ORD100893,2024-02-01,Feb-2024,South,Tamil Nadu,Coimbatore,D020,Coimbatore Marketing,Distributor,OUT0098,Wholesale Shop,SP017_Sanjay,Home Care,PureAir Freshener 250ml,320.9,16,5134.4,8,410.75,4723.65,4883.01,Delivered,0,0.0,Indirect,Credit
ORD103350,2024-02-01,Feb-2024,North,Delhi,New Delhi,D003,New Delhi Traders,Super Stockist,OUT0006,Kirana/General Store,SP026_Anjali,Beverages,MintCool Soda 300ml,41.8,27,1128.6,0,0.0,1128.6,1371.34,Delivered,0,0.0,Direct,Credit
ORD100437,2024-02-01,Feb-2024,North,Delhi,New Delhi,D003,New Delhi Traders,Super Stockist,OUT0023,Convenience Store,SP034_Kavita,Personal Care,SilkTouch Lotion 200ml,66.46,23,1528.58,8,122.29,1406.29,1278.02,Delivered,0,0.0,Direct,Cash
ORD102015,2024-02-01,Feb-2024,Central,Chhattisgarh,Raipur,D009,Raipur Enterprises,Wholesaler,OUT0153,Supermarket,SP011_Ravi,Snacks & Confectionery,ChocoNut Bar 40g,107.86,51,5500.86,2,110.02,5390.84,6384.75,Delivered,0,0.0,Direct,Credit
ORD101033,2024-02-01,Feb-2024,West,Gujarat,Surat,D027,Surat Agencies,Wholesaler,OUT0008,Kirana/General Store,SP023_Priya,Dairy & Food Staples,PureDrop Milk 500ml,202.06,17,3435.02,12,412.2,3022.82,2956.68,Delivered,0,0.0,Direct,Credit
ORD102187,2024-02-01,Feb-2024,Central,Madhya Pradesh,Bhopal,D029,Bhopal Distribution Co,Super Stockist,OUT0114,Kirana/General Store,SP017_Sanjay,Snacks & Confectionery,CrispBite Chips 50g,38.43,12,461.16,8,36.89,424.27,457.06,Delivered,0,0.0,Direct,Cash
ORD100872,2024-02-01,Feb-2024,Central,Chhattisgarh,Raipur,D022,Raipur Agencies,Super Stockist,OUT0162,Supermarket,SP019_Deepak,Home Care,SparkleShine Dishwash 500ml,98.79,10,987.9,2,19.76,968.14,907.13,Delivered,0,0.0,Indirect,UPI/Online
ORD101663,2024-02-01,Feb-2024,North,Delhi,New Delhi,D003,New Delhi Traders,Super Stockist,OUT0032,Wholesale Shop,SP010_Pooja,Dairy & Food Staples,PureDrop Milk 500ml,128.03,13,1664.39,8,133.15,1531.24,1815.23,Delivered,0,0.0,Indirect,UPI/Online
ORD100154,2024-02-01,Feb-2024,Central,Chhattisgarh,Raipur,D005,Raipur Enterprises,Wholesaler,OUT0116,Convenience Store,SP033_Manoj,Beverages,OrangeZest Juice 1L,100.97,7,706.79,5,35.34,671.45,722.86,Delivered,0,0.0,Indirect,Cash
ORD103581,2024-02-01,Feb-2024,South,Tamil Nadu,Coimbatore,D020,Coimbatore Marketing,Distributor,OUT0196,Wholesale Shop,SP001_Rahul,Beverages,MintCool Soda 300ml,202.44,17,3441.48,5,172.07,3269.41,3199.83,Delivered,0,0.0,Indirect,UPI/Online
ORD100240,2024-02-01,Feb-2024,Central,Madhya Pradesh,Jabalpur,D030,Jabalpur Distribution Co,Distributor,OUT0181,Wholesale Shop,SP031_Ravi,Snacks & Confectionery,CrispBite Chips 100g,28.46,10,284.6,5,14.23,270.37,295.56,Delivered,0,0.0,Indirect,UPI/Online
ORD101685,2024-02-02,Feb-2024,Central,Madhya Pradesh,Jabalpur,D030,Jabalpur Distribution Co,Distributor,OUT0016,Wholesale Shop,SP005_Vikram,Dairy & Food Staples,DailyFresh Ghee 500ml,96.24,34,3272.16,5,163.61,3108.55,3182.0,Pending,0,0.0,Direct,UPI/Online
ORD101139,2024-02-02,Feb-2024,South,Tamil Nadu,Coimbatore,D020,Coimbatore Marketing,Distributor,OUT0087,Kirana/General Store,SP036_Meera,Home Care,CleanWave Detergent 1kg,127.09,21,2668.89,5,133.44,2535.45,2648.47,Delivered,0,0.0,Indirect,Cash
ORD100500,2024-02-02,Feb-2024,South,Tamil Nadu,Coimbatore,D020,Coimbatore Marketing,Distributor,OUT0087,Kirana/General Store,SP020_Shreya,Personal Care,FreshBreath Toothpaste 150g,108.72,34,3696.48,8,295.72,3400.76,3747.97,Delivered,0,0.0,Indirect,Credit
ORD102944,2024-02-02,Feb-2024,West,Rajasthan,Jodhpur,D013,Jodhpur Distribution Co,Super Stockist,OUT0019,Convenience Store,SP015_Arjun,Dairy & Food Staples,DailyFresh Ghee 500ml,274.05,13,3562.65,2,71.25,3491.4,3541.37,Delivered,0,0.0,Indirect,Cash
ORD100376,2024-02-02,Feb-2024,North,Uttar Pradesh,Lucknow,D010,Lucknow Marketing,Distributor,OUT0137,Convenience Store,SP032_Divya,Home Care,SparkleShine Dishwash 500ml,196.21,6,1177.26,5,58.86,1118.4,1005.67,Delivered,0,0.0,Indirect,Cash
ORD103510,2024-02-02,Feb-2024,East,Odisha,Bhubaneswar,D007,Bhubaneswar Distribution Co,Super Stockist,OUT0091,Convenience Store,SP007_Suresh,Snacks & Confectionery,ChocoNut Bar 40g,276.77,21,5812.17,0,0.0,5812.17,7177.48,Delivered,0,0.0,Direct,Credit
ORD103823,2024-02-02,Feb-2024,South,Karnataka,Mysuru,D017,Mysuru Enterprises,Distributor,OUT0079,Kirana/General Store,SP007_Suresh,Home Care,CleanWave Detergent 1kg,343.22,13,4461.86,0,0.0,4461.86,4266.06,Delivered,0,0.0,Indirect,UPI/Online
ORD100179,2024-02-02,Feb-2024,North,Uttar Pradesh,Lucknow,D008,Lucknow Distribution Co,Distributor,OUT0029,Kirana/General Store,SP016_Meera,Home Care,CleanWave Detergent 1kg,287.14,30,8614.2,5,430.71,8183.49,8293.0,Delivered,0,0.0,Indirect,UPI/Online
ORD100689,2024-02-02,Feb-2024,North,Delhi,New Delhi,D003,New Delhi Traders,Super Stockist,OUT0122,Modern Trade,SP034_Kavita,Dairy & Food Staples,PureDrop Milk 500ml,213.59,10,2135.9,0,0.0,2135.9,2353.84,Delivered,0,0.0,Direct,Credit
ORD103590,2024-02-02,Feb-2024,West,Gujarat,Surat,D027,Surat Agencies,Wholesaler,OUT0158,Modern Trade,SP017_Sanjay,Personal Care,SilkTouch Lotion 200ml,231.76,42,9733.92,10,973.39,8760.53,10899.84,Delivered,0,0.0,Direct,Credit
ORD100405,2024-02-02,Feb-2024,South,Tamil Nadu,Coimbatore,D023,Coimbatore Marketing,Super Stockist,OUT0068,Wholesale Shop,SP024_Sneha,Dairy & Food Staples,PureDrop Milk 500ml,272.82,33,9003.06,5,450.15,8552.91,8938.23,Delivered,0,0.0,Indirect,UPI/Online
ORD103129,2024-02-02,Feb-2024,West,Goa,Panaji,D024,Panaji Marketing,Distributor,OUT0047,Convenience Store,SP022_Amit,Snacks & Confectionery,ChocoNut Bar 40g,155.02,18,2790.36,0,0.0,2790.36,3138.7,Delivered,0,0.0,Indirect,UPI/Online
ORD103556,2024-02-02,Feb-2024,Central,Chhattisgarh,Raipur,D011,Raipur Agencies,Super Stockist,OUT0168,Kirana/General Store,SP033_Manoj,Beverages,FreshSip Cola 250ml,193.75,11,2131.25,0,0.0,2131.25,2304.57,Cancelled,0,0.0,Indirect,Cash
ORD101276,2024-02-02,Feb-2024,North,Uttar Pradesh,Lucknow,D010,Lucknow Marketing,Distributor,OUT0137,Convenience Store,SP037_Sanjay,Home Care,SparkleShine Dishwash 500ml,278.06,31,8619.86,2,172.4,8447.46,10014.03,Delivered,0,0.0,Indirect,Credit
ORD101222,2024-02-02,Feb-2024,North,Uttar Pradesh,Lucknow,D008,Lucknow Distribution Co,Distributor,OUT0161,Kirana/General Store,SP038_Rina,Beverages,FreshSip Cola 250ml,125.46,14,1756.44,0,0.0,1756.44,2021.6,Delivered,0,0.0,Indirect,Cash
ORD100594,2024-02-02,Feb-2024,Central,Chhattisgarh,Raipur,D022,Raipur Agencies,Super Stockist,OUT0194,Modern Trade,SP023_Priya,Dairy & Food Staples,PureDrop Milk 500ml,132.19,20,2643.8,0,0.0,2643.8,3236.52,Pending,0,0.0,Indirect,Cash
ORD100432,2024-02-03,Feb-2024,North,Punjab,Ludhiana,D015,Ludhiana Traders,Distributor,OUT0051,Supermarket,SP008_Neha,Home Care,SparkleShine Dishwash 500ml,59.67,37,2207.79,0,0.0,2207.79,1877.82,Delivered,0,0.0,Direct,Credit
ORD103425,2024-02-03,Feb-2024,Central,Madhya Pradesh,Bhopal,D029,Bhopal Distribution Co,Super Stockist,OUT0112,Supermarket,SP010_Pooja,Dairy & Food Staples,PureDrop Milk 500ml,235.16,15,3527.4,5,176.37,3351.03,4094.98,Delivered,0,0.0,Direct,Credit
ORD102109,2024-02-03,Feb-2024,South,Tamil Nadu,Coimbatore,D020,Coimbatore Marketing,Distributor,OUT0087,Kirana/General Store,SP013_Manoj,Snacks & Confectionery,ChocoNut Bar 40g,127.4,19,2420.6,5,121.03,2299.57,2836.47,Delivered,0,0.0,Direct,Credit
ORD100158,2024-02-03,Feb-2024,North,Uttar Pradesh,Lucknow,D008,Lucknow Distribution Co,Distributor,OUT0085,Wholesale Shop,SP039_Deepak,Beverages,MintCool Soda 300ml,247.17,7,1730.19,8,138.42,1591.77,1526.28,Delivered,0,0.0,Direct,UPI/Online
ORD103654,2024-02-03,Feb-2024,Central,Madhya Pradesh,Jabalpur,D030,Jabalpur Distribution Co,Distributor,OUT0002,Convenience Store,SP005_Vikram,Home Care,ShineFloor Cleaner 1L,111.4,15,1671.0,5,83.55,1587.45,1353.32,Delivered,0,0.0,Direct,UPI/Online
ORD102435,2024-02-03,Feb-2024,East,Odisha,Bhubaneswar,D007,Bhubaneswar Distribution Co,Super Stockist,OUT0200,Modern Trade,SP022_Amit,Personal Care,ShinyLocks Shampoo 200ml,36.7,19,697.3,5,34.86,662.44,821.75,Delivered,0,0.0,Direct,Credit
ORD101004,2024-02-03,Feb-2024,East,West Bengal,Kolkata,D006,Kolkata Enterprises,Distributor,OUT0078,Kirana/General Store,SP014_Kavita,Beverages,FreshSip Cola 250ml,120.01,8,960.08,0,0.0,960.08,1042.98,Delivered,0,0.0,Indirect,UPI/Online
ORD102796,2024-02-03,Feb-2024,Central,Madhya Pradesh,Bhopal,D029,Bhopal Distribution Co,Super Stockist,OUT0114,Kirana/General Store,SP025_Vikram,Beverages,FreshSip Cola 500ml,109.5,15,1642.5,8,131.4,1511.1,1394.83,Delivered,0,0.0,Indirect,Cash
ORD102383,2024-02-03,Feb-2024,South,Telangana,Hyderabad,D012,Hyderabad Traders,Super Stockist,OUT0042,Modern Trade,SP015_Arjun,Beverages,OrangeZest Juice 1L,270.24,11,2972.64,5,148.63,2824.01,2964.84,Delivered,0,0.0,Indirect,Cash
ORD103872,2024-02-03,Feb-2024,North,Delhi,New Delhi,D001,New Delhi Traders,Super Stockist,OUT0065,Modern Trade,SP011_Ravi,Snacks & Confectionery,SweetPuff Biscuit 100g,252.86,42,10620.12,0,0.0,10620.12,9051.27,Delivered,0,0.0,Indirect,Credit
ORD100847,2024-02-03,Feb-2024,East,Bihar,Patna,D014,Patna Distribution Co,Wholesaler,OUT0088,Wholesale Shop,SP037_Sanjay,Snacks & Confectionery,SweetPuff Biscuit 100g,36.56,21,767.76,5,38.39,729.37,673.73,Delivered,0,0.0,Indirect,Credit
ORD102296,2024-02-03,Feb-2024,North,Delhi,New Delhi,D003,New Delhi Traders,Super Stockist,OUT0023,Convenience Store,SP016_Meera,Personal Care,FreshBreath Toothpaste 150g,199.6,21,4191.6,2,83.83,4107.77,3812.06,Delivered,0,0.0,Indirect,UPI/Online
ORD101308,2024-02-03,Feb-2024,Central,Madhya Pradesh,Jabalpur,D004,Jabalpur Traders,Wholesaler,OUT0169,Convenience Store,SP027_Suresh,Personal Care,FreshBreath Toothpaste 150g,243.51,31,7548.81,0,0.0,7548.81,9245.63,Delivered,0,0.0,Direct,Cash
ORD101018,2024-02-03,Feb-2024,Central,Chhattisgarh,Raipur,D022,Raipur Agencies,Super Stockist,OUT0094,Convenience Store,SP008_Neha,Snacks & Confectionery,ChocoNut Bar 40g,323.85,22,7124.7,10,712.47,6412.23,5616.86,Delivered,0,0.0,Direct,Credit
ORD100988,2024-02-04,Feb-2024,Central,Chhattisgarh,Raipur,D026,Raipur Agencies,Distributor,OUT0154,Kirana/General Store,SP031_Ravi,Personal Care,SilkTouch Lotion 200ml,37.99,22,835.78,5,41.79,793.99,737.68,Delivered,0,0.0,Indirect,Credit
ORD102855,2024-02-04,Feb-2024,South,Tamil Nadu,Coimbatore,D020,Coimbatore Marketing,Distributor,OUT0109,Wholesale Shop,SP024_Sneha,Personal Care,ShinyLocks Shampoo 200ml,42.33,35,1481.55,0,0.0,1481.55,1304.71,Returned,5,211.65,Direct,UPI/Online
ORD100767,2024-02-04,Feb-2024,North,Punjab,Amritsar,D018,Amritsar Traders,Wholesaler,OUT0100,Supermarket,SP019_Deepak,Personal Care,FreshBreath Toothpaste 150g,128.95,7,902.65,12,108.32,794.33,769.75,Delivered,0,0.0,Indirect,Cash
ORD103491,2024-02-04,Feb-2024,Central,Chhattisgarh,Raipur,D005,Raipur Enterprises,Wholesaler,OUT0011,Modern Trade,SP023_Priya,Snacks & Confectionery,ChocoNut Bar 40g,277.03,44,12189.32,2,243.79,11945.53,13164.19,Delivered,0,0.0,Indirect,Credit
ORD102776,2024-02-04,Feb-2024,South,Telangana,Hyderabad,D012,Hyderabad Traders,Super Stockist,OUT0183,Modern Trade,SP009_Karan,Personal Care,ShinyLocks Shampoo 200ml,41.42,11,455.62,5,22.78,432.84,448.37,Delivered,0,0.0,Indirect,UPI/Online
ORD100122,2024-02-04,Feb-2024,North,Delhi,New Delhi,D001,New Delhi Traders,Super Stockist,OUT0024,Wholesale Shop,SP024_Sneha,Beverages,FreshSip Cola 250ml,70.05,11,770.55,0,0.0,770.55,889.97,Delivered,0,0.0,Indirect,UPI/Online
ORD102214,2024-02-04,Feb-2024,Central,Chhattisgarh,Raipur,D005,Raipur Enterprises,Wholesaler,OUT0116,Convenience Store,SP010_Pooja,Home Care,SparkleShine Dishwash 500ml,80.54,40,3221.6,8,257.73,2963.87,3540.8,Delivered,0,0.0,Indirect,Credit
ORD103705,2024-02-04,Feb-2024,Central,Chhattisgarh,Raipur,D009,Raipur Enterprises,Wholesaler,OUT0113,Kirana/General Store,SP021_Rahul,Snacks & Confectionery,CrispBite Chips 50g,277.44,44,12207.36,0,0.0,12207.36,11514.98,Delivered,0,0.0,Indirect,Cash
ORD100346,2024-02-04,Feb-2024,South,Karnataka,Mysuru,D017,Mysuru Enterprises,Distributor,OUT0077,Wholesale Shop,SP007_Suresh,Beverages,FreshSip Cola 250ml,302.39,13,3931.07,8,314.49,3616.58,4004.11,Delivered,0,0.0,Direct,Credit
ORD103123,2024-02-04,Feb-2024,North,Delhi,New Delhi,D001,New Delhi Traders,Super Stockist,OUT0149,Supermarket,SP011_Ravi,Beverages,FreshSip Cola 250ml,248.09,25,6202.25,2,124.04,6078.21,7280.38,Pending,0,0.0,Indirect,Cash
ORD103374,2024-02-05,Feb-2024,North,Uttar Pradesh,Lucknow,D008,Lucknow Distribution Co,Distributor,OUT0161,Kirana/General Store,SP026_Anjali,Snacks & Confectionery,ChocoNut Bar 40g,101.7,19,1932.3,2,38.65,1893.65,1703.76,Returned,3,305.1,Indirect,Credit
ORD103775,2024-02-05,Feb-2024,North,Punjab,Ludhiana,D015,Ludhiana Traders,Distributor,OUT0055,Wholesale Shop,SP005_Vikram,Personal Care,GlowSoft Soap 100g,239.38,10,2393.8,0,0.0,2393.8,2426.08,Delivered,0,0.0,Indirect,Credit
ORD103769,2024-02-05,Feb-2024,North,Punjab,Amritsar,D018,Amritsar Traders,Wholesaler,OUT0198,Kirana/General Store,SP010_Pooja,Dairy & Food Staples,SunRice Basmati 1kg,67.85,41,2781.85,10,278.18,2503.67,2195.38,Delivered,0,0.0,Indirect,Cash
ORD103320,2024-02-05,Feb-2024,Central,Chhattisgarh,Raipur,D026,Raipur Agencies,Distributor,OUT0147,Supermarket,SP038_Rina,Personal Care,ShinyLocks Shampoo 200ml,25.51,58,1479.58,5,73.98,1405.6,1599.42,Delivered,0,0.0,Indirect,UPI/Online
ORD100028,2024-02-05,Feb-2024,Central,Madhya Pradesh,Jabalpur,D004,Jabalpur Traders,Wholesaler,OUT0130,Kirana/General Store,SP007_Suresh,Personal Care,GlowSoft Soap 100g,188.99,31,5858.69,5,292.93,5565.76,6816.34,Delivered,0,0.0,Indirect,Credit
ORD100387,2024-02-05,Feb-2024,Central,Chhattisgarh,Raipur,D005,Raipur Enterprises,Wholesaler,OUT0136,Kirana/General Store,SP023_Priya,Dairy & Food Staples,PureDrop Milk 500ml,313.17,18,5637.06,8,450.96,5186.1,5006.46,Returned,5,1565.85,Indirect,Credit
ORD103151,2024-02-06,Feb-2024,West,Rajasthan,Jodhpur,D013,Jodhpur Distribution Co,Super Stockist,OUT0083,Kirana/General Store,SP021_Rahul,Home Care,SparkleShine Dishwash 500ml,109.47,35,3831.45,12,459.77,3371.68,3082.36,Delivered,0,0.0,Direct,UPI/Online
ORD103741,2024-02-06,Feb-2024,West,Goa,Panaji,D024,Panaji Marketing,Distributor,OUT0073,Wholesale Shop,SP032_Divya,Dairy & Food Staples,SunRice Basmati 1kg,343.16,33,11324.28,0,0.0,11324.28,12539.61,Delivered,0,0.0,Direct,UPI/Online
ORD102782,2024-02-06,Feb-2024,East,Odisha,Bhubaneswar,D007,Bhubaneswar Distribution Co,Super Stockist,OUT0140,Supermarket,SP011_Ravi,Home Care,PureAir Freshener 250ml,178.38,16,2854.08,0,0.0,2854.08,3477.11,Delivered,0,0.0,Direct,Cash
ORD101265,2024-02-06,Feb-2024,West,Rajasthan,Jodhpur,D013,Jodhpur Distribution Co,Super Stockist,OUT0093,Supermarket,SP022_Amit,Beverages,FreshSip Cola 500ml,57.54,54,3107.16,0,0.0,3107.16,3809.87,Delivered,0,0.0,Direct,UPI/Online
ORD103853,2024-02-06,Feb-2024,Central,Madhya Pradesh,Bhopal,D029,Bhopal Distribution Co,Super Stockist,OUT0084,Wholesale Shop,SP008_Neha,Snacks & Confectionery,ChocoNut Bar 40g,162.96,19,3096.24,0,0.0,3096.24,2717.96,Delivered,0,0.0,Direct,Credit
ORD103635,2024-02-06,Feb-2024,Central,Madhya Pradesh,Jabalpur,D004,Jabalpur Traders,Wholesaler,OUT0056,Kirana/General Store,SP037_Sanjay,Personal Care,GlowSoft Soap 100g,317.15,25,7928.75,0,0.0,7928.75,7809.24,Delivered,0,0.0,Direct,UPI/Online
ORD103059,2024-02-06,Feb-2024,North,Punjab,Ludhiana,D015,Ludhiana Traders,Distributor,OUT0020,Wholesale Shop,SP037_Sanjay,Dairy & Food Staples,DailyFresh Ghee 500ml,245.53,22,5401.66,12,648.2,4753.46,5671.09,Returned,3,736.59,Indirect,Cash
ORD103145,2024-02-06,Feb-2024,North,Uttar Pradesh,Lucknow,D008,Lucknow Distribution Co,Distributor,OUT0157,Supermarket,SP032_Divya,Personal Care,ShinyLocks Shampoo 200ml,286.75,25,7168.75,0,0.0,7168.75,7075.68,Pending,0,0.0,Indirect,Credit
ORD102048,2024-02-06,Feb-2024,West,Gujarat,Surat,D027,Surat Agencies,Wholesaler,OUT0058,Kirana/General Store,SP038_Rina,Personal Care,ShinyLocks Shampoo 200ml,152.23,67,10199.41,8,815.95,9383.46,8646.69,Delivered,0,0.0,Indirect,Cash
ORD102182,2024-02-06,Feb-2024,East,Odisha,Bhubaneswar,D007,Bhubaneswar Distribution Co,Super Stockist,OUT0040,Kirana/General Store,SP007_Suresh,Dairy & Food Staples,SunRice Basmati 1kg,280.39,29,8131.31,0,0.0,8131.31,9604.28,Cancelled,0,0.0,Indirect,Credit
ORD100394,2024-02-06,Feb-2024,Central,Chhattisgarh,Raipur,D005,Raipur Enterprises,Wholesaler,OUT0136,Kirana/General Store,SP025_Vikram,Beverages,OrangeZest Juice 1L,320.12,25,8003.0,0,0.0,8003.0,7202.13,Delivered,0,0.0,Indirect,Cash
ORD102305,2024-02-06,Feb-2024,North,Uttar Pradesh,Lucknow,D008,Lucknow Distribution Co,Distributor,OUT0038,Modern Trade,SP031_Ravi,Snacks & Confectionery,CrispBite Chips 100g,269.86,21,5667.06,0,0.0,5667.06,5202.6,Delivered,0,0.0,Indirect,Cash
ORD102947,2024-02-06,Feb-2024,Central,Madhya Pradesh,Jabalpur,D025,Jabalpur Agencies,Wholesaler,OUT0009,Wholesale Shop,SP037_Sanjay,Beverages,MintCool Soda 300ml,172.04,21,3612.84,0,0.0,3612.84,3820.93,Delivered,0,0.0,Indirect,UPI/Online
ORD103625,2024-02-07,Feb-2024,North,Uttar Pradesh,Lucknow,D010,Lucknow Marketing,Distributor,OUT0117,Wholesale Shop,SP025_Vikram,Dairy & Food Staples,SunRice Basmati 1kg,84.28,37,3118.36,5,155.92,2962.44,2553.79,Delivered,0,0.0,Direct,Credit
ORD103851,2024-02-07,Feb-2024,North,Uttar Pradesh,Lucknow,D008,Lucknow Distribution Co,Distributor,OUT0054,Kirana/General Store,SP032_Divya,Home Care,ShineFloor Cleaner 1L,161.85,34,5502.9,12,660.35,4842.55,4427.16,Delivered,0,0.0,Indirect,Credit
ORD102120,2024-02-07,Feb-2024,South,Telangana,Hyderabad,D012,Hyderabad Traders,Super Stockist,OUT0183,Modern Trade,SP040_Shreya,Snacks & Confectionery,SweetPuff Biscuit 100g,188.26,19,3576.94,10,357.69,3219.25,3242.11,Delivered,0,0.0,Direct,UPI/Online
ORD100897,2024-02-07,Feb-2024,West,Rajasthan,Jodhpur,D013,Jodhpur Distribution Co,Super Stockist,OUT0019,Convenience Store,SP032_Divya,Dairy & Food Staples,DailyFresh Ghee 500ml,61.33,18,1103.94,10,110.39,993.55,1022.97,Cancelled,0,0.0,Indirect,Cash
ORD102684,2024-02-07,Feb-2024,West,Rajasthan,Jaipur,D016,Jaipur Distribution Co,Super Stockist,OUT0061,Modern Trade,SP005_Vikram,Snacks & Confectionery,CrispBite Chips 50g,103.89,41,4259.49,8,340.76,3918.73,4257.31,Delivered,0,0.0,Indirect,Credit
ORD102949,2024-02-07,Feb-2024,East,Odisha,Bhubaneswar,D007,Bhubaneswar Distribution Co,Super Stockist,OUT0140,Supermarket,SP016_Meera,Home Care,ShineFloor Cleaner 1L,255.16,9,2296.44,0,0.0,2296.44,2668.39,Delivered,0,0.0,Indirect,Cash
ORD103648,2024-02-07,Feb-2024,North,Punjab,Amritsar,D018,Amritsar Traders,Wholesaler,OUT0128,Modern Trade,SP037_Sanjay,Personal Care,GlowSoft Soap 100g,54.57,14,763.98,2,15.28,748.7,674.3,Delivered,0,0.0,Direct,Cash
ORD100662,2024-02-08,Feb-2024,South,Telangana,Hyderabad,D012,Hyderabad Traders,Super Stockist,OUT0142,Wholesale Shop,SP037_Sanjay,Snacks & Confectionery,SweetPuff Biscuit 100g,215.84,41,8849.44,0,0.0,8849.44,7856.25,Delivered,0,0.0,Direct,Cash
ORD101454,2024-02-08,Feb-2024,East,Odisha,Bhubaneswar,D007,Bhubaneswar Distribution Co,Super Stockist,OUT0140,Supermarket,SP013_Manoj,Dairy & Food Staples,DailyFresh Ghee 500ml,67.75,15,1016.25,10,101.62,914.63,975.01,Delivered,0,0.0,Direct,Credit
ORD100611,2024-02-08,Feb-2024,North,Uttar Pradesh,Lucknow,D008,Lucknow Distribution Co,Distributor,OUT0005,Wholesale Shop,SP026_Anjali,Dairy & Food Staples,PureDrop Milk 500ml,128.3,28,3592.4,0,0.0,3592.4,3746.34,Delivered,0,0.0,Indirect,UPI/Online
ORD101774,2024-02-08,Feb-2024,Central,Madhya Pradesh,Bhopal,D029,Bhopal Distribution Co,Super Stockist,OUT0084,Wholesale Shop,SP033_Manoj,Snacks & Confectionery,ChocoNut Bar 40g,167.82,28,4698.96,0,0.0,4698.96,5052.69,Delivered,0,0.0,Direct,UPI/Online
ORD102839,2024-02-08,Feb-2024,North,Uttar Pradesh,Lucknow,D008,Lucknow Distribution Co,Distributor,OUT0038,Modern Trade,SP017_Sanjay,Beverages,FreshSip Cola 500ml,202.01,13,2626.13,10,262.61,2363.52,2285.4,Delivered,0,0.0,Direct,UPI/Online
ORD100078,2024-02-08,Feb-2024,Central,Chhattisgarh,Raipur,D009,Raipur Enterprises,Wholesaler,OUT0121,Kirana/General Store,SP006_Anjali,Personal Care,FreshBreath Toothpaste 150g,333.64,20,6672.8,0,0.0,6672.8,6909.55,Delivered,0,0.0,Indirect,Credit
ORD101800,2024-02-09,Feb-2024,West,Rajasthan,Jodhpur,D013,Jodhpur Distribution Co,Super Stockist,OUT0019,Convenience Store,SP035_Arjun,Dairy & Food Staples,SunRice Basmati 1kg,23.7,51,1208.7,0,0.0,1208.7,1130.89,Delivered,0,0.0,Direct,UPI/Online
ORD103841,2024-02-09,Feb-2024,North,Punjab,Amritsar,D018,Amritsar Traders,Wholesaler,OUT0132,Kirana/General Store,SP019_Deepak,Beverages,MintCool Soda 300ml,38.04,19,722.76,0,0.0,722.76,635.64,Delivered,0,0.0,Indirect,Cash
ORD100455,2024-02-09,Feb-2024,West,Rajasthan,Jaipur,D016,Jaipur Distribution Co,Super Stockist,OUT0061,Modern Trade,SP022_Amit,Personal Care,FreshBreath Toothpaste 150g,32.85,15,492.75,0,0.0,492.75,474.51,Pending,0,0.0,Direct,Cash
ORD103471,2024-02-09,Feb-2024,Central,Madhya Pradesh,Jabalpur,D030,Jabalpur Distribution Co,Distributor,OUT0016,Wholesale Shop,SP030_Pooja,Home Care,CleanWave Detergent 1kg,174.58,21,3666.18,5,183.31,3482.87,4301.18,Delivered,0,0.0,Indirect,Credit
ORD101025,2024-02-09,Feb-2024,East,West Bengal,Kolkata,D006,Kolkata Enterprises,Distributor,OUT0170,Wholesale Shop,SP019_Deepak,Dairy & Food Staples,SunRice Basmati 1kg,128.75,16,2060.0,10,206.0,1854.0,2230.32,Delivered,0,0.0,Indirect,Cash
ORD102290,2024-02-09,Feb-2024,North,Punjab,Ludhiana,D015,Ludhiana Traders,Distributor,OUT0051,Supermarket,SP012_Divya,Home Care,ShineFloor Cleaner 1L,221.47,30,6644.1,5,332.2,6311.9,7812.22,Delivered,0,0.0,Direct,Credit
ORD101746,2024-02-09,Feb-2024,West,Gujarat,Surat,D027,Surat Agencies,Wholesaler,OUT0058,Kirana/General Store,SP034_Kavita,Dairy & Food Staples,SunRice Basmati 1kg,308.73,18,5557.14,5,277.86,5279.28,5152.7,Pending,0,0.0,Indirect,Cash
ORD100957,2024-02-09,Feb-2024,South,Tamil Nadu,Coimbatore,D023,Coimbatore Marketing,Super Stockist,OUT0028,Kirana/General Store,SP032_Divya,Snacks & Confectionery,ChocoNut Bar 40g,334.25,30,10027.5,0,0.0,10027.5,10832.88,Delivered,0,0.0,Direct,Cash
ORD103412,2024-02-09,Feb-2024,Central,Chhattisgarh,Raipur,D009,Raipur Enterprises,Wholesaler,OUT0053,Modern Trade,SP011_Ravi,Home Care,PureAir Freshener 250ml,248.76,14,3482.64,10,348.26,3134.38,3798.74,Delivered,0,0.0,Direct,UPI/Online
ORD103551,2024-02-09,Feb-2024,North,Uttar Pradesh,Lucknow,D010,Lucknow Marketing,Distributor,OUT0197,Modern Trade,SP028_Neha,Home Care,SparkleShine Dishwash 500ml,40.26,29,1167.54,2,23.35,1144.19,1052.72,Delivered,0,0.0,Direct,Credit
ORD102372,2024-02-09,Feb-2024,Central,Chhattisgarh,Raipur,D026,Raipur Agencies,Distributor,OUT0154,Kirana/General Store,SP031_Ravi,Personal Care,FreshBreath Toothpaste 150g,107.67,23,2476.41,2,49.53,2426.88,2482.9,Delivered,0,0.0,Indirect,UPI/Online
ORD101750,2024-02-09,Feb-2024,West,Rajasthan,Jodhpur,D013,Jodhpur Distribution Co,Super Stockist,OUT0093,Supermarket,SP015_Arjun,Home Care,SparkleShine Dishwash 500ml,171.12,55,9411.6,10,941.16,8470.44,8215.94,Delivered,0,0.0,Indirect,Credit
ORD103289,2024-02-09,Feb-2024,Central,Madhya Pradesh,Jabalpur,D025,Jabalpur Agencies,Wholesaler,OUT0009,Wholesale Shop,SP014_Kavita,Beverages,MintCool Soda 300ml,202.04,17,3434.68,0,0.0,3434.68,3069.72,Delivered,0,0.0,Indirect,Credit
ORD100701,2024-02-10,Feb-2024,South,Tamil Nadu,Coimbatore,D020,Coimbatore Marketing,Distributor,OUT0109,Wholesale Shop,SP035_Arjun,Snacks & Confectionery,ChocoNut Bar 40g,179.49,15,2692.35,8,215.39,2476.96,2606.45,Delivered,0,0.0,Direct,UPI/Online
ORD101601,2024-02-10,Feb-2024,Central,Madhya Pradesh,Bhopal,D029,Bhopal Distribution Co,Super Stockist,OUT0143,Modern Trade,SP020_Shreya,Personal Care,SilkTouch Lotion 200ml,315.39,34,10723.26,0,0.0,10723.26,10365.18,Cancelled,0,0.0,Indirect,Credit
ORD101956,2024-02-10,Feb-2024,East,Bihar,Patna,D014,Patna Distribution Co,Wholesaler,OUT0015,Supermarket,SP012_Divya,Home Care,SparkleShine Dishwash 500ml,116.3,33,3837.9,0,0.0,3837.9,3918.42,Delivered,0,0.0,Direct,UPI/Online
ORD103942,2024-02-10,Feb-2024,Central,Madhya Pradesh,Jabalpur,D025,Jabalpur Agencies,Wholesaler,OUT0010,Supermarket,SP025_Vikram,Home Care,PureAir Freshener 250ml,347.54,17,5908.18,10,590.82,5317.36,6010.55,Delivered,0,0.0,Indirect,Cash
ORD103067,2024-02-10,Feb-2024,West,Rajasthan,Jodhpur,D013,Jodhpur Distribution Co,Super Stockist,OUT0155,Kirana/General Store,SP002_Amit,Snacks & Confectionery,CrispBite Chips 100g,264.82,22,5826.04,0,0.0,5826.04,6728.89,Pending,0,0.0,Indirect,Credit
ORD100748,2024-02-10,Feb-2024,East,Odisha,Bhubaneswar,D007,Bhubaneswar Distribution Co,Super Stockist,OUT0200,Modern Trade,SP027_Suresh,Beverages,OrangeZest Juice 1L,139.78,27,3774.06,2,75.48,3698.58,3213.62,Cancelled,0,0.0,Direct,Credit
ORD102455,2024-02-10,Feb-2024,South,Telangana,Hyderabad,D012,Hyderabad Traders,Super Stockist,OUT0183,Modern Trade,SP020_Shreya,Dairy & Food Staples,DailyFresh Ghee 500ml,200.83,22,4418.26,8,353.46,4064.8,3932.78,Delivered,0,0.0,Indirect,UPI/Online
ORD102221,2024-02-10,Feb-2024,North,Punjab,Ludhiana,D015,Ludhiana Traders,Distributor,OUT0095,Convenience Store,SP036_Meera,Home Care,SparkleShine Dishwash 500ml,57.36,16,917.76,12,110.13,807.63,689.58,Delivered,0,0.0,Indirect,Credit
ORD102819,2024-02-10,Feb-2024,South,Tamil Nadu,Coimbatore,D020,Coimbatore Marketing,Distributor,OUT0109,Wholesale Shop,SP036_Meera,Beverages,FreshSip Cola 500ml,237.17,56,13281.52,0,0.0,13281.52,13472.25,Delivered,0,0.0,Indirect,UPI/Online
ORD102619,2024-02-10,Feb-2024,West,Rajasthan,Jodhpur,D013,Jodhpur Distribution Co,Super Stockist,OUT0155,Kirana/General Store,SP028_Neha,Snacks & Confectionery,CrispBite Chips 50g,79.14,10,791.4,0,0.0,791.4,844.47,Delivered,0,0.0,Direct,Cash
ORD103007,2024-02-10,Feb-2024,Central,Madhya Pradesh,Jabalpur,D030,Jabalpur Distribution Co,Distributor,OUT0181,Wholesale Shop,SP018_Rina,Personal Care,SilkTouch Lotion 200ml,24.61,43,1058.23,2,21.16,1037.07,1074.44,Delivered,0,0.0,Indirect,Credit
ORD103267,2024-02-11,Feb-2024,Central,Madhya Pradesh,Bhopal,D029,Bhopal Distribution Co,Super Stockist,OUT0148,Modern Trade,SP018_Rina,Snacks & Confectionery,SweetPuff Biscuit 100g,244.61,10,2446.1,5,122.3,2323.8,1987.34,Delivered,0,0.0,Indirect,Cash
ORD100512,2024-02-11,Feb-2024,Central,Chhattisgarh,Raipur,D011,Raipur Agencies,Super Stockist,OUT0125,Supermarket,SP001_Rahul,Personal Care,ShinyLocks Shampoo 200ml,257.18,23,5915.14,0,0.0,5915.14,5420.04,Delivered,0,0.0,Direct,Cash
ORD100116,2024-02-11,Feb-2024,West,Rajasthan,Jodhpur,D013,Jodhpur Distribution Co,Super Stockist,OUT0083,Kirana/General Store,SP040_Shreya,Dairy & Food Staples,GoldenGrain Atta 5kg,209.58,20,4191.6,0,0.0,4191.6,3838.27,Delivered,0,0.0,Direct,Credit
ORD102392,2024-02-11,Feb-2024,Central,Madhya Pradesh,Bhopal,D029,Bhopal Distribution Co,Super Stockist,OUT0063,Kirana/General Store,SP005_Vikram,Snacks & Confectionery,SweetPuff Biscuit 100g,307.21,21,6451.41,2,129.03,6322.38,5728.18,Delivered,0,0.0,Indirect,UPI/Online
ORD103583,2024-02-11,Feb-2024,East,Bihar,Patna,D014,Patna Distribution Co,Wholesaler,OUT0173,Convenience Store,SP010_Pooja,Dairy & Food Staples,GoldenGrain Atta 5kg,276.37,57,15753.09,5,787.65,14965.44,15171.29,Delivered,0,0.0,Indirect,UPI/Online
ORD101876,2024-02-11,Feb-2024,Central,Chhattisgarh,Raipur,D026,Raipur Agencies,Distributor,OUT0048,Kirana/General Store,SP016_Meera,Snacks & Confectionery,CrispBite Chips 100g,37.22,12,446.64,0,0.0,446.64,399.36,Delivered,0,0.0,Indirect,UPI/Online
ORD100708,2024-02-11,Feb-2024,East,Odisha,Bhubaneswar,D007,Bhubaneswar Distribution Co,Super Stockist,OUT0193,Modern Trade,SP005_Vikram,Snacks & Confectionery,CrispBite Chips 50g,130.67,23,3005.41,0,0.0,3005.41,2839.42,Delivered,0,0.0,Direct,Credit
ORD102992,2024-02-11,Feb-2024,East,Bihar,Patna,D014,Patna Distribution Co,Wholesaler,OUT0052,Supermarket,SP004_Sneha,Beverages,MintCool Soda 300ml,104.59,42,4392.78,8,351.42,4041.36,4986.55,Delivered,0,0.0,Indirect,UPI/Online
ORD103397,2024-02-11,Feb-2024,Central,Chhattisgarh,Raipur,D005,Raipur Enterprises,Wholesaler,OUT0136,Kirana/General Store,SP028_Neha,Snacks & Confectionery,SweetPuff Biscuit 100g,70.35,13,914.55,0,0.0,914.55,1041.85,Pending,0,0.0,Direct,UPI/Online
ORD102460,2024-02-11,Feb-2024,South,Tamil Nadu,Coimbatore,D020,Coimbatore Marketing,Distributor,OUT0086,Kirana/General Store,SP007_Suresh,Snacks & Confectionery,CrispBite Chips 100g,133.28,22,2932.16,5,146.61,2785.55,2802.31,Delivered,0,0.0,Indirect,UPI/Online
ORD100610,2024-02-11,Feb-2024,South,Karnataka,Bengaluru,D002,Bengaluru Marketing,Distributor,OUT0072,Wholesale Shop,SP005_Vikram,Snacks & Confectionery,CrispBite Chips 100g,138.54,28,3879.12,2,77.58,3801.54,4456.49,Delivered,0,0.0,Direct,UPI/Online
ORD101928,2024-02-11,Feb-2024,Central,Chhattisgarh,Raipur,D026,Raipur Agencies,Distributor,OUT0154,Kirana/General Store,SP040_Shreya,Dairy & Food Staples,SunRice Basmati 1kg,283.09,30,8492.7,8,679.42,7813.28,7569.76,Delivered,0,0.0,Indirect,Credit
ORD102523,2024-02-11,Feb-2024,North,Uttar Pradesh,Lucknow,D008,Lucknow Distribution Co,Distributor,OUT0022,Supermarket,SP029_Karan,Snacks & Confectionery,SweetPuff Biscuit 100g,319.52,10,3195.2,0,0.0,3195.2,3001.41,Delivered,0,0.0,Indirect,Cash
ORD100919,2024-02-11,Feb-2024,Central,Madhya Pradesh,Jabalpur,D030,Jabalpur Distribution Co,Distributor,OUT0002,Convenience Store,SP019_Deepak,Beverages,FreshSip Cola 500ml,227.48,37,8416.76,8,673.34,7743.42,7088.69,Returned,2,454.96,Indirect,UPI/Online
ORD101112,2024-02-12,Feb-2024,South,Karnataka,Bengaluru,D002,Bengaluru Marketing,Distributor,OUT0075,Kirana/General Store,SP020_Shreya,Home Care,ShineFloor Cleaner 1L,290.4,31,9002.4,5,450.12,8552.28,9087.11,Returned,2,580.8,Indirect,Credit
ORD100690,2024-02-12,Feb-2024,North,Delhi,New Delhi,D001,New Delhi Traders,Super Stockist,OUT0027,Kirana/General Store,SP020_Shreya,Personal Care,ShinyLocks Shampoo 200ml,293.46,14,4108.44,0,0.0,4108.44,5087.79,Pending,0,0.0,Direct,Credit
ORD101761,2024-02-12,Feb-2024,Central,Chhattisgarh,Raipur,D026,Raipur Agencies,Distributor,OUT0039,Modern Trade,SP025_Vikram,Beverages,OrangeZest Juice 1L,255.3,47,11999.1,2,239.98,11759.12,10780.0,Delivered,0,0.0,Indirect,Credit
ORD102058,2024-02-12,Feb-2024,North,Uttar Pradesh,Lucknow,D008,Lucknow Distribution Co,Distributor,OUT0004,Kirana/General Store,SP015_Arjun,Beverages,MintCool Soda 300ml,165.38,67,11080.46,2,221.61,10858.85,11548.26,Delivered,0,0.0,Direct,Credit
ORD102133,2024-02-12,Feb-2024,South,Tamil Nadu,Coimbatore,D020,Coimbatore Marketing,Distributor,OUT0196,Wholesale Shop,SP010_Pooja,Beverages,FreshSip Cola 500ml,134.34,14,1880.76,0,0.0,1880.76,1817.57,Returned,4,537.36,Indirect,Credit
ORD100320,2024-02-12,Feb-2024,Central,Chhattisgarh,Raipur,D022,Raipur Agencies,Super Stockist,OUT0069,Modern Trade,SP010_Pooja,Snacks & Confectionery,SweetPuff Biscuit 100g,180.9,12,2170.8,0,0.0,2170.8,1966.09,Cancelled,0,0.0,Indirect,UPI/Online
ORD101915,2024-02-12,Feb-2024,North,Uttar Pradesh,Lucknow,D008,Lucknow Distribution Co,Distributor,OUT0054,Kirana/General Store,SP029_Karan,Dairy & Food Staples,DailyFresh Ghee 500ml,302.12,21,6344.52,5,317.23,6027.29,6203.02,Delivered,0,0.0,Direct,Credit
ORD101184,2024-02-13,Feb-2024,North,Uttar Pradesh,Lucknow,D010,Lucknow Marketing,Distributor,OUT0137,Convenience Store,SP032_Divya,Dairy & Food Staples,DailyFresh Ghee 500ml,77.99,8,623.92,0,0.0,623.92,651.44,Pending,0,0.0,Indirect,Cash
ORD100471,2024-02-13,Feb-2024,Central,Madhya Pradesh,Jabalpur,D004,Jabalpur Traders,Wholesaler,OUT0172,Wholesale Shop,SP015_Arjun,Personal Care,SilkTouch Lotion 200ml,286.33,21,6012.93,0,0.0,6012.93,7464.51,Delivered,0,0.0,Indirect,UPI/Online
ORD102995,2024-02-13,Feb-2024,Central,Chhattisgarh,Raipur,D026,Raipur Agencies,Distributor,OUT0147,Supermarket,SP020_Shreya,Dairy & Food Staples,SunRice Basmati 1kg,243.52,48,11688.96,10,1168.9,10520.06,12687.22,Delivered,0,0.0,Direct,Cash
ORD100796,2024-02-13,Feb-2024,Central,Chhattisgarh,Raipur,D005,Raipur Enterprises,Wholesaler,OUT0135,Modern Trade,SP003_Priya,Home Care,SparkleShine Dishwash 500ml,335.85,12,4030.2,2,80.6,3949.6,3755.55,Delivered,0,0.0,Direct,Credit
ORD101147,2024-02-13,Feb-2024,Central,Chhattisgarh,Raipur,D022,Raipur Agencies,Super Stockist,OUT0069,Modern Trade,SP016_Meera,Personal Care,SilkTouch Lotion 200ml,89.47,7,626.29,8,50.1,576.19,542.33,Delivered,0,0.0,Direct,UPI/Online
ORD100047,2024-02-13,Feb-2024,East,West Bengal,Kolkata,D006,Kolkata Enterprises,Distributor,OUT0064,Modern Trade,SP015_Arjun,Beverages,MintCool Soda 300ml,138.86,27,3749.22,2,74.98,3674.24,3440.3,Delivered,0,0.0,Indirect,UPI/Online
ORD101395,2024-02-13,Feb-2024,North,Delhi,New Delhi,D003,New Delhi Traders,Super Stockist,OUT0032,Wholesale Shop,SP011_Ravi,Dairy & Food Staples,DailyFresh Ghee 500ml,46.39,35,1623.65,5,81.18,1542.47,1569.47,Delivered,0,0.0,Direct,UPI/Online
ORD102507,2024-02-13,Feb-2024,South,Tamil Nadu,Coimbatore,D020,Coimbatore Marketing,Distributor,OUT0196,Wholesale Shop,SP007_Suresh,Snacks & Confectionery,CrispBite Chips 100g,233.73,9,2103.57,5,105.18,1998.39,2495.4,Delivered,0,0.0,Direct,Credit
ORD100132,2024-02-13,Feb-2024,East,Odisha,Bhubaneswar,D028,Bhubaneswar Distribution Co,Wholesaler,OUT0014,Wholesale Shop,SP006_Anjali,Snacks & Confectionery,CrispBite Chips 100g,134.29,43,5774.47,0,0.0,5774.47,5233.65,Delivered,0,0.0,Indirect,Cash
ORD103360,2024-02-13,Feb-2024,North,Delhi,New Delhi,D003,New Delhi Traders,Super Stockist,OUT0082,Supermarket,SP033_Manoj,Beverages,OrangeZest Juice 1L,170.92,28,4785.76,10,478.58,4307.18,3874.58,Delivered,0,0.0,Indirect,Credit
ORD101487,2024-02-13,Feb-2024,North,Punjab,Amritsar,D018,Amritsar Traders,Wholesaler,OUT0012,Supermarket,SP022_Amit,Dairy & Food Staples,GoldenGrain Atta 5kg,135.45,15,2031.75,2,40.64,1991.11,1772.03,Delivered,0,0.0,Direct,UPI/Online
ORD100389,2024-02-14,Feb-2024,West,Goa,Panaji,D019,Panaji Traders,Distributor,OUT0026,Supermarket,SP023_Priya,Snacks & Confectionery,CrispBite Chips 50g,198.76,8,1590.08,8,127.21,1462.87,1420.35,Delivered,0,0.0,Indirect,Credit
ORD103014,2024-02-14,Feb-2024,East,Bihar,Patna,D014,Patna Distribution Co,Wholesaler,OUT0088,Wholesale Shop,SP037_Sanjay,Snacks & Confectionery,SweetPuff Biscuit 100g,256.88,13,3339.44,2,66.79,3272.65,2951.47,Returned,2,513.76,Direct,Credit
ORD100775,2024-02-14,Feb-2024,West,Goa,Panaji,D024,Panaji Marketing,Distributor,OUT0187,Convenience Store,SP010_Pooja,Home Care,SparkleShine Dishwash 500ml,110.42,10,1104.2,12,132.5,971.7,842.7,Delivered,0,0.0,Indirect,UPI/Online
ORD100466,2024-02-14,Feb-2024,West,Goa,Panaji,D019,Panaji Traders,Distributor,OUT0076,Modern Trade,SP014_Kavita,Dairy & Food Staples,SunRice Basmati 1kg,286.21,47,13451.87,0,0.0,13451.87,15250.77,Delivered,0,0.0,Direct,Cash
ORD103250,2024-02-14,Feb-2024,Central,Chhattisgarh,Raipur,D022,Raipur Agencies,Super Stockist,OUT0189,Modern Trade,SP038_Rina,Home Care,ShineFloor Cleaner 1L,226.26,11,2488.86,2,49.78,2439.08,2584.06,Delivered,0,0.0,Indirect,Cash
ORD102181,2024-02-14,Feb-2024,North,Punjab,Ludhiana,D015,Ludhiana Traders,Distributor,OUT0020,Wholesale Shop,SP040_Shreya,Beverages,FreshSip Cola 250ml,332.58,16,5321.28,0,0.0,5321.28,6559.07,Delivered,0,0.0,Indirect,Credit
ORD100477,2024-02-14,Feb-2024,North,Punjab,Amritsar,D018,Amritsar Traders,Wholesaler,OUT0100,Supermarket,SP034_Kavita,Dairy & Food Staples,SunRice Basmati 1kg,122.23,46,5622.58,10,562.26,5060.32,5913.86,Delivered,0,0.0,Indirect,Credit
ORD102575,2024-02-15,Feb-2024,South,Tamil Nadu,Coimbatore,D020,Coimbatore Marketing,Distributor,OUT0196,Wholesale Shop,SP005_Vikram,Beverages,MintCool Soda 300ml,197.33,60,11839.8,0,0.0,11839.8,13685.15,Delivered,0,0.0,Direct,Credit
ORD102864,2024-02-15,Feb-2024,West,Goa,Panaji,D024,Panaji Marketing,Distributor,OUT0187,Convenience Store,SP018_Rina,Dairy & Food Staples,SunRice Basmati 1kg,346.95,9,3122.55,5,156.13,2966.42,3561.06,Delivered,0,0.0,Indirect,Cash
ORD102069,2024-02-15,Feb-2024,South,Tamil Nadu,Coimbatore,D020,Coimbatore Marketing,Distributor,OUT0086,Kirana/General Store,SP006_Anjali,Personal Care,ShinyLocks Shampoo 200ml,306.31,22,6738.82,0,0.0,6738.82,5774.29,Returned,3,918.93,Indirect,Cash
ORD100868,2024-02-15,Feb-2024,Central,Madhya Pradesh,Bhopal,D029,Bhopal Distribution Co,Super Stockist,OUT0063,Kirana/General Store,SP038_Rina,Home Care,CleanWave Detergent 1kg,210.26,15,3153.9,0,0.0,3153.9,3584.07,Delivered,0,0.0,Indirect,UPI/Online
ORD102116,2024-02-15,Feb-2024,South,Karnataka,Mysuru,D017,Mysuru Enterprises,Distributor,OUT0079,Kirana/General Store,SP004_Sneha,Dairy & Food Staples,GoldenGrain Atta 5kg,327.53,5,1637.65,0,0.0,1637.65,1719.59,Delivered,0,0.0,Indirect,UPI/Online
ORD100514,2024-02-15,Feb-2024,Central,Chhattisgarh,Raipur,D022,Raipur Agencies,Super Stockist,OUT0034,Modern Trade,SP028_Neha,Dairy & Food Staples,SunRice Basmati 1kg,191.34,8,1530.72,2,30.61,1500.11,1406.84,Delivered,0,0.0,Indirect,Credit
ORD103426,2024-02-15,Feb-2024,West,Rajasthan,Jodhpur,D013,Jodhpur Distribution Co,Super Stockist,OUT0083,Kirana/General Store,SP010_Pooja,Beverages,FreshSip Cola 250ml,226.46,70,15852.2,5,792.61,15059.59,12906.39,Delivered,0,0.0,Indirect,Credit
ORD102645,2024-02-16,Feb-2024,North,Uttar Pradesh,Lucknow,D008,Lucknow Distribution Co,Distributor,OUT0092,Convenience Store,SP029_Karan,Snacks & Confectionery,CrispBite Chips 100g,292.87,19,5564.53,5,278.23,5286.3,6280.83,Delivered,0,0.0,Indirect,Credit
ORD100654,2024-02-16,Feb-2024,Central,Chhattisgarh,Raipur,D022,Raipur Agencies,Super Stockist,OUT0141,Kirana/General Store,SP015_Arjun,Personal Care,FreshBreath Toothpaste 150g,63.22,39,2465.58,5,123.28,2342.3,2439.3,Delivered,0,0.0,Direct,Credit
ORD101874,2024-02-16,Feb-2024,East,Odisha,Bhubaneswar,D028,Bhubaneswar Distribution Co,Wholesaler,OUT0080,Supermarket,SP030_Pooja,Snacks & Confectionery,ChocoNut Bar 40g,187.61,11,2063.71,8,165.1,1898.61,2000.56,Cancelled,0,0.0,Indirect,Cash
ORD102694,2024-02-16,Feb-2024,West,Goa,Panaji,D019,Panaji Traders,Distributor,OUT0134,Wholesale Shop,SP014_Kavita,Snacks & Confectionery,SweetPuff Biscuit 100g,31.78,18,572.04,2,11.44,560.6,503.46,Delivered,0,0.0,Direct,Cash
ORD100130,2024-02-16,Feb-2024,North,Punjab,Amritsar,D018,Amritsar Traders,Wholesaler,OUT0192,Supermarket,SP022_Amit,Dairy & Food Staples,GoldenGrain Atta 5kg,168.78,75,12658.5,0,0.0,12658.5,14824.89,Delivered,0,0.0,Direct,Credit
ORD102910,2024-02-16,Feb-2024,Central,Madhya Pradesh,Bhopal,D029,Bhopal Distribution Co,Super Stockist,OUT0030,Kirana/General Store,SP012_Divya,Dairy & Food Staples,DailyFresh Ghee 500ml,168.73,23,3880.79,2,77.62,3803.17,4235.94,Pending,0,0.0,Indirect,UPI/Online
ORD100647,2024-02-16,Feb-2024,North,Uttar Pradesh,Lucknow,D008,Lucknow Distribution Co,Distributor,OUT0038,Modern Trade,SP015_Arjun,Home Care,ShineFloor Cleaner 1L,161.07,25,4026.75,5,201.34,3825.41,3559.97,Pending,0,0.0,Direct,Credit
ORD103585,2024-02-16,Feb-2024,East,Odisha,Bhubaneswar,D007,Bhubaneswar Distribution Co,Super Stockist,OUT0118,Convenience Store,SP040_Shreya,Beverages,MintCool Soda 300ml,33.07,28,925.96,8,74.08,851.88,931.9,Delivered,0,0.0,Indirect,Credit
ORD100427,2024-02-16,Feb-2024,South,Telangana,Hyderabad,D012,Hyderabad Traders,Super Stockist,OUT0183,Modern Trade,SP020_Shreya,Snacks & Confectionery,ChocoNut Bar 40g,114.85,8,918.8,0,0.0,918.8,970.57,Delivered,0,0.0,Direct,Cash
ORD103928,2024-02-16,Feb-2024,North,Delhi,New Delhi,D001,New Delhi Traders,Super Stockist,OUT0027,Kirana/General Store,SP038_Rina,Home Care,CleanWave Detergent 1kg,114.99,16,1839.84,5,91.99,1747.85,1514.23,Delivered,0,0.0,Indirect,UPI/Online
ORD103338,2024-02-16,Feb-2024,East,Odisha,Bhubaneswar,D028,Bhubaneswar Distribution Co,Wholesaler,OUT0044,Kirana/General Store,SP019_Deepak,Home Care,ShineFloor Cleaner 1L,214.24,56,11997.44,5,599.87,11397.57,13536.11,Delivered,0,0.0,Indirect,UPI/Online
ORD103498,2024-02-16,Feb-2024,South,Telangana,Hyderabad,D012,Hyderabad Traders,Super Stockist,OUT0042,Modern Trade,SP039_Deepak,Dairy & Food Staples,PureDrop Milk 500ml,229.68,56,12862.08,2,257.24,12604.84,11438.85,Delivered,0,0.0,Indirect,Credit
ORD101286,2024-02-16,Feb-2024,South,Karnataka,Bengaluru,D002,Bengaluru Marketing,Distributor,OUT0074,Convenience Store,SP027_Suresh,Home Care,PureAir Freshener 250ml,65.76,55,3616.8,0,0.0,3616.8,4077.1,Returned,10,657.6,Direct,Cash
ORD103367,2024-02-16,Feb-2024,West,Rajasthan,Jodhpur,D013,Jodhpur Distribution Co,Super Stockist,OUT0177,Wholesale Shop,SP015_Arjun,Dairy & Food Staples,GoldenGrain Atta 5kg,29.3,28,820.4,5,41.02,779.38,914.97,Delivered,0,0.0,Indirect,UPI/Online
ORD100081,2024-02-16,Feb-2024,Central,Madhya Pradesh,Bhopal,D029,Bhopal Distribution Co,Super Stockist,OUT0112,Supermarket,SP020_Shreya,Beverages,FreshSip Cola 250ml,291.44,27,7868.88,5,393.44,7475.44,7604.74,Delivered,0,0.0,Indirect,UPI/Online
ORD102724,2024-02-17,Feb-2024,East,Odisha,Bhubaneswar,D028,Bhubaneswar Distribution Co,Wholesaler,OUT0156,Modern Trade,SP010_Pooja,Beverages,FreshSip Cola 500ml,100.34,23,2307.82,8,184.63,2123.19,2399.06,Delivered,0,0.0,Direct,UPI/Online
ORD100308,2024-02-17,Feb-2024,Central,Madhya Pradesh,Bhopal,D029,Bhopal Distribution Co,Super Stockist,OUT0104,Supermarket,SP001_Rahul,Home Care,ShineFloor Cleaner 1L,292.27,57,16659.39,0,0.0,16659.39,16387.76,Delivered,0,0.0,Indirect,Cash
ORD100807,2024-02-17,Feb-2024,North,Uttar Pradesh,Lucknow,D010,Lucknow Marketing,Distributor,OUT0197,Modern Trade,SP005_Vikram,Personal Care,FreshBreath Toothpaste 150g,145.31,14,2034.34,12,244.12,1790.22,2182.35,Delivered,0,0.0,Direct,Credit
ORD101583,2024-02-17,Feb-2024,Central,Chhattisgarh,Raipur,D011,Raipur Agencies,Super Stockist,OUT0090,Convenience Store,SP028_Neha,Dairy & Food Staples,DailyFresh Ghee 500ml,51.99,11,571.89,0,0.0,571.89,492.86,Delivered,0,0.0,Indirect,Credit
ORD102984,2024-02-17,Feb-2024,West,Gujarat,Surat,D027,Surat Agencies,Wholesaler,OUT0107,Wholesale Shop,SP013_Manoj,Personal Care,GlowSoft Soap 100g,110.78,29,3212.62,5,160.63,3051.99,2889.46,Delivered,0,0.0,Indirect,Credit
ORD100324,2024-02-17,Feb-2024,Central,Chhattisgarh,Raipur,D009,Raipur Enterprises,Wholesaler,OUT0153,Supermarket,SP019_Deepak,Dairy & Food Staples,DailyFresh Ghee 500ml,135.34,30,4060.2,0,0.0,4060.2,3858.76,Delivered,0,0.0,Indirect,Cash
ORD101110,2024-02-17,Feb-2024,Central,Chhattisgarh,Raipur,D005,Raipur Enterprises,Wholesaler,OUT0011,Modern Trade,SP015_Arjun,Dairy & Food Staples,DailyFresh Ghee 500ml,242.09,23,5568.07,0,0.0,5568.07,6698.38,Delivered,0,0.0,Indirect,UPI/Online
ORD102957,2024-02-18,Feb-2024,South,Tamil Nadu,Coimbatore,D023,Coimbatore Marketing,Super Stockist,OUT0018,Convenience Store,SP027_Suresh,Beverages,FreshSip Cola 250ml,271.13,31,8405.03,5,420.25,7984.78,7290.39,Delivered,0,0.0,Indirect,UPI/Online
ORD100747,2024-02-18,Feb-2024,Central,Chhattisgarh,Raipur,D009,Raipur Enterprises,Wholesaler,OUT0153,Supermarket,SP025_Vikram,Personal Care,GlowSoft Soap 100g,254.1,55,13975.5,8,1118.04,12857.46,14513.63,Delivered,0,0.0,Indirect,UPI/Online
ORD103886,2024-02-18,Feb-2024,East,West Bengal,Kolkata,D006,Kolkata Enterprises,Distributor,OUT0170,Wholesale Shop,SP014_Kavita,Dairy & Food Staples,PureDrop Milk 500ml,96.18,16,1538.88,2,30.78,1508.1,1848.2,Pending,0,0.0,Indirect,Cash
ORD103912,2024-02-18,Feb-2024,North,Uttar Pradesh,Lucknow,D010,Lucknow Marketing,Distributor,OUT0071,Supermarket,SP002_Amit,Dairy & Food Staples,SunRice Basmati 1kg,216.31,20,4326.2,8,346.1,3980.1,3543.02,Delivered,0,0.0,Indirect,UPI/Online
ORD100993,2024-02-18,Feb-2024,Central,Chhattisgarh,Raipur,D026,Raipur Agencies,Distributor,OUT0154,Kirana/General Store,SP020_Shreya,Snacks & Confectionery,ChocoNut Bar 40g,234.58,29,6802.82,10,680.28,6122.54,6030.0,Delivered,0,0.0,Indirect,UPI/Online
ORD103561,2024-02-18,Feb-2024,West,Goa,Panaji,D019,Panaji Traders,Distributor,OUT0076,Modern Trade,SP017_Sanjay,Snacks & Confectionery,SweetPuff Biscuit 100g,219.01,8,1752.08,10,175.21,1576.87,1450.97,Delivered,0,0.0,Indirect,UPI/Online
ORD101527,2024-02-18,Feb-2024,North,Uttar Pradesh,Lucknow,D010,Lucknow Marketing,Distributor,OUT0117,Wholesale Shop,SP005_Vikram,Personal Care,ShinyLocks Shampoo 200ml,196.23,22,4317.06,0,0.0,4317.06,5208.09,Delivered,0,0.0,Indirect,Cash
ORD100102,2024-02-19,Feb-2024,West,Rajasthan,Jaipur,D016,Jaipur Distribution Co,Super Stockist,OUT0061,Modern Trade,SP035_Arjun,Dairy & Food Staples,GoldenGrain Atta 5kg,26.62,11,292.82,0,0.0,292.82,318.42,Cancelled,0,0.0,Direct,Credit
ORD101526,2024-02-19,Feb-2024,North,Uttar Pradesh,Lucknow,D008,Lucknow Distribution Co,Distributor,OUT0004,Kirana/General Store,SP032_Divya,Snacks & Confectionery,ChocoNut Bar 40g,232.94,58,13510.52,8,1080.84,12429.68,13999.31,Delivered,0,0.0,Indirect,Cash
ORD101667,2024-02-19,Feb-2024,East,West Bengal,Kolkata,D006,Kolkata Enterprises,Distributor,OUT0064,Modern Trade,SP029_Karan,Snacks & Confectionery,CrispBite Chips 50g,243.44,28,6816.32,12,817.96,5998.36,7383.96,Delivered,0,0.0,Indirect,UPI/Online
ORD100305,2024-02-19,Feb-2024,Central,Chhattisgarh,Raipur,D005,Raipur Enterprises,Wholesaler,OUT0135,Modern Trade,SP017_Sanjay,Snacks & Confectionery,CrispBite Chips 100g,149.2,52,7758.4,5,387.92,7370.48,8606.35,Delivered,0,0.0,Direct,UPI/Online
ORD102329,2024-02-19,Feb-2024,South,Tamil Nadu,Coimbatore,D023,Coimbatore Marketing,Super Stockist,OUT0191,Convenience Store,SP037_Sanjay,Home Care,SparkleShine Dishwash 500ml,297.75,15,4466.25,0,0.0,4466.25,4056.94,Delivered,0,0.0,Direct,UPI/Online
ORD103647,2024-02-19,Feb-2024,North,Uttar Pradesh,Lucknow,D008,Lucknow Distribution Co,Distributor,OUT0004,Kirana/General Store,SP011_Ravi,Beverages,MintCool Soda 300ml,271.88,32,8700.16,8,696.01,8004.15,7118.67,Cancelled,0,0.0,Indirect,Cash
ORD100912,2024-02-19,Feb-2024,North,Uttar Pradesh,Lucknow,D010,Lucknow Marketing,Distributor,OUT0117,Wholesale Shop,SP008_Neha,Dairy & Food Staples,GoldenGrain Atta 5kg,122.12,32,3907.84,2,78.16,3829.68,3702.92,Returned,10,1221.2,Direct,Cash
ORD102111,2024-02-20,Feb-2024,West,Goa,Panaji,D019,Panaji Traders,Distributor,OUT0134,Wholesale Shop,SP037_Sanjay,Beverages,OrangeZest Juice 1L,124.63,24,2991.12,5,149.56,2841.56,3386.02,Delivered,0,0.0,Indirect,UPI/Online
ORD103264,2024-02-20,Feb-2024,Central,Chhattisgarh,Raipur,D022,Raipur Agencies,Super Stockist,OUT0069,Modern Trade,SP034_Kavita,Snacks & Confectionery,SweetPuff Biscuit 100g,323.09,18,5815.62,2,116.31,5699.31,6125.51,Delivered,0,0.0,Indirect,Cash
ORD103842,2024-02-20,Feb-2024,North,Delhi,New Delhi,D003,New Delhi Traders,Super Stockist,OUT0059,Supermarket,SP004_Sneha,Personal Care,FreshBreath Toothpaste 150g,199.8,53,10589.4,10,1058.94,9530.46,9052.23,Delivered,0,0.0,Indirect,Credit
ORD103401,2024-02-20,Feb-2024,West,Goa,Panaji,D019,Panaji Traders,Distributor,OUT0026,Supermarket,SP020_Shreya,Beverages,FreshSip Cola 500ml,276.92,25,6923.0,0,0.0,6923.0,7020.79,Delivered,0,0.0,Direct,Credit
ORD100316,2024-02-20,Feb-2024,Central,Madhya Pradesh,Bhopal,D029,Bhopal Distribution Co,Super Stockist,OUT0112,Supermarket,SP039_Deepak,Snacks & Confectionery,CrispBite Chips 50g,46.6,28,1304.8,2,26.1,1278.7,1460.02,Delivered,0,0.0,Direct,UPI/Online
ORD101009,2024-02-20,Feb-2024,North,Punjab,Ludhiana,D015,Ludhiana Traders,Distributor,OUT0055,Wholesale Shop,SP012_Divya,Dairy & Food Staples,SunRice Basmati 1kg,122.8,17,2087.6,2,41.75,2045.85,2375.57,Delivered,0,0.0,Direct,UPI/Online
ORD100931,2024-02-20,Feb-2024,West,Rajasthan,Jaipur,D016,Jaipur Distribution Co,Super Stockist,OUT0061,Modern Trade,SP005_Vikram,Home Care,SparkleShine Dishwash 500ml,290.88,18,5235.84,0,0.0,5235.84,6395.61,Delivered,0,0.0,Direct,Cash
ORD100729,2024-02-20,Feb-2024,Central,Madhya Pradesh,Jabalpur,D025,Jabalpur Agencies,Wholesaler,OUT0009,Wholesale Shop,SP040_Shreya,Dairy & Food Staples,SunRice Basmati 1kg,312.44,41,12810.04,5,640.5,12169.54,13649.68,Delivered,0,0.0,Indirect,UPI/Online
ORD100603,2024-02-20,Feb-2024,North,Punjab,Ludhiana,D015,Ludhiana Traders,Distributor,OUT0051,Supermarket,SP009_Karan,Dairy & Food Staples,SunRice Basmati 1kg,317.8,7,2224.6,5,111.23,2113.37,2583.85,Delivered,0,0.0,Indirect,Credit
ORD100638,2024-02-20,Feb-2024,South,Tamil Nadu,Coimbatore,D020,Coimbatore Marketing,Distributor,OUT0109,Wholesale Shop,SP006_Anjali,Snacks & Confectionery,ChocoNut Bar 40g,131.36,32,4203.52,2,84.07,4119.45,4052.55,Delivered,0,0.0,Indirect,Cash
ORD102968,2024-02-20,Feb-2024,South,Telangana,Hyderabad,D012,Hyderabad Traders,Super Stockist,OUT0166,Wholesale Shop,SP008_Neha,Dairy & Food Staples,GoldenGrain Atta 5kg,276.37,22,6080.14,5,304.01,5776.13,6663.72,Pending,0,0.0,Direct,UPI/Online
ORD101023,2024-02-20,Feb-2024,Central,Chhattisgarh,Raipur,D022,Raipur Agencies,Super Stockist,OUT0189,Modern Trade,SP012_Divya,Beverages,FreshSip Cola 250ml,227.41,36,8186.76,5,409.34,7777.42,8368.36,Delivered,0,0.0,Indirect,Cash
ORD103440,2024-02-20,Feb-2024,East,Bihar,Patna,D014,Patna Distribution Co,Wholesaler,OUT0088,Wholesale Shop,SP003_Priya,Personal Care,FreshBreath Toothpaste 150g,202.89,32,6492.48,10,649.25,5843.23,6056.52,Delivered,0,0.0,Direct,UPI/Online
ORD102281,2024-02-20,Feb-2024,South,Tamil Nadu,Coimbatore,D020,Coimbatore Marketing,Distributor,OUT0109,Wholesale Shop,SP025_Vikram,Dairy & Food Staples,DailyFresh Ghee 500ml,136.13,18,2450.34,2,49.01,2401.33,2356.99,Returned,6,816.78,Indirect,Cash
ORD103447,2024-02-20,Feb-2024,Central,Chhattisgarh,Raipur,D011,Raipur Agencies,Super Stockist,OUT0125,Supermarket,SP002_Amit,Personal Care,FreshBreath Toothpaste 150g,278.08,14,3893.12,2,77.86,3815.26,4074.36,Delivered,0,0.0,Indirect,UPI/Online
ORD102821,2024-02-21,Feb-2024,North,Punjab,Amritsar,D018,Amritsar Traders,Wholesaler,OUT0132,Kirana/General Store,SP004_Sneha,Dairy & Food Staples,DailyFresh Ghee 500ml,345.64,15,5184.6,5,259.23,4925.37,5318.81,Delivered,0,0.0,Direct,UPI/Online
ORD102401,2024-02-21,Feb-2024,Central,Madhya Pradesh,Jabalpur,D025,Jabalpur Agencies,Wholesaler,OUT0010,Supermarket,SP001_Rahul,Dairy & Food Staples,PureDrop Milk 500ml,311.33,16,4981.28,2,99.63,4881.65,4436.58,Delivered,0,0.0,Indirect,UPI/Online
ORD100442,2024-02-21,Feb-2024,East,West Bengal,Kolkata,D006,Kolkata Enterprises,Distributor,OUT0064,Modern Trade,SP004_Sneha,Snacks & Confectionery,ChocoNut Bar 40g,200.37,15,3005.55,2,60.11,2945.44,2562.51,Delivered,0,0.0,Indirect,UPI/Online
ORD101575,2024-02-21,Feb-2024,Central,Chhattisgarh,Raipur,D021,Raipur Traders,Super Stockist,OUT0126,Convenience Store,SP005_Vikram,Beverages,MintCool Soda 300ml,192.13,21,4034.73,8,322.78,3711.95,3162.62,Delivered,0,0.0,Direct,UPI/Online
ORD101476,2024-02-21,Feb-2024,Central,Chhattisgarh,Raipur,D022,Raipur Agencies,Super Stockist,OUT0186,Kirana/General Store,SP039_Deepak,Dairy & Food Staples,GoldenGrain Atta 5kg,182.53,22,4015.66,0,0.0,4015.66,3481.31,Delivered,0,0.0,Indirect,Cash
ORD102355,2024-02-21,Feb-2024,Central,Chhattisgarh,Raipur,D022,Raipur Agencies,Super Stockist,OUT0069,Modern Trade,SP024_Sneha,Snacks & Confectionery,CrispBite Chips 50g,25.59,5,127.95,0,0.0,127.95,128.89,Delivered,0,0.0,Indirect,UPI/Online
ORD103819,2024-02-21,Feb-2024,West,Rajasthan,Jodhpur,D013,Jodhpur Distribution Co,Super Stockist,OUT0083,Kirana/General Store,SP021_Rahul,Personal Care,FreshBreath Toothpaste 150g,263.83,33,8706.39,0,0.0,8706.39,7876.46,Delivered,0,0.0,Indirect,UPI/Online
ORD102883,2024-02-21,Feb-2024,Central,Madhya Pradesh,Bhopal,D029,Bhopal Distribution Co,Super Stockist,OUT0103,Kirana/General Store,SP003_Priya,Dairy & Food Staples,DailyFresh Ghee 500ml,246.6,22,5425.2,2,108.5,5316.7,5391.78,Delivered,0,0.0,Indirect,Credit
ORD103959,2024-02-21,Feb-2024,Central,Chhattisgarh,Raipur,D011,Raipur Agencies,Super Stockist,OUT0125,Supermarket,SP011_Ravi,Snacks & Confectionery,CrispBite Chips 100g,269.5,29,7815.5,2,156.31,7659.19,9024.24,Delivered,0,0.0,Direct,Credit
ORD103396,2024-02-21,Feb-2024,Central,Madhya Pradesh,Jabalpur,D004,Jabalpur Traders,Wholesaler,OUT0172,Wholesale Shop,SP036_Meera,Dairy & Food Staples,SunRice Basmati 1kg,191.66,32,6133.12,8,490.65,5642.47,6675.87,Pending,0,0.0,Indirect,UPI/Online
ORD102732,2024-02-21,Feb-2024,North,Delhi,New Delhi,D001,New Delhi Traders,Super Stockist,OUT0024,Wholesale Shop,SP026_Anjali,Personal Care,GlowSoft Soap 100g,155.03,16,2480.48,2,49.61,2430.87,2210.75,Delivered,0,0.0,Indirect,UPI/Online
ORD103132,2024-02-21,Feb-2024,Central,Chhattisgarh,Raipur,D022,Raipur Agencies,Super Stockist,OUT0034,Modern Trade,SP034_Kavita,Beverages,FreshSip Cola 250ml,128.47,21,2697.87,2,53.96,2643.91,2273.01,Delivered,0,0.0,Indirect,Cash
ORD101477,2024-02-21,Feb-2024,North,Delhi,New Delhi,D001,New Delhi Traders,Super Stockist,OUT0097,Modern Trade,SP003_Priya,Home Care,CleanWave Detergent 1kg,229.07,35,8017.45,0,0.0,8017.45,7864.22,Delivered,0,0.0,Direct,Cash
ORD103188,2024-02-21,Feb-2024,Central,Chhattisgarh,Raipur,D011,Raipur Agencies,Super Stockist,OUT0168,Kirana/General Store,SP009_Karan,Personal Care,ShinyLocks Shampoo 200ml,158.6,20,3172.0,8,253.76,2918.24,2673.39,Delivered,0,0.0,Indirect,UPI/Online
ORD103926,2024-02-21,Feb-2024,West,Goa,Panaji,D024,Panaji Marketing,Distributor,OUT0073,Wholesale Shop,SP005_Vikram,Beverages,OrangeZest Juice 1L,300.84,24,7220.16,2,144.4,7075.76,8385.9,Delivered,0,0.0,Direct,Cash
ORD102456,2024-02-21,Feb-2024,Central,Madhya Pradesh,Bhopal,D029,Bhopal Distribution Co,Super Stockist,OUT0104,Supermarket,SP006_Anjali,Beverages,OrangeZest Juice 1L,293.28,34,9971.52,5,498.58,9472.94,8259.42,Pending,0,0.0,Indirect,Credit
ORD100532,2024-02-21,Feb-2024,Central,Chhattisgarh,Raipur,D009,Raipur Enterprises,Wholesaler,OUT0066,Modern Trade,SP017_Sanjay,Snacks & Confectionery,SweetPuff Biscuit 100g,217.06,34,7380.04,5,369.0,7011.04,7288.46,Delivered,0,0.0,Indirect,Credit
ORD101352,2024-02-21,Feb-2024,North,Delhi,New Delhi,D001,New Delhi Traders,Super Stockist,OUT0001,Kirana/General Store,SP002_Amit,Home Care,ShineFloor Cleaner 1L,164.14,6,984.84,0,0.0,984.84,1011.86,Delivered,0,0.0,Indirect,Cash
ORD101878,2024-02-21,Feb-2024,Central,Chhattisgarh,Raipur,D009,Raipur Enterprises,Wholesaler,OUT0121,Kirana/General Store,SP025_Vikram,Dairy & Food Staples,SunRice Basmati 1kg,205.33,17,3490.61,5,174.53,3316.08,3973.74,Delivered,0,0.0,Indirect,Credit
ORD101776,2024-02-21,Feb-2024,Central,Madhya Pradesh,Jabalpur,D030,Jabalpur Distribution Co,Distributor,OUT0181,Wholesale Shop,SP003_Priya,Dairy & Food Staples,DailyFresh Ghee 500ml,273.11,17,4642.87,10,464.29,4178.58,3589.07,Pending,0,0.0,Direct,UPI/Online
ORD102931,2024-02-21,Feb-2024,East,Odisha,Bhubaneswar,D007,Bhubaneswar Distribution Co,Super Stockist,OUT0119,Convenience Store,SP002_Amit,Dairy & Food Staples,SunRice Basmati 1kg,217.51,8,1740.08,10,174.01,1566.07,1331.94,Delivered,0,0.0,Direct,UPI/Online
ORD101803,2024-02-21,Feb-2024,South,Tamil Nadu,Coimbatore,D023,Coimbatore Marketing,Super Stockist,OUT0068,Wholesale Shop,SP015_Arjun,Dairy & Food Staples,SunRice Basmati 1kg,173.41,29,5028.89,2,100.58,4928.31,5377.59,Returned,7,1213.87,Direct,Cash
ORD101520,2024-02-21,Feb-2024,North,Punjab,Amritsar,D018,Amritsar Traders,Wholesaler,OUT0129,Kirana/General Store,SP031_Ravi,Snacks & Confectionery,CrispBite Chips 50g,174.91,25,4372.75,0,0.0,4372.75,5359.43,Delivered,0,0.0,Indirect,Credit
ORD103293,2024-02-22,Feb-2024,South,Tamil Nadu,Coimbatore,D023,Coimbatore Marketing,Super Stockist,OUT0068,Wholesale Shop,SP015_Arjun,Personal Care,FreshBreath Toothpaste 150g,169.34,28,4741.52,8,379.32,4362.2,4831.64,Returned,8,1354.72,Direct,UPI/Online
ORD103444,2024-02-22,Feb-2024,West,Goa,Panaji,D024,Panaji Marketing,Distributor,OUT0007,Modern Trade,SP030_Pooja,Home Care,SparkleShine Dishwash 500ml,315.7,37,11680.9,10,1168.09,10512.81,13065.7,Delivered,0,0.0,Direct,UPI/Online
ORD100386,2024-02-22,Feb-2024,North,Delhi,New Delhi,D003,New Delhi Traders,Super Stockist,OUT0081,Wholesale Shop,SP010_Pooja,Personal Care,FreshBreath Toothpaste 150g,72.81,6,436.86,0,0.0,436.86,426.19,Returned,1,72.81,Direct,Cash
ORD103640,2024-02-22,Feb-2024,West,Gujarat,Surat,D027,Surat Agencies,Wholesaler,OUT0160,Supermarket,SP035_Arjun,Personal Care,SilkTouch Lotion 200ml,63.38,18,1140.84,0,0.0,1140.84,1107.31,Delivered,0,0.0,Direct,UPI/Online
ORD103229,2024-02-22,Feb-2024,East,Bihar,Patna,D014,Patna Distribution Co,Wholesaler,OUT0043,Modern Trade,SP026_Anjali,Dairy & Food Staples,PureDrop Milk 500ml,316.56,27,8547.12,0,0.0,8547.12,9860.36,Delivered,0,0.0,Direct,Cash
ORD100351,2024-02-22,Feb-2024,Central,Madhya Pradesh,Bhopal,D029,Bhopal Distribution Co,Super Stockist,OUT0138,Kirana/General Store,SP008_Neha,Snacks & Confectionery,ChocoNut Bar 40g,159.44,19,3029.36,0,0.0,3029.36,3488.56,Cancelled,0,0.0,Direct,Credit
ORD102625,2024-02-22,Feb-2024,Central,Chhattisgarh,Raipur,D005,Raipur Enterprises,Wholesaler,OUT0102,Convenience Store,SP032_Divya,Home Care,CleanWave Detergent 1kg,181.84,15,2727.6,2,54.55,2673.05,3260.69,Delivered,0,0.0,Indirect,Credit
ORD100044,2024-02-22,Feb-2024,North,Uttar Pradesh,Lucknow,D008,Lucknow Distribution Co,Distributor,OUT0004,Kirana/General Store,SP022_Amit,Dairy & Food Staples,DailyFresh Ghee 500ml,188.74,47,8870.78,5,443.54,8427.24,10163.27,Delivered,0,0.0,Indirect,Credit
ORD101972,2024-02-22,Feb-2024,South,Karnataka,Mysuru,D017,Mysuru Enterprises,Distributor,OUT0176,Kirana/General Store,SP021_Rahul,Personal Care,ShinyLocks Shampoo 200ml,170.51,32,5456.32,12,654.76,4801.56,5392.62,Delivered,0,0.0,Indirect,Cash
ORD102492,2024-02-22,Feb-2024,Central,Madhya Pradesh,Jabalpur,D030,Jabalpur Distribution Co,Distributor,OUT0145,Supermarket,SP014_Kavita,Snacks & Confectionery,CrispBite Chips 100g,21.2,34,720.8,10,72.08,648.72,611.61,Delivered,0,0.0,Indirect,Cash
ORD101486,2024-02-22,Feb-2024,West,Goa,Panaji,D024,Panaji Marketing,Distributor,OUT0073,Wholesale Shop,SP024_Sneha,Personal Care,GlowSoft Soap 100g,266.85,17,4536.45,0,0.0,4536.45,4336.6,Delivered,0,0.0,Indirect,Cash
ORD103406,2024-02-23,Feb-2024,Central,Chhattisgarh,Raipur,D009,Raipur Enterprises,Wholesaler,OUT0153,Supermarket,SP003_Priya,Home Care,CleanWave Detergent 1kg,229.76,26,5973.76,5,298.69,5675.07,6320.94,Delivered,0,0.0,Direct,Credit
ORD100887,2024-02-23,Feb-2024,South,Karnataka,Mysuru,D017,Mysuru Enterprises,Distributor,OUT0176,Kirana/General Store,SP017_Sanjay,Home Care,PureAir Freshener 250ml,55.21,36,1987.56,5,99.38,1888.18,1689.84,Delivered,0,0.0,Direct,Credit
ORD102863,2024-02-23,Feb-2024,North,Uttar Pradesh,Lucknow,D010,Lucknow Marketing,Distributor,OUT0071,Supermarket,SP003_Priya,Home Care,SparkleShine Dishwash 500ml,309.18,12,3710.16,5,185.51,3524.65,3931.67,Delivered,0,0.0,Direct,Cash
ORD101143,2024-02-23,Feb-2024,East,Bihar,Patna,D014,Patna Distribution Co,Wholesaler,OUT0043,Modern Trade,SP019_Deepak,Beverages,FreshSip Cola 500ml,337.58,18,6076.44,2,121.53,5954.91,5810.64,Delivered,0,0.0,Indirect,Cash
ORD101703,2024-02-23,Feb-2024,Central,Madhya Pradesh,Jabalpur,D025,Jabalpur Agencies,Wholesaler,OUT0010,Supermarket,SP031_Ravi,Home Care,SparkleShine Dishwash 500ml,334.93,26,8708.18,5,435.41,8272.77,8017.46,Delivered,0,0.0,Indirect,Credit
ORD100737,2024-02-23,Feb-2024,East,Bihar,Patna,D014,Patna Distribution Co,Wholesaler,OUT0043,Modern Trade,SP011_Ravi,Snacks & Confectionery,SweetPuff Biscuit 100g,142.18,8,1137.44,10,113.74,1023.7,945.0,Pending,0,0.0,Indirect,UPI/Online
ORD101844,2024-02-23,Feb-2024,Central,Madhya Pradesh,Jabalpur,D025,Jabalpur Agencies,Wholesaler,OUT0010,Supermarket,SP010_Pooja,Personal Care,GlowSoft Soap 100g,268.94,18,4840.92,2,96.82,4744.1,4576.46,Delivered,0,0.0,Indirect,UPI/Online
ORD100343,2024-02-23,Feb-2024,West,Goa,Panaji,D019,Panaji Traders,Distributor,OUT0076,Modern Trade,SP010_Pooja,Home Care,CleanWave Detergent 1kg,254.96,15,3824.4,2,76.49,3747.91,4161.9,Delivered,0,0.0,Direct,UPI/Online
ORD100590,2024-02-23,Feb-2024,Central,Chhattisgarh,Raipur,D009,Raipur Enterprises,Wholesaler,OUT0053,Modern Trade,SP010_Pooja,Dairy & Food Staples,SunRice Basmati 1kg,275.83,14,3861.62,12,463.39,3398.23,4156.99,Delivered,0,0.0,Indirect,Cash
ORD102637,2024-02-23,Feb-2024,South,Karnataka,Mysuru,D017,Mysuru Enterprises,Distributor,OUT0176,Kirana/General Store,SP005_Vikram,Personal Care,SilkTouch Lotion 200ml,109.39,29,3172.31,2,63.45,3108.86,3643.92,Delivered,0,0.0,Indirect,UPI/Online
ORD100928,2024-02-23,Feb-2024,Central,Chhattisgarh,Raipur,D011,Raipur Agencies,Super Stockist,OUT0190,Modern Trade,SP033_Manoj,Beverages,FreshSip Cola 500ml,282.39,13,3671.07,12,440.53,3230.54,2957.53,Returned,2,564.78,Indirect,Credit
ORD101715,2024-02-23,Feb-2024,East,Odisha,Bhubaneswar,D028,Bhubaneswar Distribution Co,Wholesaler,OUT0014,Wholesale Shop,SP032_Divya,Personal Care,SilkTouch Lotion 200ml,154.59,29,4483.11,0,0.0,4483.11,4941.79,Delivered,0,0.0,Indirect,UPI/Online
ORD102834,2024-02-23,Feb-2024,North,Punjab,Ludhiana,D015,Ludhiana Traders,Distributor,OUT0021,Kirana/General Store,SP006_Anjali,Snacks & Confectionery,ChocoNut Bar 40g,78.29,10,782.9,5,39.15,743.75,686.83,Delivered,0,0.0,Indirect,Cash
ORD103526,2024-02-24,Feb-2024,North,Uttar Pradesh,Lucknow,D010,Lucknow Marketing,Distributor,OUT0137,Convenience Store,SP026_Anjali,Snacks & Confectionery,ChocoNut Bar 40g,228.31,37,8447.47,8,675.8,7771.67,7740.03,Pending,0,0.0,Indirect,UPI/Online
ORD101361,2024-02-24,Feb-2024,Central,Madhya Pradesh,Bhopal,D029,Bhopal Distribution Co,Super Stockist,OUT0112,Supermarket,SP025_Vikram,Beverages,FreshSip Cola 500ml,277.85,19,5279.15,5,263.96,5015.19,4299.09,Cancelled,0,0.0,Indirect,Credit
ORD100254,2024-02-24,Feb-2024,South,Tamil Nadu,Coimbatore,D020,Coimbatore Marketing,Distributor,OUT0086,Kirana/General Store,SP034_Kavita,Personal Care,SilkTouch Lotion 200ml,347.11,13,4512.43,0,0.0,4512.43,4879.54,Delivered,0,0.0,Indirect,UPI/Online
ORD101061,2024-02-24,Feb-2024,Central,Chhattisgarh,Raipur,D022,Raipur Agencies,Super Stockist,OUT0045,Kirana/General Store,SP038_Rina,Snacks & Confectionery,ChocoNut Bar 40g,193.14,56,10815.84,0,0.0,10815.84,11734.62,Cancelled,0,0.0,Indirect,Credit
ORD102472,2024-02-24,Feb-2024,East,Bihar,Patna,D014,Patna Distribution Co,Wholesaler,OUT0088,Wholesale Shop,SP008_Neha,Snacks & Confectionery,SweetPuff Biscuit 100g,193.98,32,6207.36,0,0.0,6207.36,6554.93,Delivered,0,0.0,Direct,UPI/Online
ORD103951,2024-02-24,Feb-2024,Central,Chhattisgarh,Raipur,D026,Raipur Agencies,Distributor,OUT0152,Supermarket,SP026_Anjali,Personal Care,SilkTouch Lotion 200ml,131.22,12,1574.64,0,0.0,1574.64,1343.78,Delivered,0,0.0,Indirect,UPI/Online
ORD100736,2024-02-24,Feb-2024,North,Uttar Pradesh,Lucknow,D010,Lucknow Marketing,Distributor,OUT0197,Modern Trade,SP028_Neha,Dairy & Food Staples,DailyFresh Ghee 500ml,265.92,16,4254.72,0,0.0,4254.72,5163.96,Delivered,0,0.0,Indirect,UPI/Online
ORD101768,2024-02-24,Feb-2024,East,West Bengal,Kolkata,D006,Kolkata Enterprises,Distributor,OUT0060,Modern Trade,SP033_Manoj,Personal Care,ShinyLocks Shampoo 200ml,33.2,17,564.4,5,28.22,536.18,612.61,Pending,0,0.0,Direct,UPI/Online
ORD102793,2024-02-24,Feb-2024,East,Odisha,Bhubaneswar,D007,Bhubaneswar Distribution Co,Super Stockist,OUT0200,Modern Trade,SP003_Priya,Home Care,ShineFloor Cleaner 1L,277.7,17,4720.9,12,566.51,4154.39,3712.17,Delivered,0,0.0,Direct,UPI/Online
ORD102749,2024-02-24,Feb-2024,Central,Chhattisgarh,Raipur,D005,Raipur Enterprises,Wholesaler,OUT0036,Wholesale Shop,SP003_Priya,Personal Care,SilkTouch Lotion 200ml,311.45,12,3737.4,5,186.87,3550.53,4179.09,Pending,0,0.0,Indirect,Cash
ORD102204,2024-02-24,Feb-2024,South,Tamil Nadu,Coimbatore,D023,Coimbatore Marketing,Super Stockist,OUT0018,Convenience Store,SP016_Meera,Personal Care,SilkTouch Lotion 200ml,122.05,31,3783.55,10,378.36,3405.19,2985.16,Delivered,0,0.0,Indirect,Cash
ORD102778,2024-02-24,Feb-2024,North,Delhi,New Delhi,D003,New Delhi Traders,Super Stockist,OUT0023,Convenience Store,SP002_Amit,Home Care,CleanWave Detergent 1kg,276.93,18,4984.74,0,0.0,4984.74,4954.87,Delivered,0,0.0,Indirect,UPI/Online
ORD103337,2024-02-24,Feb-2024,South,Tamil Nadu,Coimbatore,D023,Coimbatore Marketing,Super Stockist,OUT0028,Kirana/General Store,SP038_Rina,Dairy & Food Staples,PureDrop Milk 500ml,132.54,25,3313.5,8,265.08,3048.42,3074.11,Delivered,0,0.0,Direct,UPI/Online
ORD102337,2024-02-24,Feb-2024,North,Delhi,New Delhi,D001,New Delhi Traders,Super Stockist,OUT0001,Kirana/General Store,SP025_Vikram,Snacks & Confectionery,ChocoNut Bar 40g,108.74,20,2174.8,5,108.74,2066.06,2197.13,Delivered,0,0.0,Indirect,UPI/Online
ORD101513,2024-02-25,Feb-2024,North,Delhi,New Delhi,D001,New Delhi Traders,Super Stockist,OUT0027,Kirana/General Store,SP002_Amit,Beverages,OrangeZest Juice 1L,88.31,36,3179.16,8,254.33,2924.83,3515.94,Returned,10,883.1,Indirect,Credit
ORD100805,2024-02-25,Feb-2024,West,Gujarat,Surat,D027,Surat Agencies,Wholesaler,OUT0107,Wholesale Shop,SP039_Deepak,Snacks & Confectionery,CrispBite Chips 100g,257.35,6,1544.1,2,30.88,1513.22,1318.21,Delivered,0,0.0,Indirect,UPI/Online
ORD102804,2024-02-25,Feb-2024,East,West Bengal,Kolkata,D006,Kolkata Enterprises,Distributor,OUT0060,Modern Trade,SP022_Amit,Snacks & Confectionery,SweetPuff Biscuit 100g,192.47,21,4041.87,0,0.0,4041.87,4817.38,Returned,6,1154.82,Indirect,Cash
ORD101725,2024-02-25,Feb-2024,South,Telangana,Hyderabad,D012,Hyderabad Traders,Super Stockist,OUT0142,Wholesale Shop,SP030_Pooja,Home Care,PureAir Freshener 250ml,62.43,31,1935.33,2,38.71,1896.62,2313.68,Delivered,0,0.0,Indirect,UPI/Online
ORD100633,2024-02-25,Feb-2024,North,Uttar Pradesh,Lucknow,D008,Lucknow Distribution Co,Distributor,OUT0005,Wholesale Shop,SP007_Suresh,Snacks & Confectionery,SweetPuff Biscuit 100g,33.0,16,528.0,2,10.56,517.44,560.54,Delivered,0,0.0,Indirect,UPI/Online
ORD100126,2024-02-25,Feb-2024,Central,Chhattisgarh,Raipur,D011,Raipur Agencies,Super Stockist,OUT0090,Convenience Store,SP015_Arjun,Dairy & Food Staples,DailyFresh Ghee 500ml,79.93,24,1918.32,2,38.37,1879.95,1713.27,Returned,2,159.86,Indirect,UPI/Online
ORD102830,2024-02-25,Feb-2024,Central,Chhattisgarh,Raipur,D005,Raipur Enterprises,Wholesaler,OUT0102,Convenience Store,SP001_Rahul,Personal Care,FreshBreath Toothpaste 150g,94.69,37,3503.53,2,70.07,3433.46,3889.42,Delivered,0,0.0,Direct,Cash
ORD100025,2024-02-25,Feb-2024,North,Delhi,New Delhi,D001,New Delhi Traders,Super Stockist,OUT0149,Supermarket,SP026_Anjali,Beverages,OrangeZest Juice 1L,99.88,19,1897.72,8,151.82,1745.9,1992.57,Delivered,0,0.0,Indirect,Credit
ORD100810,2024-02-25,Feb-2024,Central,Chhattisgarh,Raipur,D026,Raipur Agencies,Distributor,OUT0147,Supermarket,SP039_Deepak,Dairy & Food Staples,PureDrop Milk 500ml,81.31,20,1626.2,2,32.52,1593.68,1710.45,Delivered,0,0.0,Indirect,UPI/Online
ORD103992,2024-02-25,Feb-2024,Central,Madhya Pradesh,Bhopal,D029,Bhopal Distribution Co,Super Stockist,OUT0084,Wholesale Shop,SP038_Rina,Dairy & Food Staples,DailyFresh Ghee 500ml,218.2,15,3273.0,0,0.0,3273.0,3481.77,Delivered,0,0.0,Direct,Credit
ORD102578,2024-02-25,Feb-2024,Central,Chhattisgarh,Raipur,D011,Raipur Agencies,Super Stockist,OUT0125,Supermarket,SP010_Pooja,Home Care,ShineFloor Cleaner 1L,184.26,6,1105.56,0,0.0,1105.56,1373.37,Delivered,0,0.0,Indirect,UPI/Online
ORD100557,2024-02-25,Feb-2024,Central,Chhattisgarh,Raipur,D022,Raipur Agencies,Super Stockist,OUT0194,Modern Trade,SP038_Rina,Home Care,CleanWave Detergent 1kg,220.26,40,8810.4,10,881.04,7929.36,7409.93,Delivered,0,0.0,Indirect,UPI/Online
ORD101624,2024-02-26,Feb-2024,Central,Chhattisgarh,Raipur,D021,Raipur Traders,Super Stockist,OUT0057,Wholesale Shop,SP018_Rina,Beverages,FreshSip Cola 250ml,189.34,14,2650.76,8,212.06,2438.7,2684.17,Delivered,0,0.0,Indirect,UPI/Online
ORD101142,2024-02-26,Feb-2024,South,Tamil Nadu,Coimbatore,D023,Coimbatore Marketing,Super Stockist,OUT0028,Kirana/General Store,SP033_Manoj,Dairy & Food Staples,PureDrop Milk 500ml,92.29,16,1476.64,5,73.83,1402.81,1250.72,Delivered,0,0.0,Indirect,Cash
ORD100531,2024-02-26,Feb-2024,Central,Chhattisgarh,Raipur,D026,Raipur Agencies,Distributor,OUT0147,Supermarket,SP005_Vikram,Home Care,SparkleShine Dishwash 500ml,84.34,23,1939.82,5,96.99,1842.83,2125.68,Cancelled,0,0.0,Indirect,UPI/Online
ORD101573,2024-02-26,Feb-2024,East,Odisha,Bhubaneswar,D007,Bhubaneswar Distribution Co,Super Stockist,OUT0118,Convenience Store,SP017_Sanjay,Dairy & Food Staples,PureDrop Milk 500ml,186.25,27,5028.75,12,603.45,4425.3,4777.49,Delivered,0,0.0,Direct,Credit
ORD103260,2024-02-26,Feb-2024,Central,Chhattisgarh,Raipur,D026,Raipur Agencies,Distributor,OUT0152,Supermarket,SP038_Rina,Beverages,FreshSip Cola 500ml,183.94,51,9380.94,8,750.48,8630.46,9978.84,Delivered,0,0.0,Direct,Credit
ORD101434,2024-02-26,Feb-2024,North,Uttar Pradesh,Lucknow,D008,Lucknow Distribution Co,Distributor,OUT0049,Supermarket,SP022_Amit,Personal Care,GlowSoft Soap 100g,128.49,35,4497.15,8,359.77,4137.38,4571.71,Delivered,0,0.0,Direct,Credit
ORD103956,2024-02-26,Feb-2024,Central,Chhattisgarh,Raipur,D021,Raipur Traders,Super Stockist,OUT0057,Wholesale Shop,SP012_Divya,Beverages,MintCool Soda 300ml,61.99,25,1549.75,5,77.49,1472.26,1687.4,Pending,0,0.0,Indirect,Credit
ORD100875,2024-02-27,Feb-2024,West,Rajasthan,Jodhpur,D013,Jodhpur Distribution Co,Super Stockist,OUT0155,Kirana/General Store,SP012_Divya,Snacks & Confectionery,CrispBite Chips 100g,298.81,46,13745.26,0,0.0,13745.26,11737.5,Delivered,0,0.0,Indirect,Credit
ORD102514,2024-02-27,Feb-2024,South,Tamil Nadu,Coimbatore,D020,Coimbatore Marketing,Distributor,OUT0144,Supermarket,SP009_Karan,Home Care,ShineFloor Cleaner 1L,42.61,26,1107.86,0,0.0,1107.86,1073.61,Delivered,0,0.0,Indirect,UPI/Online
ORD101739,2024-02-27,Feb-2024,Central,Madhya Pradesh,Bhopal,D029,Bhopal Distribution Co,Super Stockist,OUT0131,Supermarket,SP024_Sneha,Beverages,FreshSip Cola 500ml,234.94,3,704.82,10,70.48,634.34,558.66,Pending,0,0.0,Direct,UPI/Online
ORD101492,2024-02-27,Feb-2024,Central,Madhya Pradesh,Bhopal,D029,Bhopal Distribution Co,Super Stockist,OUT0148,Modern Trade,SP012_Divya,Home Care,PureAir Freshener 250ml,242.42,42,10181.64,0,0.0,10181.64,11718.67,Returned,3,727.26,Direct,Cash
ORD100817,2024-02-28,Feb-2024,South,Karnataka,Mysuru,D017,Mysuru Enterprises,Distributor,OUT0176,Kirana/General Store,SP040_Shreya,Personal Care,FreshBreath Toothpaste 150g,210.61,19,4001.59,0,0.0,4001.59,3572.02,Delivered,0,0.0,Direct,UPI/Online
ORD101192,2024-02-28,Feb-2024,Central,Chhattisgarh,Raipur,D022,Raipur Agencies,Super Stockist,OUT0069,Modern Trade,SP005_Vikram,Beverages,OrangeZest Juice 1L,94.32,20,1886.4,10,188.64,1697.76,1696.7,Delivered,0,0.0,Indirect,Credit
ORD100553,2024-02-28,Feb-2024,North,Punjab,Amritsar,D018,Amritsar Traders,Wholesaler,OUT0025,Supermarket,SP019_Deepak,Snacks & Confectionery,CrispBite Chips 50g,240.36,11,2643.96,0,0.0,2643.96,3071.33,Delivered,0,0.0,Direct,UPI/Online
ORD101666,2024-02-28,Feb-2024,South,Tamil Nadu,Coimbatore,D023,Coimbatore Marketing,Super Stockist,OUT0018,Convenience Store,SP034_Kavita,Beverages,FreshSip Cola 500ml,248.93,30,7467.9,0,0.0,7467.9,7525.43,Delivered,0,0.0,Indirect,Cash
ORD103825,2024-02-28,Feb-2024,Central,Madhya Pradesh,Bhopal,D029,Bhopal Distribution Co,Super Stockist,OUT0084,Wholesale Shop,SP029_Karan,Home Care,CleanWave Detergent 1kg,107.05,31,3318.55,0,0.0,3318.55,3317.8,Delivered,0,0.0,Indirect,UPI/Online
ORD100952,2024-02-28,Feb-2024,West,Rajasthan,Jodhpur,D013,Jodhpur Distribution Co,Super Stockist,OUT0167,Wholesale Shop,SP021_Rahul,Home Care,SparkleShine Dishwash 500ml,26.48,9,238.32,5,11.92,226.4,205.72,Pending,0,0.0,Indirect,Cash
ORD100333,2024-02-28,Feb-2024,Central,Madhya Pradesh,Jabalpur,D030,Jabalpur Distribution Co,Distributor,OUT0145,Supermarket,SP002_Amit,Snacks & Confectionery,CrispBite Chips 100g,87.24,6,523.44,5,26.17,497.27,581.39,Delivered,0,0.0,Indirect,UPI/Online
ORD103375,2024-02-28,Feb-2024,Central,Madhya Pradesh,Jabalpur,D025,Jabalpur Agencies,Wholesaler,OUT0009,Wholesale Shop,SP004_Sneha,Beverages,MintCool Soda 300ml,143.0,14,2002.0,10,200.2,1801.8,2035.28,Delivered,0,0.0,Indirect,Cash
ORD102630,2024-02-28,Feb-2024,North,Punjab,Amritsar,D018,Amritsar Traders,Wholesaler,OUT0132,Kirana/General Store,SP015_Arjun,Snacks & Confectionery,ChocoNut Bar 40g,234.99,25,5874.75,2,117.5,5757.25,5261.63,Delivered,0,0.0,Indirect,Credit
ORD103923,2024-02-28,Feb-2024,Central,Madhya Pradesh,Bhopal,D029,Bhopal Distribution Co,Super Stockist,OUT0103,Kirana/General Store,SP006_Anjali,Snacks & Confectionery,ChocoNut Bar 40g,228.39,19,4339.41,5,216.97,4122.44,4137.99,Delivered,0,0.0,Indirect,Cash
ORD101294,2024-02-28,Feb-2024,Central,Chhattisgarh,Raipur,D022,Raipur Agencies,Super Stockist,OUT0182,Supermarket,SP032_Divya,Snacks & Confectionery,ChocoNut Bar 40g,165.45,43,7114.35,2,142.29,6972.06,8160.58,Delivered,0,0.0,Indirect,Credit
ORD103094,2024-02-28,Feb-2024,West,Gujarat,Surat,D027,Surat Agencies,Wholesaler,OUT0123,Convenience Store,SP023_Priya,Beverages,MintCool Soda 300ml,312.07,7,2184.49,0,0.0,2184.49,1977.84,Returned,2,624.14,Direct,UPI/Online
ORD102165,2024-02-28,Feb-2024,East,West Bengal,Kolkata,D006,Kolkata Enterprises,Distributor,OUT0170,Wholesale Shop,SP025_Vikram,Snacks & Confectionery,SweetPuff Biscuit 100g,169.8,21,3565.8,10,356.58,3209.22,2960.81,Returned,1,169.8,Indirect,Cash
ORD103467,2024-02-28,Feb-2024,South,Karnataka,Bengaluru,D002,Bengaluru Marketing,Distributor,OUT0074,Convenience Store,SP003_Priya,Personal Care,SilkTouch Lotion 200ml,39.41,15,591.15,5,29.56,561.59,644.15,Delivered,0,0.0,Indirect,Cash
ORD101366,2024-02-29,Feb-2024,South,Karnataka,Bengaluru,D002,Bengaluru Marketing,Distributor,OUT0075,Kirana/General Store,SP038_Rina,Beverages,FreshSip Cola 250ml,42.14,46,1938.44,0,0.0,1938.44,2156.43,Cancelled,0,0.0,Direct,UPI/Online
ORD100401,2024-02-29,Feb-2024,North,Uttar Pradesh,Lucknow,D010,Lucknow Marketing,Distributor,OUT0117,Wholesale Shop,SP012_Divya,Dairy & Food Staples,PureDrop Milk 500ml,177.36,38,6739.68,5,336.98,6402.7,5786.59,Delivered,0,0.0,Direct,UPI/Online
ORD102727,2024-02-29,Feb-2024,North,Uttar Pradesh,Lucknow,D008,Lucknow Distribution Co,Distributor,OUT0029,Kirana/General Store,SP003_Priya,Home Care,ShineFloor Cleaner 1L,221.7,9,1995.3,0,0.0,1995.3,2186.92,Pending,0,0.0,Direct,Cash
ORD103019,2024-02-29,Feb-2024,East,West Bengal,Kolkata,D006,Kolkata Enterprises,Distributor,OUT0078,Kirana/General Store,SP029_Karan,Personal Care,FreshBreath Toothpaste 150g,111.52,20,2230.4,5,111.52,2118.88,2530.24,Delivered,0,0.0,Direct,Cash
ORD100929,2024-02-29,Feb-2024,West,Rajasthan,Jodhpur,D013,Jodhpur Distribution Co,Super Stockist,OUT0019,Convenience Store,SP027_Suresh,Snacks & Confectionery,SweetPuff Biscuit 100g,118.81,18,2138.58,2,42.77,2095.81,2068.33,Delivered,0,0.0,Indirect,Credit
ORD100830,2024-02-29,Feb-2024,Central,Madhya Pradesh,Jabalpur,D030,Jabalpur Distribution Co,Distributor,OUT0002,Convenience Store,SP022_Amit,Personal Care,GlowSoft Soap 100g,197.66,19,3755.54,0,0.0,3755.54,4321.01,Returned,6,1185.96,Indirect,Cash
ORD103544,2024-02-29,Feb-2024,North,Punjab,Amritsar,D018,Amritsar Traders,Wholesaler,OUT0192,Supermarket,SP025_Vikram,Snacks & Confectionery,SweetPuff Biscuit 100g,274.28,22,6034.16,12,724.1,5310.06,4849.94,Cancelled,0,0.0,Direct,Credit
ORD101095,2024-02-29,Feb-2024,East,West Bengal,Kolkata,D006,Kolkata Enterprises,Distributor,OUT0127,Modern Trade,SP036_Meera,Beverages,MintCool Soda 300ml,48.18,27,1300.86,0,0.0,1300.86,1339.29,Delivered,0,0.0,Direct,UPI/Online
ORD103284,2024-02-29,Feb-2024,West,Goa,Panaji,D019,Panaji Traders,Distributor,OUT0026,Supermarket,SP040_Shreya,Home Care,PureAir Freshener 250ml,114.76,14,1606.64,0,0.0,1606.64,1445.91,Delivered,0,0.0,Direct,UPI/Online
ORD100101,2024-02-29,Feb-2024,Central,Chhattisgarh,Raipur,D005,Raipur Enterprises,Wholesaler,OUT0036,Wholesale Shop,SP008_Neha,Beverages,FreshSip Cola 250ml,167.65,11,1844.15,0,0.0,1844.15,1845.83,Delivered,0,0.0,Direct,Credit
ORD101758,2024-03-01,Mar-2024,South,Tamil Nadu,Coimbatore,D020,Coimbatore Marketing,Distributor,OUT0087,Kirana/General Store,SP005_Vikram,Personal Care,GlowSoft Soap 100g,69.3,43,2979.9,0,0.0,2979.9,3028.43,Delivered,0,0.0,Indirect,Cash
ORD100404,2024-03-01,Mar-2024,North,Punjab,Amritsar,D018,Amritsar Traders,Wholesaler,OUT0198,Kirana/General Store,SP034_Kavita,Beverages,OrangeZest Juice 1L,263.5,29,7641.5,8,611.32,7030.18,7827.52,Delivered,0,0.0,Indirect,Credit
ORD101753,2024-03-01,Mar-2024,North,Punjab,Ludhiana,D015,Ludhiana Traders,Distributor,OUT0021,Kirana/General Store,SP037_Sanjay,Home Care,ShineFloor Cleaner 1L,250.56,27,6765.12,5,338.26,6426.86,5817.33,Delivered,0,0.0,Indirect,Cash
ORD100068,2024-03-01,Mar-2024,South,Telangana,Hyderabad,D012,Hyderabad Traders,Super Stockist,OUT0166,Wholesale Shop,SP033_Manoj,Snacks & Confectionery,SweetPuff Biscuit 100g,38.99,5,194.95,2,3.9,191.05,173.32,Delivered,0,0.0,Indirect,Credit
ORD103813,2024-03-01,Mar-2024,Central,Chhattisgarh,Raipur,D009,Raipur Enterprises,Wholesaler,OUT0013,Wholesale Shop,SP038_Rina,Home Care,SparkleShine Dishwash 500ml,153.97,31,4773.07,0,0.0,4773.07,5884.86,Returned,4,615.88,Indirect,Cash
ORD103359,2024-03-01,Mar-2024,North,Punjab,Amritsar,D018,Amritsar Traders,Wholesaler,OUT0025,Supermarket,SP034_Kavita,Snacks & Confectionery,SweetPuff Biscuit 100g,45.72,45,2057.4,0,0.0,2057.4,2015.98,Delivered,0,0.0,Direct,Cash
ORD101000,2024-03-01,Mar-2024,Central,Chhattisgarh,Raipur,D021,Raipur Traders,Super Stockist,OUT0057,Wholesale Shop,SP009_Karan,Snacks & Confectionery,CrispBite Chips 100g,269.79,10,2697.9,5,134.9,2563.0,2654.05,Delivered,0,0.0,Indirect,Credit
ORD100779,2024-03-01,Mar-2024,Central,Chhattisgarh,Raipur,D026,Raipur Agencies,Distributor,OUT0048,Kirana/General Store,SP027_Suresh,Personal Care,ShinyLocks Shampoo 200ml,229.76,35,8041.6,0,0.0,8041.6,9454.94,Delivered,0,0.0,Indirect,Credit
ORD102888,2024-03-01,Mar-2024,Central,Chhattisgarh,Raipur,D009,Raipur Enterprises,Wholesaler,OUT0121,Kirana/General Store,SP024_Sneha,Dairy & Food Staples,SunRice Basmati 1kg,24.33,36,875.88,8,70.07,805.81,920.8,Delivered,0,0.0,Indirect,Cash
ORD101567,2024-03-01,Mar-2024,Central,Chhattisgarh,Raipur,D022,Raipur Agencies,Super Stockist,OUT0162,Supermarket,SP011_Ravi,Dairy & Food Staples,SunRice Basmati 1kg,293.33,35,10266.55,8,821.32,9445.23,10661.0,Returned,11,3226.63,Indirect,UPI/Online
ORD103017,2024-03-01,Mar-2024,Central,Chhattisgarh,Raipur,D022,Raipur Agencies,Super Stockist,OUT0069,Modern Trade,SP004_Sneha,Snacks & Confectionery,SweetPuff Biscuit 100g,155.93,24,3742.32,2,74.85,3667.47,4122.47,Delivered,0,0.0,Direct,Credit
ORD100229,2024-03-01,Mar-2024,North,Uttar Pradesh,Lucknow,D008,Lucknow Distribution Co,Distributor,OUT0033,Convenience Store,SP036_Meera,Beverages,MintCool Soda 300ml,29.89,39,1165.71,5,58.29,1107.42,1239.62,Delivered,0,0.0,Direct,Credit
ORD100635,2024-03-01,Mar-2024,North,Delhi,New Delhi,D001,New Delhi Traders,Super Stockist,OUT0024,Wholesale Shop,SP001_Rahul,Home Care,SparkleShine Dishwash 500ml,199.59,38,7584.42,5,379.22,7205.2,8730.52,Delivered,0,0.0,Indirect,UPI/Online
ORD100549,2024-03-01,Mar-2024,North,Punjab,Amritsar,D018,Amritsar Traders,Wholesaler,OUT0128,Modern Trade,SP036_Meera,Beverages,FreshSip Cola 250ml,348.56,24,8365.44,5,418.27,7947.17,9028.3,Delivered,0,0.0,Indirect,Cash
ORD103165,2024-03-01,Mar-2024,Central,Chhattisgarh,Raipur,D009,Raipur Enterprises,Wholesaler,OUT0153,Supermarket,SP008_Neha,Home Care,SparkleShine Dishwash 500ml,262.04,18,4716.72,5,235.84,4480.88,4278.51,Returned,2,524.08,Direct,Cash
ORD102095,2024-03-02,Mar-2024,North,Uttar Pradesh,Lucknow,D008,Lucknow Distribution Co,Distributor,OUT0085,Wholesale Shop,SP025_Vikram,Beverages,FreshSip Cola 250ml,163.3,15,2449.5,8,195.96,2253.54,2577.35,Delivered,0,0.0,Indirect,UPI/Online
ORD102241,2024-03-02,Mar-2024,West,Rajasthan,Jodhpur,D013,Jodhpur Distribution Co,Super Stockist,OUT0167,Wholesale Shop,SP033_Manoj,Personal Care,SilkTouch Lotion 200ml,205.71,33,6788.43,8,543.07,6245.36,5775.48,Delivered,0,0.0,Direct,UPI/Online
ORD100027,2024-03-02,Mar-2024,Central,Madhya Pradesh,Jabalpur,D030,Jabalpur Distribution Co,Distributor,OUT0145,Supermarket,SP024_Sneha,Beverages,OrangeZest Juice 1L,81.55,46,3751.3,5,187.56,3563.74,3052.82,Delivered,0,0.0,Indirect,UPI/Online
ORD100402,2024-03-02,Mar-2024,North,Uttar Pradesh,Lucknow,D008,Lucknow Distribution Co,Distributor,OUT0004,Kirana/General Store,SP034_Kavita,Snacks & Confectionery,CrispBite Chips 50g,118.8,41,4870.8,0,0.0,4870.8,4157.45,Returned,3,356.4,Indirect,Credit
ORD100577,2024-03-02,Mar-2024,North,Delhi,New Delhi,D001,New Delhi Traders,Super Stockist,OUT0097,Modern Trade,SP009_Karan,Beverages,MintCool Soda 300ml,283.25,19,5381.75,0,0.0,5381.75,6393.78,Delivered,0,0.0,Direct,Credit
ORD100749,2024-03-02,Mar-2024,North,Punjab,Amritsar,D018,Amritsar Traders,Wholesaler,OUT0198,Kirana/General Store,SP025_Vikram,Snacks & Confectionery,CrispBite Chips 50g,337.27,31,10455.37,5,522.77,9932.6,9431.17,Delivered,0,0.0,Indirect,UPI/Online
ORD101953,2024-03-02,Mar-2024,West,Rajasthan,Jodhpur,D013,Jodhpur Distribution Co,Super Stockist,OUT0167,Wholesale Shop,SP001_Rahul,Snacks & Confectionery,ChocoNut Bar 40g,139.87,16,2237.92,0,0.0,2237.92,1971.76,Cancelled,0,0.0,Indirect,UPI/Online
ORD100556,2024-03-02,Mar-2024,South,Karnataka,Mysuru,D017,Mysuru Enterprises,Distributor,OUT0101,Convenience Store,SP022_Amit,Snacks & Confectionery,SweetPuff Biscuit 100g,212.45,6,1274.7,0,0.0,1274.7,1126.61,Delivered,0,0.0,Indirect,Cash
ORD101937,2024-03-02,Mar-2024,North,Delhi,New Delhi,D003,New Delhi Traders,Super Stockist,OUT0184,Convenience Store,SP004_Sneha,Dairy & Food Staples,PureDrop Milk 500ml,70.81,52,3682.12,5,184.11,3498.01,3296.77,Delivered,0,0.0,Indirect,UPI/Online
ORD102447,2024-03-02,Mar-2024,West,Gujarat,Surat,D027,Surat Agencies,Wholesaler,OUT0160,Supermarket,SP028_Neha,Beverages,OrangeZest Juice 1L,298.78,35,10457.3,0,0.0,10457.3,12017.08,Delivered,0,0.0,Direct,UPI/Online
ORD102037,2024-03-02,Mar-2024,Central,Chhattisgarh,Raipur,D022,Raipur Agencies,Super Stockist,OUT0141,Kirana/General Store,SP029_Karan,Personal Care,ShinyLocks Shampoo 200ml,156.5,61,9546.5,5,477.32,9069.18,10234.62,Delivered,0,0.0,Indirect,Credit
ORD102666,2024-03-02,Mar-2024,East,Bihar,Patna,D014,Patna Distribution Co,Wholesaler,OUT0173,Convenience Store,SP031_Ravi,Dairy & Food Staples,PureDrop Milk 500ml,315.2,8,2521.6,5,126.08,2395.52,2404.55,Delivered,0,0.0,Indirect,Cash
ORD102252,2024-03-02,Mar-2024,East,West Bengal,Kolkata,D006,Kolkata Enterprises,Distributor,OUT0078,Kirana/General Store,SP008_Neha,Snacks & Confectionery,ChocoNut Bar 40g,327.65,17,5570.05,0,0.0,5570.05,4944.47,Delivered,0,0.0,Indirect,Cash
ORD101306,2024-03-02,Mar-2024,East,West Bengal,Kolkata,D006,Kolkata Enterprises,Distributor,OUT0060,Modern Trade,SP001_Rahul,Snacks & Confectionery,CrispBite Chips 50g,33.31,17,566.27,2,11.33,554.94,665.57,Delivered,0,0.0,Direct,Cash
ORD100510,2024-03-02,Mar-2024,East,Bihar,Patna,D014,Patna Distribution Co,Wholesaler,OUT0175,Wholesale Shop,SP009_Karan,Home Care,PureAir Freshener 250ml,303.39,17,5157.63,0,0.0,5157.63,4753.79,Delivered,0,0.0,Indirect,Cash
ORD101453,2024-03-02,Mar-2024,Central,Chhattisgarh,Raipur,D005,Raipur Enterprises,Wholesaler,OUT0011,Modern Trade,SP007_Suresh,Dairy & Food Staples,GoldenGrain Atta 5kg,281.36,32,9003.52,5,450.18,8553.34,8266.95,Delivered,0,0.0,Direct,Credit
ORD101755,2024-03-02,Mar-2024,South,Tamil Nadu,Coimbatore,D023,Coimbatore Marketing,Super Stockist,OUT0108,Convenience Store,SP028_Neha,Personal Care,SilkTouch Lotion 200ml,137.8,20,2756.0,5,137.8,2618.2,2491.13,Returned,6,826.8,Direct,Cash
ORD101017,2024-03-02,Mar-2024,West,Goa,Panaji,D019,Panaji Traders,Distributor,OUT0037,Modern Trade,SP011_Ravi,Home Care,ShineFloor Cleaner 1L,254.21,42,10676.82,2,213.54,10463.28,11276.19,Delivered,0,0.0,Indirect,Cash
ORD102783,2024-03-02,Mar-2024,Central,Chhattisgarh,Raipur,D005,Raipur Enterprises,Wholesaler,OUT0116,Convenience Store,SP033_Manoj,Personal Care,ShinyLocks Shampoo 200ml,45.32,72,3263.04,5,163.15,3099.89,3495.72,Delivered,0,0.0,Indirect,Credit
ORD102093,2024-03-02,Mar-2024,North,Uttar Pradesh,Lucknow,D010,Lucknow Marketing,Distributor,OUT0199,Convenience Store,SP011_Ravi,Beverages,FreshSip Cola 250ml,66.29,14,928.06,5,46.4,881.66,784.34,Delivered,0,0.0,Indirect,UPI/Online
ORD102276,2024-03-02,Mar-2024,North,Uttar Pradesh,Lucknow,D008,Lucknow Distribution Co,Distributor,OUT0054,Kirana/General Store,SP008_Neha,Snacks & Confectionery,CrispBite Chips 50g,227.35,25,5683.75,2,113.68,5570.07,5395.95,Delivered,0,0.0,Direct,Credit
ORD102728,2024-03-02,Mar-2024,South,Telangana,Hyderabad,D012,Hyderabad Traders,Super Stockist,OUT0159,Convenience Store,SP034_Kavita,Beverages,MintCool Soda 300ml,250.01,28,7000.28,5,350.01,6650.27,8042.23,Cancelled,0,0.0,Direct,Credit
ORD102990,2024-03-02,Mar-2024,West,Gujarat,Surat,D027,Surat Agencies,Wholesaler,OUT0008,Kirana/General Store,SP035_Arjun,Personal Care,ShinyLocks Shampoo 200ml,211.64,8,1693.12,10,169.31,1523.81,1891.35,Pending,0,0.0,Indirect,UPI/Online
ORD101388,2024-03-03,Mar-2024,Central,Chhattisgarh,Raipur,D021,Raipur Traders,Super Stockist,OUT0126,Convenience Store,SP037_Sanjay,Dairy & Food Staples,GoldenGrain Atta 5kg,191.25,28,5355.0,2,107.1,5247.9,6408.53,Delivered,0,0.0,Direct,UPI/Online
ORD102436,2024-03-03,Mar-2024,North,Punjab,Amritsar,D018,Amritsar Traders,Wholesaler,OUT0129,Kirana/General Store,SP040_Shreya,Dairy & Food Staples,SunRice Basmati 1kg,181.09,27,4889.43,10,488.94,4400.49,4971.13,Delivered,0,0.0,Indirect,Credit
ORD103277,2024-03-03,Mar-2024,Central,Chhattisgarh,Raipur,D005,Raipur Enterprises,Wholesaler,OUT0011,Modern Trade,SP020_Shreya,Personal Care,FreshBreath Toothpaste 150g,327.22,35,11452.7,0,0.0,11452.7,14184.37,Delivered,0,0.0,Direct,Cash
ORD100106,2024-03-03,Mar-2024,North,Uttar Pradesh,Lucknow,D010,Lucknow Marketing,Distributor,OUT0117,Wholesale Shop,SP002_Amit,Beverages,FreshSip Cola 500ml,53.59,16,857.44,0,0.0,857.44,788.29,Delivered,0,0.0,Indirect,UPI/Online
ORD100901,2024-03-03,Mar-2024,East,Odisha,Bhubaneswar,D028,Bhubaneswar Distribution Co,Wholesaler,OUT0146,Supermarket,SP026_Anjali,Dairy & Food Staples,DailyFresh Ghee 500ml,200.34,25,5008.5,0,0.0,5008.5,4626.35,Delivered,0,0.0,Direct,Credit
ORD103445,2024-03-03,Mar-2024,West,Rajasthan,Jodhpur,D013,Jodhpur Distribution Co,Super Stockist,OUT0093,Supermarket,SP035_Arjun,Home Care,PureAir Freshener 250ml,320.97,43,13801.71,10,1380.17,12421.54,12871.3,Delivered,0,0.0,Indirect,Credit
ORD103943,2024-03-03,Mar-2024,Central,Madhya Pradesh,Bhopal,D029,Bhopal Distribution Co,Super Stockist,OUT0148,Modern Trade,SP008_Neha,Personal Care,ShinyLocks Shampoo 200ml,66.02,22,1452.44,8,116.2,1336.24,1612.97,Delivered,0,0.0,Direct,Cash
ORD101218,2024-03-03,Mar-2024,East,Bihar,Patna,D014,Patna Distribution Co,Wholesaler,OUT0175,Wholesale Shop,SP003_Priya,Dairy & Food Staples,SunRice Basmati 1kg,189.43,34,6440.62,10,644.06,5796.56,6059.97,Delivered,0,0.0,Indirect,UPI/Online
ORD102537,2024-03-03,Mar-2024,South,Karnataka,Mysuru,D017,Mysuru Enterprises,Distributor,OUT0101,Convenience Store,SP001_Rahul,Personal Care,GlowSoft Soap 100g,281.14,32,8996.48,0,0.0,8996.48,8947.86,Delivered,0,0.0,Indirect,UPI/Online
ORD100066,2024-03-03,Mar-2024,West,Gujarat,Surat,D027,Surat Agencies,Wholesaler,OUT0008,Kirana/General Store,SP036_Meera,Dairy & Food Staples,GoldenGrain Atta 5kg,125.37,58,7271.46,0,0.0,7271.46,8136.82,Delivered,0,0.0,Indirect,Credit
ORD103914,2024-03-03,Mar-2024,South,Karnataka,Bengaluru,D002,Bengaluru Marketing,Distributor,OUT0074,Convenience Store,SP029_Karan,Home Care,SparkleShine Dishwash 500ml,78.09,16,1249.44,2,24.99,1224.45,1099.83,Delivered,0,0.0,Indirect,Credit
ORD101580,2024-03-03,Mar-2024,East,Odisha,Bhubaneswar,D007,Bhubaneswar Distribution Co,Super Stockist,OUT0050,Wholesale Shop,SP033_Manoj,Dairy & Food Staples,PureDrop Milk 500ml,53.08,11,583.88,5,29.19,554.69,480.72,Pending,0,0.0,Indirect,UPI/Online
ORD100171,2024-03-04,Mar-2024,West,Goa,Panaji,D024,Panaji Marketing,Distributor,OUT0073,Wholesale Shop,SP010_Pooja,Beverages,FreshSip Cola 500ml,25.9,13,336.7,2,6.73,329.97,370.18,Delivered,0,0.0,Direct,UPI/Online
ORD101597,2024-03-04,Mar-2024,Central,Chhattisgarh,Raipur,D005,Raipur Enterprises,Wholesaler,OUT0116,Convenience Store,SP037_Sanjay,Snacks & Confectionery,ChocoNut Bar 40g,220.4,30,6612.0,10,661.2,5950.8,6590.79,Delivered,0,0.0,Indirect,Cash
ORD100558,2024-03-04,Mar-2024,North,Punjab,Amritsar,D018,Amritsar Traders,Wholesaler,OUT0198,Kirana/General Store,SP009_Karan,Home Care,ShineFloor Cleaner 1L,304.79,20,6095.8,0,0.0,6095.8,7613.02,Delivered,0,0.0,Indirect,UPI/Online
ORD103291,2024-03-04,Mar-2024,Central,Madhya Pradesh,Jabalpur,D025,Jabalpur Agencies,Wholesaler,OUT0010,Supermarket,SP001_Rahul,Snacks & Confectionery,CrispBite Chips 50g,336.02,27,9072.54,12,1088.7,7983.84,9823.53,Delivered,0,0.0,Direct,Cash
ORD101482,2024-03-04,Mar-2024,North,Delhi,New Delhi,D003,New Delhi Traders,Super Stockist,OUT0006,Kirana/General Store,SP033_Manoj,Beverages,FreshSip Cola 250ml,157.93,23,3632.39,8,290.59,3341.8,3657.19,Delivered,0,0.0,Indirect,Cash
ORD103044,2024-03-04,Mar-2024,East,Odisha,Bhubaneswar,D007,Bhubaneswar Distribution Co,Super Stockist,OUT0040,Kirana/General Store,SP015_Arjun,Home Care,CleanWave Detergent 1kg,313.75,41,12863.75,10,1286.38,11577.37,13154.53,Delivered,0,0.0,Direct,UPI/Online
ORD102817,2024-03-04,Mar-2024,West,Gujarat,Surat,D027,Surat Agencies,Wholesaler,OUT0158,Modern Trade,SP031_Ravi,Snacks & Confectionery,CrispBite Chips 100g,81.61,29,2366.69,0,0.0,2366.69,2524.24,Delivered,0,0.0,Direct,UPI/Online
ORD100379,2024-03-04,Mar-2024,Central,Madhya Pradesh,Jabalpur,D004,Jabalpur Traders,Wholesaler,OUT0041,Modern Trade,SP013_Manoj,Home Care,ShineFloor Cleaner 1L,283.47,14,3968.58,10,396.86,3571.72,3651.71,Cancelled,0,0.0,Direct,Credit
ORD102583,2024-03-04,Mar-2024,East,Odisha,Bhubaneswar,D028,Bhubaneswar Distribution Co,Wholesaler,OUT0014,Wholesale Shop,SP002_Amit,Beverages,OrangeZest Juice 1L,241.95,35,8468.25,0,0.0,8468.25,8592.78,Delivered,0,0.0,Indirect,UPI/Online
ORD101347,2024-03-04,Mar-2024,North,Uttar Pradesh,Lucknow,D010,Lucknow Marketing,Distributor,OUT0071,Supermarket,SP031_Ravi,Beverages,OrangeZest Juice 1L,27.3,24,655.2,2,13.1,642.1,598.91,Delivered,0,0.0,Direct,Cash
ORD103728,2024-03-05,Mar-2024,North,Punjab,Amritsar,D018,Amritsar Traders,Wholesaler,OUT0100,Supermarket,SP039_Deepak,Beverages,MintCool Soda 300ml,137.78,50,6889.0,5,344.45,6544.55,7709.59,Delivered,0,0.0,Direct,UPI/Online
ORD103096,2024-03-05,Mar-2024,Central,Madhya Pradesh,Jabalpur,D025,Jabalpur Agencies,Wholesaler,OUT0010,Supermarket,SP028_Neha,Snacks & Confectionery,CrispBite Chips 50g,116.49,17,1980.33,5,99.02,1881.31,1773.94,Returned,1,116.49,Direct,UPI/Online
ORD102025,2024-03-05,Mar-2024,Central,Chhattisgarh,Raipur,D021,Raipur Traders,Super Stockist,OUT0057,Wholesale Shop,SP015_Arjun,Dairy & Food Staples,GoldenGrain Atta 5kg,318.24,26,8274.24,8,661.94,7612.3,8205.17,Pending,0,0.0,Indirect,Cash
ORD100112,2024-03-05,Mar-2024,Central,Chhattisgarh,Raipur,D011,Raipur Agencies,Super Stockist,OUT0190,Modern Trade,SP024_Sneha,Home Care,CleanWave Detergent 1kg,195.75,20,3915.0,0,0.0,3915.0,3832.56,Returned,6,1174.5,Direct,Credit
ORD102641,2024-03-05,Mar-2024,Central,Madhya Pradesh,Jabalpur,D025,Jabalpur Agencies,Wholesaler,OUT0010,Supermarket,SP015_Arjun,Personal Care,GlowSoft Soap 100g,96.6,23,2221.8,0,0.0,2221.8,1932.33,Delivered,0,0.0,Indirect,UPI/Online
ORD102692,2024-03-05,Mar-2024,East,Bihar,Patna,D014,Patna Distribution Co,Wholesaler,OUT0052,Supermarket,SP001_Rahul,Dairy & Food Staples,GoldenGrain Atta 5kg,282.5,51,14407.5,0,0.0,14407.5,12477.75,Delivered,0,0.0,Indirect,UPI/Online
ORD101438,2024-03-05,Mar-2024,East,Odisha,Bhubaneswar,D007,Bhubaneswar Distribution Co,Super Stockist,OUT0040,Kirana/General Store,SP004_Sneha,Personal Care,GlowSoft Soap 100g,321.48,54,17359.92,5,868.0,16491.92,16004.81,Delivered,0,0.0,Indirect,Cash
ORD101710,2024-03-05,Mar-2024,Central,Chhattisgarh,Raipur,D009,Raipur Enterprises,Wholesaler,OUT0113,Kirana/General Store,SP039_Deepak,Snacks & Confectionery,ChocoNut Bar 40g,140.17,28,3924.76,2,78.5,3846.26,4463.43,Delivered,0,0.0,Direct,Credit
ORD103971,2024-03-05,Mar-2024,South,Tamil Nadu,Coimbatore,D020,Coimbatore Marketing,Distributor,OUT0196,Wholesale Shop,SP019_Deepak,Dairy & Food Staples,PureDrop Milk 500ml,100.78,15,1511.7,0,0.0,1511.7,1596.7,Cancelled,0,0.0,Indirect,Credit
ORD100212,2024-03-05,Mar-2024,North,Uttar Pradesh,Lucknow,D008,Lucknow Distribution Co,Distributor,OUT0161,Kirana/General Store,SP038_Rina,Personal Care,GlowSoft Soap 100g,80.1,31,2483.1,5,124.16,2358.94,2220.66,Delivered,0,0.0,Indirect,Cash
ORD102966,2024-03-05,Mar-2024,North,Delhi,New Delhi,D001,New Delhi Traders,Super Stockist,OUT0001,Kirana/General Store,SP011_Ravi,Home Care,CleanWave Detergent 1kg,285.13,35,9979.55,2,199.59,9779.96,10230.63,Pending,0,0.0,Direct,Credit
ORD102981,2024-03-06,Mar-2024,Central,Madhya Pradesh,Jabalpur,D025,Jabalpur Agencies,Wholesaler,OUT0010,Supermarket,SP010_Pooja,Snacks & Confectionery,CrispBite Chips 50g,322.42,23,7415.66,5,370.78,7044.88,6060.04,Returned,3,967.26,Indirect,UPI/Online
ORD101565,2024-03-06,Mar-2024,West,Rajasthan,Jodhpur,D013,Jodhpur Distribution Co,Super Stockist,OUT0163,Convenience Store,SP034_Kavita,Home Care,SparkleShine Dishwash 500ml,327.02,6,1962.12,0,0.0,1962.12,2198.21,Delivered,0,0.0,Indirect,Credit
ORD103505,2024-03-06,Mar-2024,South,Tamil Nadu,Coimbatore,D020,Coimbatore Marketing,Distributor,OUT0109,Wholesale Shop,SP033_Manoj,Personal Care,SilkTouch Lotion 200ml,167.48,22,3684.56,2,73.69,3610.87,3682.86,Delivered,0,0.0,Direct,UPI/Online
ORD103230,2024-03-06,Mar-2024,Central,Madhya Pradesh,Jabalpur,D004,Jabalpur Traders,Wholesaler,OUT0169,Convenience Store,SP031_Ravi,Snacks & Confectionery,CrispBite Chips 50g,216.53,9,1948.77,8,155.9,1792.87,2098.62,Delivered,0,0.0,Indirect,Cash
ORD101815,2024-03-06,Mar-2024,Central,Chhattisgarh,Raipur,D022,Raipur Agencies,Super Stockist,OUT0194,Modern Trade,SP011_Ravi,Beverages,FreshSip Cola 500ml,280.0,35,9800.0,0,0.0,9800.0,8907.31,Delivered,0,0.0,Indirect,Cash
ORD103850,2024-03-06,Mar-2024,East,Odisha,Bhubaneswar,D007,Bhubaneswar Distribution Co,Super Stockist,OUT0035,Wholesale Shop,SP003_Priya,Snacks & Confectionery,ChocoNut Bar 40g,47.93,28,1342.04,0,0.0,1342.04,1317.92,Delivered,0,0.0,Indirect,UPI/Online
ORD103844,2024-03-06,Mar-2024,Central,Chhattisgarh,Raipur,D026,Raipur Agencies,Distributor,OUT0152,Supermarket,SP016_Meera,Snacks & Confectionery,SweetPuff Biscuit 100g,330.45,44,14539.8,10,1453.98,13085.82,11980.94,Delivered,0,0.0,Direct,UPI/Online
ORD101091,2024-03-06,Mar-2024,North,Punjab,Amritsar,D018,Amritsar Traders,Wholesaler,OUT0128,Modern Trade,SP040_Shreya,Personal Care,FreshBreath Toothpaste 150g,254.23,47,11948.81,2,238.98,11709.83,14476.96,Returned,15,3813.45,Indirect,Credit
ORD103875,2024-03-06,Mar-2024,North,Uttar Pradesh,Lucknow,D008,Lucknow Distribution Co,Distributor,OUT0085,Wholesale Shop,SP001_Rahul,Home Care,CleanWave Detergent 1kg,155.35,35,5437.25,8,434.98,5002.27,5840.5,Delivered,0,0.0,Indirect,UPI/Online
ORD102309,2024-03-06,Mar-2024,West,Gujarat,Surat,D027,Surat Agencies,Wholesaler,OUT0123,Convenience Store,SP011_Ravi,Dairy & Food Staples,SunRice Basmati 1kg,69.88,2,139.76,0,0.0,139.76,137.08,Pending,0,0.0,Indirect,UPI/Online
ORD100161,2024-03-06,Mar-2024,Central,Madhya Pradesh,Jabalpur,D004,Jabalpur Traders,Wholesaler,OUT0172,Wholesale Shop,SP033_Manoj,Dairy & Food Staples,PureDrop Milk 500ml,237.4,19,4510.6,8,360.85,4149.75,4339.68,Delivered,0,0.0,Indirect,Credit
ORD103731,2024-03-06,Mar-2024,East,West Bengal,Kolkata,D006,Kolkata Enterprises,Distributor,OUT0127,Modern Trade,SP005_Vikram,Home Care,ShineFloor Cleaner 1L,42.17,30,1265.1,0,0.0,1265.1,1327.8,Delivered,0,0.0,Indirect,Cash
ORD103417,2024-03-07,Mar-2024,East,Bihar,Patna,D014,Patna Distribution Co,Wholesaler,OUT0052,Supermarket,SP008_Neha,Dairy & Food Staples,SunRice Basmati 1kg,210.4,24,5049.6,0,0.0,5049.6,5088.94,Delivered,0,0.0,Direct,Credit
ORD101519,2024-03-07,Mar-2024,North,Delhi,New Delhi,D001,New Delhi Traders,Super Stockist,OUT0180,Wholesale Shop,SP033_Manoj,Beverages,OrangeZest Juice 1L,195.66,21,4108.86,5,205.44,3903.42,3613.03,Delivered,0,0.0,Indirect,UPI/Online
ORD100123,2024-03-07,Mar-2024,Central,Madhya Pradesh,Bhopal,D029,Bhopal Distribution Co,Super Stockist,OUT0143,Modern Trade,SP023_Priya,Beverages,OrangeZest Juice 1L,309.33,13,4021.29,8,321.7,3699.59,4397.26,Delivered,0,0.0,Indirect,Credit
ORD100160,2024-03-07,Mar-2024,Central,Chhattisgarh,Raipur,D009,Raipur Enterprises,Wholesaler,OUT0153,Supermarket,SP022_Amit,Beverages,OrangeZest Juice 1L,333.58,9,3002.22,10,300.22,2702.0,3168.43,Delivered,0,0.0,Indirect,UPI/Online
ORD102571,2024-03-07,Mar-2024,West,Goa,Panaji,D019,Panaji Traders,Distributor,OUT0134,Wholesale Shop,SP002_Amit,Dairy & Food Staples,SunRice Basmati 1kg,235.6,43,10130.8,10,1013.08,9117.72,8779.19,Returned,12,2827.2,Direct,Credit
ORD101615,2024-03-07,Mar-2024,Central,Chhattisgarh,Raipur,D021,Raipur Traders,Super Stockist,OUT0057,Wholesale Shop,SP033_Manoj,Personal Care,SilkTouch Lotion 200ml,268.91,22,5916.02,0,0.0,5916.02,6728.96,Cancelled,0,0.0,Indirect,UPI/Online
ORD100448,2024-03-07,Mar-2024,East,Bihar,Patna,D014,Patna Distribution Co,Wholesaler,OUT0088,Wholesale Shop,SP038_Rina,Snacks & Confectionery,ChocoNut Bar 40g,206.48,22,4542.56,0,0.0,4542.56,5544.09,Delivered,0,0.0,Direct,Cash
ORD103788,2024-03-07,Mar-2024,East,Odisha,Bhubaneswar,D028,Bhubaneswar Distribution Co,Wholesaler,OUT0156,Modern Trade,SP007_Suresh,Personal Care,SilkTouch Lotion 200ml,159.45,44,7015.8,0,0.0,7015.8,8354.03,Delivered,0,0.0,Indirect,Credit
ORD100753,2024-03-08,Mar-2024,South,Tamil Nadu,Coimbatore,D020,Coimbatore Marketing,Distributor,OUT0087,Kirana/General Store,SP036_Meera,Beverages,MintCool Soda 300ml,44.21,39,1724.19,5,86.21,1637.98,1668.9,Delivered,0,0.0,Indirect,Cash
ORD101478,2024-03-08,Mar-2024,East,West Bengal,Kolkata,D006,Kolkata Enterprises,Distributor,OUT0064,Modern Trade,SP039_Deepak,Beverages,OrangeZest Juice 1L,99.92,29,2897.68,2,57.95,2839.73,3194.57,Delivered,0,0.0,Direct,UPI/Online
ORD103564,2024-03-08,Mar-2024,West,Goa,Panaji,D024,Panaji Marketing,Distributor,OUT0174,Convenience Store,SP024_Sneha,Home Care,SparkleShine Dishwash 500ml,340.26,30,10207.8,8,816.62,9391.18,9249.67,Delivered,0,0.0,Indirect,Cash
ORD102865,2024-03-08,Mar-2024,Central,Chhattisgarh,Raipur,D009,Raipur Enterprises,Wholesaler,OUT0053,Modern Trade,SP034_Kavita,Dairy & Food Staples,GoldenGrain Atta 5kg,193.51,18,3483.18,2,69.66,3413.52,3878.07,Delivered,0,0.0,Indirect,Cash
ORD103496,2024-03-08,Mar-2024,Central,Madhya Pradesh,Jabalpur,D030,Jabalpur Distribution Co,Distributor,OUT0002,Convenience Store,SP035_Arjun,Dairy & Food Staples,PureDrop Milk 500ml,339.55,36,12223.8,5,611.19,11612.61,14449.81,Delivered,0,0.0,Direct,UPI/Online
ORD100840,2024-03-08,Mar-2024,North,Delhi,New Delhi,D001,New Delhi Traders,Super Stockist,OUT0024,Wholesale Shop,SP030_Pooja,Home Care,CleanWave Detergent 1kg,343.08,23,7890.84,5,394.54,7496.3,8764.09,Delivered,0,0.0,Indirect,UPI/Online
ORD102503,2024-03-08,Mar-2024,West,Goa,Panaji,D019,Panaji Traders,Distributor,OUT0076,Modern Trade,SP040_Shreya,Home Care,CleanWave Detergent 1kg,292.53,42,12286.26,2,245.73,12040.53,14265.15,Cancelled,0,0.0,Indirect,Cash
ORD101090,2024-03-08,Mar-2024,North,Delhi,New Delhi,D003,New Delhi Traders,Super Stockist,OUT0023,Convenience Store,SP003_Priya,Personal Care,SilkTouch Lotion 200ml,275.42,20,5508.4,0,0.0,5508.4,6575.93,Returned,2,550.84,Direct,Credit
ORD100998,2024-03-08,Mar-2024,North,Uttar Pradesh,Lucknow,D008,Lucknow Distribution Co,Distributor,OUT0005,Wholesale Shop,SP009_Karan,Home Care,PureAir Freshener 250ml,202.85,17,3448.45,5,172.42,3276.03,3920.52,Delivered,0,0.0,Direct,Credit
ORD103606,2024-03-08,Mar-2024,North,Uttar Pradesh,Lucknow,D008,Lucknow Distribution Co,Distributor,OUT0004,Kirana/General Store,SP016_Meera,Dairy & Food Staples,PureDrop Milk 500ml,134.27,19,2551.13,2,51.02,2500.11,2587.96,Delivered,0,0.0,Indirect,Cash
ORD102617,2024-03-08,Mar-2024,North,Delhi,New Delhi,D003,New Delhi Traders,Super Stockist,OUT0081,Wholesale Shop,SP007_Suresh,Personal Care,ShinyLocks Shampoo 200ml,250.13,34,8504.42,0,0.0,8504.42,7804.63,Delivered,0,0.0,Direct,Credit
ORD100959,2024-03-08,Mar-2024,North,Delhi,New Delhi,D003,New Delhi Traders,Super Stockist,OUT0122,Modern Trade,SP002_Amit,Personal Care,SilkTouch Lotion 200ml,198.87,18,3579.66,2,71.59,3508.07,3942.28,Delivered,0,0.0,Indirect,UPI/Online
ORD100781,2024-03-08,Mar-2024,Central,Chhattisgarh,Raipur,D026,Raipur Agencies,Distributor,OUT0048,Kirana/General Store,SP015_Arjun,Beverages,OrangeZest Juice 1L,249.71,18,4494.78,8,359.58,4135.2,4290.75,Delivered,0,0.0,Indirect,UPI/Online
ORD102979,2024-03-08,Mar-2024,North,Punjab,Amritsar,D018,Amritsar Traders,Wholesaler,OUT0192,Supermarket,SP037_Sanjay,Dairy & Food Staples,PureDrop Milk 500ml,325.6,20,6512.0,8,520.96,5991.04,6569.06,Pending,0,0.0,Direct,Credit
ORD101959,2024-03-08,Mar-2024,West,Goa,Panaji,D019,Panaji Traders,Distributor,OUT0134,Wholesale Shop,SP038_Rina,Personal Care,GlowSoft Soap 100g,226.47,25,5661.75,0,0.0,5661.75,6983.63,Delivered,0,0.0,Direct,Cash
ORD100226,2024-03-09,Mar-2024,South,Tamil Nadu,Coimbatore,D023,Coimbatore Marketing,Super Stockist,OUT0068,Wholesale Shop,SP004_Sneha,Personal Care,SilkTouch Lotion 200ml,195.29,20,3905.8,0,0.0,3905.8,3384.88,Delivered,0,0.0,Direct,Credit
ORD103439,2024-03-09,Mar-2024,East,West Bengal,Kolkata,D006,Kolkata Enterprises,Distributor,OUT0060,Modern Trade,SP033_Manoj,Dairy & Food Staples,DailyFresh Ghee 500ml,39.44,11,433.84,2,8.68,425.16,475.1,Delivered,0,0.0,Indirect,Credit
ORD100783,2024-03-09,Mar-2024,North,Punjab,Amritsar,D018,Amritsar Traders,Wholesaler,OUT0129,Kirana/General Store,SP012_Divya,Dairy & Food Staples,SunRice Basmati 1kg,38.39,34,1305.26,0,0.0,1305.26,1151.54,Delivered,0,0.0,Indirect,Credit
ORD103306,2024-03-09,Mar-2024,Central,Chhattisgarh,Raipur,D011,Raipur Agencies,Super Stockist,OUT0090,Convenience Store,SP005_Vikram,Personal Care,ShinyLocks Shampoo 200ml,37.81,59,2230.79,2,44.62,2186.17,2122.86,Delivered,0,0.0,Indirect,Credit
ORD103720,2024-03-09,Mar-2024,West,Rajasthan,Jodhpur,D013,Jodhpur Distribution Co,Super Stockist,OUT0083,Kirana/General Store,SP025_Vikram,Snacks & Confectionery,CrispBite Chips 100g,234.94,14,3289.16,8,263.13,3026.03,3595.66,Returned,4,939.76,Indirect,Credit
ORD103275,2024-03-09,Mar-2024,South,Telangana,Hyderabad,D012,Hyderabad Traders,Super Stockist,OUT0166,Wholesale Shop,SP028_Neha,Personal Care,FreshBreath Toothpaste 150g,151.39,17,2573.63,2,51.47,2522.16,2646.85,Delivered,0,0.0,Direct,UPI/Online
ORD102734,2024-03-09,Mar-2024,Central,Chhattisgarh,Raipur,D026,Raipur Agencies,Distributor,OUT0039,Modern Trade,SP038_Rina,Dairy & Food Staples,DailyFresh Ghee 500ml,206.98,15,3104.7,0,0.0,3104.7,3277.94,Delivered,0,0.0,Direct,Cash
ORD102551,2024-03-09,Mar-2024,South,Karnataka,Mysuru,D017,Mysuru Enterprises,Distributor,OUT0120,Modern Trade,SP003_Priya,Dairy & Food Staples,PureDrop Milk 500ml,272.26,37,10073.62,2,201.47,9872.15,11382.7,Delivered,0,0.0,Indirect,Credit
ORD100918,2024-03-09,Mar-2024,West,Goa,Panaji,D019,Panaji Traders,Distributor,OUT0026,Supermarket,SP032_Divya,Dairy & Food Staples,SunRice Basmati 1kg,136.84,30,4105.2,2,82.1,4023.1,4518.22,Delivered,0,0.0,Indirect,Cash
ORD102565,2024-03-09,Mar-2024,East,Bihar,Patna,D014,Patna Distribution Co,Wholesaler,OUT0015,Supermarket,SP034_Kavita,Beverages,OrangeZest Juice 1L,177.38,17,3015.46,5,150.77,2864.69,2563.79,Returned,5,886.9,Direct,Cash
ORD102504,2024-03-09,Mar-2024,Central,Madhya Pradesh,Jabalpur,D025,Jabalpur Agencies,Wholesaler,OUT0009,Wholesale Shop,SP028_Neha,Beverages,FreshSip Cola 500ml,239.47,15,3592.05,0,0.0,3592.05,3846.07,Delivered,0,0.0,Direct,Credit
ORD102414,2024-03-09,Mar-2024,Central,Madhya Pradesh,Bhopal,D029,Bhopal Distribution Co,Super Stockist,OUT0084,Wholesale Shop,SP012_Divya,Home Care,PureAir Freshener 250ml,23.49,13,305.37,0,0.0,305.37,379.17,Delivered,0,0.0,Indirect,UPI/Online
ORD100614,2024-03-09,Mar-2024,East,Odisha,Bhubaneswar,D007,Bhubaneswar Distribution Co,Super Stockist,OUT0119,Convenience Store,SP001_Rahul,Dairy & Food Staples,PureDrop Milk 500ml,195.42,21,4103.82,0,0.0,4103.82,5082.42,Delivered,0,0.0,Direct,UPI/Online
ORD103150,2024-03-09,Mar-2024,West,Gujarat,Surat,D027,Surat Agencies,Wholesaler,OUT0008,Kirana/General Store,SP008_Neha,Personal Care,ShinyLocks Shampoo 200ml,174.25,10,1742.5,10,174.25,1568.25,1851.56,Delivered,0,0.0,Direct,Credit
ORD100274,2024-03-09,Mar-2024,Central,Chhattisgarh,Raipur,D011,Raipur Agencies,Super Stockist,OUT0168,Kirana/General Store,SP026_Anjali,Personal Care,GlowSoft Soap 100g,98.93,21,2077.53,0,0.0,2077.53,1849.87,Delivered,0,0.0,Direct,UPI/Online
ORD100755,2024-03-10,Mar-2024,South,Karnataka,Bengaluru,D002,Bengaluru Marketing,Distributor,OUT0124,Kirana/General Store,SP037_Sanjay,Dairy & Food Staples,GoldenGrain Atta 5kg,268.2,16,4291.2,0,0.0,4291.2,5356.68,Delivered,0,0.0,Indirect,UPI/Online
ORD103623,2024-03-10,Mar-2024,North,Punjab,Amritsar,D018,Amritsar Traders,Wholesaler,OUT0192,Supermarket,SP025_Vikram,Beverages,OrangeZest Juice 1L,237.07,31,7349.17,5,367.46,6981.71,6466.71,Delivered,0,0.0,Direct,UPI/Online
ORD102582,2024-03-10,Mar-2024,South,Telangana,Hyderabad,D012,Hyderabad Traders,Super Stockist,OUT0105,Convenience Store,SP040_Shreya,Beverages,FreshSip Cola 500ml,185.34,7,1297.38,2,25.95,1271.43,1279.12,Delivered,0,0.0,Direct,Credit
ORD102518,2024-03-10,Mar-2024,South,Karnataka,Bengaluru,D002,Bengaluru Marketing,Distributor,OUT0046,Modern Trade,SP009_Karan,Beverages,MintCool Soda 300ml,35.01,50,1750.5,0,0.0,1750.5,1611.76,Delivered,0,0.0,Indirect,Cash
ORD103777,2024-03-10,Mar-2024,Central,Chhattisgarh,Raipur,D005,Raipur Enterprises,Wholesaler,OUT0070,Supermarket,SP014_Kavita,Personal Care,ShinyLocks Shampoo 200ml,274.87,8,2198.96,0,0.0,2198.96,2161.69,Delivered,0,0.0,Indirect,Cash
ORD102494,2024-03-10,Mar-2024,Central,Chhattisgarh,Raipur,D021,Raipur Traders,Super Stockist,OUT0057,Wholesale Shop,SP017_Sanjay,Snacks & Confectionery,CrispBite Chips 100g,114.14,41,4679.74,5,233.99,4445.75,4310.04,Delivered,0,0.0,Direct,Cash
ORD102465,2024-03-10,Mar-2024,Central,Madhya Pradesh,Bhopal,D029,Bhopal Distribution Co,Super Stockist,OUT0104,Supermarket,SP018_Rina,Dairy & Food Staples,SunRice Basmati 1kg,221.01,54,11934.54,12,1432.14,10502.4,12489.85,Delivered,0,0.0,Indirect,Credit
ORD100186,2024-03-10,Mar-2024,Central,Madhya Pradesh,Jabalpur,D025,Jabalpur Agencies,Wholesaler,OUT0017,Supermarket,SP013_Manoj,Home Care,CleanWave Detergent 1kg,73.05,28,2045.4,0,0.0,2045.4,2243.33,Delivered,0,0.0,Direct,Cash
ORD100778,2024-03-10,Mar-2024,North,Uttar Pradesh,Lucknow,D010,Lucknow Marketing,Distributor,OUT0111,Kirana/General Store,SP035_Arjun,Snacks & Confectionery,CrispBite Chips 100g,68.19,26,1772.94,0,0.0,1772.94,1729.47,Delivered,0,0.0,Direct,UPI/Online
ORD102358,2024-03-10,Mar-2024,East,Bihar,Patna,D014,Patna Distribution Co,Wholesaler,OUT0043,Modern Trade,SP016_Meera,Beverages,MintCool Soda 300ml,270.87,23,6230.01,0,0.0,6230.01,6190.41,Delivered,0,0.0,Direct,Cash
ORD103422,2024-03-10,Mar-2024,North,Punjab,Ludhiana,D015,Ludhiana Traders,Distributor,OUT0055,Wholesale Shop,SP026_Anjali,Home Care,SparkleShine Dishwash 500ml,112.66,57,6421.62,0,0.0,6421.62,6437.24,Pending,0,0.0,Direct,Cash
ORD102234,2024-03-11,Mar-2024,North,Punjab,Amritsar,D018,Amritsar Traders,Wholesaler,OUT0129,Kirana/General Store,SP026_Anjali,Personal Care,FreshBreath Toothpaste 150g,176.32,42,7405.44,10,740.54,6664.9,6530.41,Returned,7,1234.24,Indirect,UPI/Online
ORD101656,2024-03-11,Mar-2024,Central,Chhattisgarh,Raipur,D005,Raipur Enterprises,Wholesaler,OUT0135,Modern Trade,SP023_Priya,Home Care,PureAir Freshener 250ml,78.87,45,3549.15,8,283.93,3265.22,3107.47,Delivered,0,0.0,Indirect,UPI/Online
ORD101884,2024-03-11,Mar-2024,North,Punjab,Amritsar,D018,Amritsar Traders,Wholesaler,OUT0128,Modern Trade,SP006_Anjali,Snacks & Confectionery,CrispBite Chips 50g,122.15,15,1832.25,5,91.61,1740.64,2029.52,Delivered,0,0.0,Direct,Credit
ORD100137,2024-03-11,Mar-2024,South,Tamil Nadu,Coimbatore,D020,Coimbatore Marketing,Distributor,OUT0196,Wholesale Shop,SP032_Divya,Personal Care,FreshBreath Toothpaste 150g,41.68,24,1000.32,2,20.01,980.31,1006.1,Delivered,0,0.0,Direct,Cash
ORD100535,2024-03-11,Mar-2024,East,West Bengal,Kolkata,D006,Kolkata Enterprises,Distributor,OUT0170,Wholesale Shop,SP040_Shreya,Snacks & Confectionery,ChocoNut Bar 40g,146.32,20,2926.4,5,146.32,2780.08,2665.48,Delivered,0,0.0,Direct,Credit
ORD102297,2024-03-11,Mar-2024,East,Odisha,Bhubaneswar,D028,Bhubaneswar Distribution Co,Wholesaler,OUT0031,Convenience Store,SP013_Manoj,Beverages,FreshSip Cola 500ml,57.73,9,519.57,8,41.57,478.0,554.18,Returned,1,57.73,Indirect,UPI/Online
ORD103695,2024-03-11,Mar-2024,North,Punjab,Amritsar,D018,Amritsar Traders,Wholesaler,OUT0012,Supermarket,SP019_Deepak,Personal Care,FreshBreath Toothpaste 150g,99.41,48,4771.68,5,238.58,4533.1,4700.48,Delivered,0,0.0,Indirect,UPI/Online
ORD102763,2024-03-11,Mar-2024,North,Delhi,New Delhi,D001,New Delhi Traders,Super Stockist,OUT0180,Wholesale Shop,SP026_Anjali,Home Care,CleanWave Detergent 1kg,99.92,36,3597.12,8,287.77,3309.35,3476.14,Delivered,0,0.0,Direct,Credit
ORD101234,2024-03-11,Mar-2024,North,Punjab,Amritsar,D018,Amritsar Traders,Wholesaler,OUT0012,Supermarket,SP033_Manoj,Beverages,FreshSip Cola 500ml,266.92,34,9075.28,0,0.0,9075.28,9255.23,Delivered,0,0.0,Direct,Credit
ORD103751,2024-03-11,Mar-2024,East,Odisha,Bhubaneswar,D007,Bhubaneswar Distribution Co,Super Stockist,OUT0050,Wholesale Shop,SP012_Divya,Dairy & Food Staples,DailyFresh Ghee 500ml,172.2,31,5338.2,12,640.58,4697.62,4448.59,Delivered,0,0.0,Indirect,Credit
ORD101582,2024-03-11,Mar-2024,Central,Chhattisgarh,Raipur,D021,Raipur Traders,Super Stockist,OUT0057,Wholesale Shop,SP013_Manoj,Beverages,FreshSip Cola 500ml,20.08,17,341.36,0,0.0,341.36,414.16,Delivered,0,0.0,Direct,Credit
ORD101480,2024-03-12,Mar-2024,West,Gujarat,Surat,D027,Surat Agencies,Wholesaler,OUT0123,Convenience Store,SP022_Amit,Dairy & Food Staples,SunRice Basmati 1kg,68.19,11,750.09,5,37.5,712.59,810.78,Delivered,0,0.0,Indirect,Credit
ORD100555,2024-03-12,Mar-2024,North,Delhi,New Delhi,D003,New Delhi Traders,Super Stockist,OUT0184,Convenience Store,SP013_Manoj,Home Care,CleanWave Detergent 1kg,152.62,29,4425.98,5,221.3,4204.68,5123.5,Delivered,0,0.0,Direct,Cash
ORD100358,2024-03-12,Mar-2024,Central,Chhattisgarh,Raipur,D026,Raipur Agencies,Distributor,OUT0048,Kirana/General Store,SP001_Rahul,Personal Care,SilkTouch Lotion 200ml,294.35,16,4709.6,0,0.0,4709.6,5716.75,Delivered,0,0.0,Indirect,Credit
ORD101275,2024-03-12,Mar-2024,East,Odisha,Bhubaneswar,D007,Bhubaneswar Distribution Co,Super Stockist,OUT0040,Kirana/General Store,SP026_Anjali,Personal Care,SilkTouch Lotion 200ml,261.46,12,3137.52,5,156.88,2980.64,3056.55,Delivered,0,0.0,Indirect,Cash
ORD103961,2024-03-12,Mar-2024,North,Delhi,New Delhi,D003,New Delhi Traders,Super Stockist,OUT0059,Supermarket,SP010_Pooja,Snacks & Confectionery,CrispBite Chips 100g,340.4,23,7829.2,12,939.5,6889.7,8410.59,Delivered,0,0.0,Direct,UPI/Online
ORD102846,2024-03-12,Mar-2024,East,Odisha,Bhubaneswar,D007,Bhubaneswar Distribution Co,Super Stockist,OUT0050,Wholesale Shop,SP040_Shreya,Snacks & Confectionery,SweetPuff Biscuit 100g,147.1,27,3971.7,2,79.43,3892.27,3341.1,Cancelled,0,0.0,Direct,UPI/Online
ORD100259,2024-03-12,Mar-2024,West,Gujarat,Surat,D027,Surat Agencies,Wholesaler,OUT0123,Convenience Store,SP016_Meera,Personal Care,ShinyLocks Shampoo 200ml,77.85,11,856.35,0,0.0,856.35,986.91,Delivered,0,0.0,Direct,Credit
ORD101173,2024-03-13,Mar-2024,Central,Chhattisgarh,Raipur,D026,Raipur Agencies,Distributor,OUT0151,Modern Trade,SP019_Deepak,Home Care,CleanWave Detergent 1kg,181.48,9,1633.32,0,0.0,1633.32,1695.9,Delivered,0,0.0,Indirect,Credit
ORD103048,2024-03-13,Mar-2024,South,Telangana,Hyderabad,D012,Hyderabad Traders,Super Stockist,OUT0042,Modern Trade,SP019_Deepak,Dairy & Food Staples,PureDrop Milk 500ml,170.58,20,3411.6,2,68.23,3343.37,2913.19,Delivered,0,0.0,Indirect,UPI/Online
ORD101542,2024-03-13,Mar-2024,South,Tamil Nadu,Coimbatore,D023,Coimbatore Marketing,Super Stockist,OUT0018,Convenience Store,SP029_Karan,Personal Care,SilkTouch Lotion 200ml,102.27,23,2352.21,10,235.22,2116.99,2342.81,Delivered,0,0.0,Direct,UPI/Online
ORD103022,2024-03-13,Mar-2024,East,Odisha,Bhubaneswar,D028,Bhubaneswar Distribution Co,Wholesaler,OUT0031,Convenience Store,SP006_Anjali,Beverages,OrangeZest Juice 1L,284.95,23,6553.85,0,0.0,6553.85,5779.16,Delivered,0,0.0,Indirect,Credit
ORD102541,2024-03-13,Mar-2024,South,Karnataka,Bengaluru,D002,Bengaluru Marketing,Distributor,OUT0179,Modern Trade,SP037_Sanjay,Home Care,PureAir Freshener 250ml,129.36,11,1422.96,0,0.0,1422.96,1512.31,Delivered,0,0.0,Indirect,UPI/Online
ORD103863,2024-03-13,Mar-2024,West,Goa,Panaji,D024,Panaji Marketing,Distributor,OUT0047,Convenience Store,SP031_Ravi,Dairy & Food Staples,GoldenGrain Atta 5kg,98.13,62,6084.06,8,486.72,5597.34,6482.47,Delivered,0,0.0,Indirect,Credit
ORD102797,2024-03-13,Mar-2024,Central,Madhya Pradesh,Jabalpur,D004,Jabalpur Traders,Wholesaler,OUT0041,Modern Trade,SP018_Rina,Personal Care,ShinyLocks Shampoo 200ml,58.36,32,1867.52,8,149.4,1718.12,1912.75,Delivered,0,0.0,Indirect,Credit
ORD102932,2024-03-13,Mar-2024,North,Uttar Pradesh,Lucknow,D008,Lucknow Distribution Co,Distributor,OUT0085,Wholesale Shop,SP012_Divya,Personal Care,SilkTouch Lotion 200ml,272.65,8,2181.2,0,0.0,2181.2,2383.4,Delivered,0,0.0,Indirect,Cash
ORD103361,2024-03-13,Mar-2024,Central,Chhattisgarh,Raipur,D022,Raipur Agencies,Super Stockist,OUT0195,Supermarket,SP013_Manoj,Dairy & Food Staples,DailyFresh Ghee 500ml,76.39,18,1375.02,5,68.75,1306.27,1478.06,Delivered,0,0.0,Direct,Cash
ORD103222,2024-03-13,Mar-2024,East,Odisha,Bhubaneswar,D007,Bhubaneswar Distribution Co,Super Stockist,OUT0200,Modern Trade,SP040_Shreya,Snacks & Confectionery,CrispBite Chips 50g,95.96,25,2399.0,0,0.0,2399.0,2896.8,Pending,0,0.0,Direct,Credit
ORD103761,2024-03-13,Mar-2024,West,Gujarat,Surat,D027,Surat Agencies,Wholesaler,OUT0107,Wholesale Shop,SP007_Suresh,Beverages,MintCool Soda 300ml,249.39,49,12220.11,10,1222.01,10998.1,13126.79,Delivered,0,0.0,Indirect,Cash
ORD103369,2024-03-13,Mar-2024,Central,Madhya Pradesh,Jabalpur,D025,Jabalpur Agencies,Wholesaler,OUT0009,Wholesale Shop,SP032_Divya,Dairy & Food Staples,DailyFresh Ghee 500ml,267.76,14,3748.64,5,187.43,3561.21,4385.75,Delivered,0,0.0,Indirect,Cash
ORD100792,2024-03-13,Mar-2024,East,Odisha,Bhubaneswar,D007,Bhubaneswar Distribution Co,Super Stockist,OUT0119,Convenience Store,SP012_Divya,Home Care,CleanWave Detergent 1kg,282.0,24,6768.0,8,541.44,6226.56,6276.51,Pending,0,0.0,Indirect,Cash
ORD102039,2024-03-13,Mar-2024,East,Bihar,Patna,D014,Patna Distribution Co,Wholesaler,OUT0175,Wholesale Shop,SP023_Priya,Snacks & Confectionery,CrispBite Chips 50g,178.83,7,1251.81,0,0.0,1251.81,1065.3,Delivered,0,0.0,Direct,UPI/Online
ORD103746,2024-03-14,Mar-2024,West,Gujarat,Surat,D027,Surat Agencies,Wholesaler,OUT0107,Wholesale Shop,SP015_Arjun,Home Care,PureAir Freshener 250ml,306.89,21,6444.69,2,128.89,6315.8,6947.41,Returned,2,613.78,Direct,UPI/Online
ORD100180,2024-03-14,Mar-2024,South,Karnataka,Bengaluru,D002,Bengaluru Marketing,Distributor,OUT0075,Kirana/General Store,SP037_Sanjay,Home Care,CleanWave Detergent 1kg,142.99,36,5147.64,0,0.0,5147.64,5782.36,Delivered,0,0.0,Indirect,Cash
ORD100631,2024-03-14,Mar-2024,West,Goa,Panaji,D024,Panaji Marketing,Distributor,OUT0150,Convenience Store,SP022_Amit,Snacks & Confectionery,ChocoNut Bar 40g,25.48,16,407.68,5,20.38,387.3,365.43,Delivered,0,0.0,Direct,UPI/Online
ORD103876,2024-03-14,Mar-2024,North,Delhi,New Delhi,D001,New Delhi Traders,Super Stockist,OUT0110,Wholesale Shop,SP005_Vikram,Dairy & Food Staples,GoldenGrain Atta 5kg,111.04,13,1443.52,5,72.18,1371.34,1311.88,Returned,2,222.08,Indirect,UPI/Online
ORD102688,2024-03-14,Mar-2024,North,Punjab,Amritsar,D018,Amritsar Traders,Wholesaler,OUT0128,Modern Trade,SP029_Karan,Snacks & Confectionery,SweetPuff Biscuit 100g,137.42,20,2748.4,12,329.81,2418.59,2116.0,Delivered,0,0.0,Indirect,UPI/Online
ORD102147,2024-03-14,Mar-2024,Central,Chhattisgarh,Raipur,D005,Raipur Enterprises,Wholesaler,OUT0011,Modern Trade,SP015_Arjun,Home Care,ShineFloor Cleaner 1L,266.7,7,1866.9,0,0.0,1866.9,1894.04,Delivered,0,0.0,Indirect,UPI/Online
ORD101650,2024-03-14,Mar-2024,South,Karnataka,Mysuru,D017,Mysuru Enterprises,Distributor,OUT0188,Convenience Store,SP019_Deepak,Snacks & Confectionery,SweetPuff Biscuit 100g,102.52,6,615.12,0,0.0,615.12,557.81,Delivered,0,0.0,Indirect,Cash
ORD100085,2024-03-14,Mar-2024,East,West Bengal,Kolkata,D006,Kolkata Enterprises,Distributor,OUT0060,Modern Trade,SP001_Rahul,Home Care,PureAir Freshener 250ml,203.29,21,4269.09,10,426.91,3842.18,3646.0,Pending,0,0.0,Indirect,UPI/Online
ORD102188,2024-03-14,Mar-2024,Central,Madhya Pradesh,Bhopal,D029,Bhopal Distribution Co,Super Stockist,OUT0139,Convenience Store,SP005_Vikram,Dairy & Food Staples,GoldenGrain Atta 5kg,288.69,22,6351.18,8,508.09,5843.09,7158.21,Pending,0,0.0,Indirect,UPI/Online
ORD102589,2024-03-15,Mar-2024,Central,Madhya Pradesh,Bhopal,D029,Bhopal Distribution Co,Super Stockist,OUT0138,Kirana/General Store,SP016_Meera,Personal Care,SilkTouch Lotion 200ml,25.71,20,514.2,0,0.0,514.2,610.83,Delivered,0,0.0,Indirect,UPI/Online
ORD100083,2024-03-15,Mar-2024,Central,Madhya Pradesh,Bhopal,D029,Bhopal Distribution Co,Super Stockist,OUT0063,Kirana/General Store,SP011_Ravi,Dairy & Food Staples,SunRice Basmati 1kg,145.69,18,2622.42,8,209.79,2412.63,2503.05,Pending,0,0.0,Indirect,Cash
ORD103329,2024-03-15,Mar-2024,West,Gujarat,Surat,D027,Surat Agencies,Wholesaler,OUT0058,Kirana/General Store,SP012_Divya,Personal Care,FreshBreath Toothpaste 150g,339.15,11,3730.65,0,0.0,3730.65,3323.45,Delivered,0,0.0,Indirect,Cash
ORD100175,2024-03-15,Mar-2024,Central,Chhattisgarh,Raipur,D005,Raipur Enterprises,Wholesaler,OUT0036,Wholesale Shop,SP009_Karan,Beverages,OrangeZest Juice 1L,135.54,23,3117.42,12,374.09,2743.33,3349.88,Cancelled,0,0.0,Indirect,Credit
ORD101154,2024-03-16,Mar-2024,North,Delhi,New Delhi,D001,New Delhi Traders,Super Stockist,OUT0180,Wholesale Shop,SP040_Shreya,Home Care,ShineFloor Cleaner 1L,63.42,31,1966.02,10,196.6,1769.42,2174.57,Delivered,0,0.0,Indirect,UPI/Online
ORD101236,2024-03-16,Mar-2024,Central,Chhattisgarh,Raipur,D009,Raipur Enterprises,Wholesaler,OUT0121,Kirana/General Store,SP034_Kavita,Personal Care,FreshBreath Toothpaste 150g,229.17,31,7104.27,5,355.21,6749.06,7723.5,Delivered,0,0.0,Direct,Cash
ORD101484,2024-03-16,Mar-2024,East,Odisha,Bhubaneswar,D007,Bhubaneswar Distribution Co,Super Stockist,OUT0091,Convenience Store,SP025_Vikram,Personal Care,ShinyLocks Shampoo 200ml,197.65,31,6127.15,10,612.72,5514.43,6768.25,Delivered,0,0.0,Indirect,UPI/Online
ORD100109,2024-03-16,Mar-2024,Central,Chhattisgarh,Raipur,D009,Raipur Enterprises,Wholesaler,OUT0153,Supermarket,SP009_Karan,Beverages,OrangeZest Juice 1L,240.65,21,5053.65,5,252.68,4800.97,4618.49,Delivered,0,0.0,Indirect,Cash
ORD101372,2024-03-16,Mar-2024,Central,Chhattisgarh,Raipur,D026,Raipur Agencies,Distributor,OUT0154,Kirana/General Store,SP003_Priya,Personal Care,ShinyLocks Shampoo 200ml,152.95,25,3823.75,2,76.47,3747.28,3965.4,Delivered,0,0.0,Indirect,UPI/Online
ORD102213,2024-03-16,Mar-2024,West,Gujarat,Surat,D027,Surat Agencies,Wholesaler,OUT0160,Supermarket,SP018_Rina,Personal Care,GlowSoft Soap 100g,204.12,6,1224.72,0,0.0,1224.72,1342.93,Returned,2,408.24,Indirect,UPI/Online
ORD101503,2024-03-16,Mar-2024,Central,Chhattisgarh,Raipur,D022,Raipur Agencies,Super Stockist,OUT0094,Convenience Store,SP037_Sanjay,Snacks & Confectionery,CrispBite Chips 50g,241.42,16,3862.72,0,0.0,3862.72,3392.82,Delivered,0,0.0,Direct,Cash
ORD102590,2024-03-16,Mar-2024,North,Uttar Pradesh,Lucknow,D008,Lucknow Distribution Co,Distributor,OUT0085,Wholesale Shop,SP020_Shreya,Dairy & Food Staples,PureDrop Milk 500ml,105.34,10,1053.4,2,21.07,1032.33,1049.05,Delivered,0,0.0,Direct,UPI/Online
ORD102527,2024-03-16,Mar-2024,Central,Chhattisgarh,Raipur,D026,Raipur Agencies,Distributor,OUT0154,Kirana/General Store,SP005_Vikram,Dairy & Food Staples,SunRice Basmati 1kg,43.61,31,1351.91,0,0.0,1351.91,1268.78,Delivered,0,0.0,Direct,UPI/Online
ORD100964,2024-03-16,Mar-2024,East,Odisha,Bhubaneswar,D007,Bhubaneswar Distribution Co,Super Stockist,OUT0091,Convenience Store,SP011_Ravi,Personal Care,SilkTouch Lotion 200ml,157.93,30,4737.9,5,236.9,4501.0,4947.75,Delivered,0,0.0,Indirect,UPI/Online
ORD101947,2024-03-16,Mar-2024,East,Odisha,Bhubaneswar,D028,Bhubaneswar Distribution Co,Wholesaler,OUT0156,Modern Trade,SP002_Amit,Personal Care,SilkTouch Lotion 200ml,44.21,2,88.42,2,1.77,86.65,90.48,Delivered,0,0.0,Direct,Cash
ORD103677,2024-03-16,Mar-2024,North,Uttar Pradesh,Lucknow,D008,Lucknow Distribution Co,Distributor,OUT0005,Wholesale Shop,SP001_Rahul,Personal Care,ShinyLocks Shampoo 200ml,75.34,44,3314.96,5,165.75,3149.21,3723.86,Delivered,0,0.0,Indirect,Credit
ORD103432,2024-03-16,Mar-2024,West,Goa,Panaji,D019,Panaji Traders,Distributor,OUT0026,Supermarket,SP024_Sneha,Personal Care,GlowSoft Soap 100g,177.41,28,4967.48,0,0.0,4967.48,5356.99,Pending,0,0.0,Direct,UPI/Online
ORD101608,2024-03-16,Mar-2024,East,Odisha,Bhubaneswar,D007,Bhubaneswar Distribution Co,Super Stockist,OUT0193,Modern Trade,SP008_Neha,Dairy & Food Staples,SunRice Basmati 1kg,86.88,14,1216.32,5,60.82,1155.5,1285.28,Delivered,0,0.0,Indirect,UPI/Online
ORD100628,2024-03-16,Mar-2024,East,Bihar,Patna,D014,Patna Distribution Co,Wholesaler,OUT0015,Supermarket,SP026_Anjali,Snacks & Confectionery,ChocoNut Bar 40g,219.16,43,9423.88,10,942.39,8481.49,9322.02,Delivered,0,0.0,Indirect,UPI/Online
ORD103700,2024-03-17,Mar-2024,North,Delhi,New Delhi,D003,New Delhi Traders,Super Stockist,OUT0032,Wholesale Shop,SP027_Suresh,Home Care,ShineFloor Cleaner 1L,52.96,20,1059.2,5,52.96,1006.24,1078.89,Delivered,0,0.0,Direct,UPI/Online
ORD102486,2024-03-17,Mar-2024,North,Delhi,New Delhi,D003,New Delhi Traders,Super Stockist,OUT0006,Kirana/General Store,SP031_Ravi,Personal Care,SilkTouch Lotion 200ml,102.18,16,1634.88,0,0.0,1634.88,1895.93,Delivered,0,0.0,Indirect,Cash
ORD101743,2024-03-17,Mar-2024,Central,Chhattisgarh,Raipur,D026,Raipur Agencies,Distributor,OUT0152,Supermarket,SP033_Manoj,Beverages,FreshSip Cola 250ml,85.37,15,1280.55,0,0.0,1280.55,1427.39,Delivered,0,0.0,Indirect,Credit
ORD101113,2024-03-17,Mar-2024,North,Uttar Pradesh,Lucknow,D008,Lucknow Distribution Co,Distributor,OUT0033,Convenience Store,SP037_Sanjay,Personal Care,ShinyLocks Shampoo 200ml,151.91,8,1215.28,8,97.22,1118.06,1245.73,Delivered,0,0.0,Indirect,Credit
ORD100159,2024-03-17,Mar-2024,South,Tamil Nadu,Coimbatore,D020,Coimbatore Marketing,Distributor,OUT0086,Kirana/General Store,SP026_Anjali,Beverages,FreshSip Cola 500ml,214.78,17,3651.26,0,0.0,3651.26,3303.4,Cancelled,0,0.0,Indirect,Credit
ORD103064,2024-03-17,Mar-2024,South,Karnataka,Mysuru,D017,Mysuru Enterprises,Distributor,OUT0079,Kirana/General Store,SP028_Neha,Beverages,FreshSip Cola 500ml,97.34,42,4088.28,2,81.77,4006.51,4303.0,Cancelled,0,0.0,Indirect,UPI/Online
ORD102409,2024-03-17,Mar-2024,Central,Chhattisgarh,Raipur,D022,Raipur Agencies,Super Stockist,OUT0186,Kirana/General Store,SP021_Rahul,Beverages,OrangeZest Juice 1L,244.58,14,3424.12,5,171.21,3252.91,3198.86,Delivered,0,0.0,Indirect,UPI/Online
ORD102201,2024-03-17,Mar-2024,Central,Chhattisgarh,Raipur,D005,Raipur Enterprises,Wholesaler,OUT0070,Supermarket,SP011_Ravi,Personal Care,ShinyLocks Shampoo 200ml,345.05,18,6210.9,0,0.0,6210.9,6581.78,Pending,0,0.0,Direct,Credit
ORD100909,2024-03-17,Mar-2024,Central,Chhattisgarh,Raipur,D011,Raipur Agencies,Super Stockist,OUT0190,Modern Trade,SP010_Pooja,Dairy & Food Staples,GoldenGrain Atta 5kg,211.33,29,6128.57,0,0.0,6128.57,7451.94,Delivered,0,0.0,Indirect,Cash
ORD102105,2024-03-17,Mar-2024,Central,Madhya Pradesh,Bhopal,D029,Bhopal Distribution Co,Super Stockist,OUT0114,Kirana/General Store,SP020_Shreya,Beverages,FreshSip Cola 250ml,28.14,26,731.64,10,73.16,658.48,742.41,Delivered,0,0.0,Indirect,Cash
ORD100898,2024-03-17,Mar-2024,Central,Chhattisgarh,Raipur,D011,Raipur Agencies,Super Stockist,OUT0168,Kirana/General Store,SP010_Pooja,Beverages,FreshSip Cola 250ml,171.57,23,3946.11,5,197.31,3748.8,3553.35,Pending,0,0.0,Indirect,Credit
ORD102773,2024-03-17,Mar-2024,Central,Madhya Pradesh,Jabalpur,D004,Jabalpur Traders,Wholesaler,OUT0056,Kirana/General Store,SP031_Ravi,Home Care,PureAir Freshener 250ml,248.93,16,3982.88,0,0.0,3982.88,3556.42,Delivered,0,0.0,Indirect,Credit
ORD102398,2024-03-17,Mar-2024,Central,Madhya Pradesh,Bhopal,D029,Bhopal Distribution Co,Super Stockist,OUT0139,Convenience Store,SP010_Pooja,Home Care,ShineFloor Cleaner 1L,286.47,26,7448.22,0,0.0,7448.22,7692.53,Delivered,0,0.0,Indirect,UPI/Online
ORD101079,2024-03-17,Mar-2024,North,Delhi,New Delhi,D003,New Delhi Traders,Super Stockist,OUT0023,Convenience Store,SP001_Rahul,Personal Care,ShinyLocks Shampoo 200ml,57.37,23,1319.51,10,131.95,1187.56,1481.87,Delivered,0,0.0,Indirect,Cash
ORD100958,2024-03-18,Mar-2024,Central,Chhattisgarh,Raipur,D009,Raipur Enterprises,Wholesaler,OUT0053,Modern Trade,SP035_Arjun,Dairy & Food Staples,PureDrop Milk 500ml,232.9,22,5123.8,5,256.19,4867.61,4163.33,Pending,0,0.0,Direct,UPI/Online
ORD103038,2024-03-18,Mar-2024,Central,Chhattisgarh,Raipur,D009,Raipur Enterprises,Wholesaler,OUT0164,Kirana/General Store,SP034_Kavita,Home Care,SparkleShine Dishwash 500ml,132.82,25,3320.5,0,0.0,3320.5,2860.83,Delivered,0,0.0,Indirect,Cash
ORD100239,2024-03-18,Mar-2024,East,West Bengal,Kolkata,D006,Kolkata Enterprises,Distributor,OUT0106,Modern Trade,SP031_Ravi,Snacks & Confectionery,SweetPuff Biscuit 100g,172.95,15,2594.25,10,259.42,2334.83,2432.13,Delivered,0,0.0,Indirect,UPI/Online
ORD102725,2024-03-18,Mar-2024,Central,Madhya Pradesh,Bhopal,D029,Bhopal Distribution Co,Super Stockist,OUT0030,Kirana/General Store,SP030_Pooja,Snacks & Confectionery,CrispBite Chips 100g,336.32,31,10425.92,5,521.3,9904.62,11072.93,Pending,0,0.0,Direct,UPI/Online
ORD102528,2024-03-18,Mar-2024,Central,Chhattisgarh,Raipur,D022,Raipur Agencies,Super Stockist,OUT0045,Kirana/General Store,SP003_Priya,Personal Care,GlowSoft Soap 100g,84.62,18,1523.16,10,152.32,1370.84,1598.23,Delivered,0,0.0,Direct,Credit
ORD100149,2024-03-18,Mar-2024,Central,Chhattisgarh,Raipur,D009,Raipur Enterprises,Wholesaler,OUT0113,Kirana/General Store,SP018_Rina,Beverages,MintCool Soda 300ml,193.48,32,6191.36,0,0.0,6191.36,7526.96,Delivered,0,0.0,Indirect,Credit
ORD101148,2024-03-18,Mar-2024,East,Odisha,Bhubaneswar,D007,Bhubaneswar Distribution Co,Super Stockist,OUT0193,Modern Trade,SP028_Neha,Dairy & Food Staples,SunRice Basmati 1kg,324.33,22,7135.26,2,142.71,6992.55,7636.06,Delivered,0,0.0,Indirect,Cash
ORD103136,2024-03-18,Mar-2024,East,Odisha,Bhubaneswar,D007,Bhubaneswar Distribution Co,Super Stockist,OUT0091,Convenience Store,SP039_Deepak,Beverages,OrangeZest Juice 1L,149.65,104,15563.6,5,778.18,14785.42,15013.36,Delivered,0,0.0,Indirect,Cash
ORD102832,2024-03-18,Mar-2024,West,Goa,Panaji,D019,Panaji Traders,Distributor,OUT0076,Modern Trade,SP031_Ravi,Snacks & Confectionery,SweetPuff Biscuit 100g,60.62,17,1030.54,5,51.53,979.01,922.18,Pending,0,0.0,Indirect,Credit
ORD103158,2024-03-18,Mar-2024,North,Punjab,Amritsar,D018,Amritsar Traders,Wholesaler,OUT0025,Supermarket,SP033_Manoj,Snacks & Confectionery,CrispBite Chips 50g,65.85,20,1317.0,10,131.7,1185.3,1354.02,Delivered,0,0.0,Direct,Credit
ORD102200,2024-03-18,Mar-2024,Central,Chhattisgarh,Raipur,D026,Raipur Agencies,Distributor,OUT0152,Supermarket,SP031_Ravi,Snacks & Confectionery,CrispBite Chips 100g,170.56,23,3922.88,0,0.0,3922.88,4249.92,Delivered,0,0.0,Direct,Credit
ORD102163,2024-03-18,Mar-2024,South,Telangana,Hyderabad,D012,Hyderabad Traders,Super Stockist,OUT0042,Modern Trade,SP027_Suresh,Home Care,CleanWave Detergent 1kg,127.6,21,2679.6,0,0.0,2679.6,2296.72,Delivered,0,0.0,Indirect,UPI/Online
ORD100415,2024-03-18,Mar-2024,Central,Madhya Pradesh,Jabalpur,D030,Jabalpur Distribution Co,Distributor,OUT0002,Convenience Store,SP001_Rahul,Home Care,CleanWave Detergent 1kg,37.93,36,1365.48,0,0.0,1365.48,1439.83,Delivered,0,0.0,Direct,Credit
ORD101093,2024-03-18,Mar-2024,Central,Madhya Pradesh,Bhopal,D029,Bhopal Distribution Co,Super Stockist,OUT0143,Modern Trade,SP015_Arjun,Home Care,CleanWave Detergent 1kg,49.37,30,1481.1,10,148.11,1332.99,1216.5,Cancelled,0,0.0,Direct,Cash
ORD102920,2024-03-19,Mar-2024,East,Odisha,Bhubaneswar,D007,Bhubaneswar Distribution Co,Super Stockist,OUT0091,Convenience Store,SP005_Vikram,Dairy & Food Staples,SunRice Basmati 1kg,227.16,12,2725.92,2,54.52,2671.4,2407.55,Delivered,0,0.0,Direct,Cash
ORD100606,2024-03-19,Mar-2024,Central,Madhya Pradesh,Jabalpur,D030,Jabalpur Distribution Co,Distributor,OUT0145,Supermarket,SP011_Ravi,Dairy & Food Staples,DailyFresh Ghee 500ml,59.17,24,1420.08,0,0.0,1420.08,1509.43,Delivered,0,0.0,Indirect,Credit
ORD103184,2024-03-19,Mar-2024,West,Goa,Panaji,D019,Panaji Traders,Distributor,OUT0026,Supermarket,SP030_Pooja,Dairy & Food Staples,GoldenGrain Atta 5kg,254.09,18,4573.62,0,0.0,4573.62,4831.69,Delivered,0,0.0,Direct,Cash
ORD103824,2024-03-19,Mar-2024,North,Delhi,New Delhi,D003,New Delhi Traders,Super Stockist,OUT0059,Supermarket,SP029_Karan,Personal Care,GlowSoft Soap 100g,169.0,40,6760.0,8,540.8,6219.2,7595.81,Delivered,0,0.0,Direct,UPI/Online
ORD101877,2024-03-19,Mar-2024,South,Karnataka,Mysuru,D017,Mysuru Enterprises,Distributor,OUT0176,Kirana/General Store,SP023_Priya,Dairy & Food Staples,DailyFresh Ghee 500ml,99.03,14,1386.42,10,138.64,1247.78,1208.39,Delivered,0,0.0,Direct,Cash
ORD102198,2024-03-19,Mar-2024,West,Goa,Panaji,D019,Panaji Traders,Distributor,OUT0037,Modern Trade,SP021_Rahul,Home Care,ShineFloor Cleaner 1L,226.1,14,3165.4,8,253.23,2912.17,3334.42,Delivered,0,0.0,Indirect,Cash
ORD103442,2024-03-19,Mar-2024,West,Goa,Panaji,D019,Panaji Traders,Distributor,OUT0076,Modern Trade,SP018_Rina,Personal Care,SilkTouch Lotion 200ml,132.9,18,2392.2,12,287.06,2105.14,2039.44,Delivered,0,0.0,Indirect,Credit
ORD102505,2024-03-19,Mar-2024,West,Rajasthan,Jodhpur,D013,Jodhpur Distribution Co,Super Stockist,OUT0177,Wholesale Shop,SP011_Ravi,Beverages,FreshSip Cola 500ml,41.12,18,740.16,0,0.0,740.16,811.45,Delivered,0,0.0,Indirect,Cash
ORD101569,2024-03-19,Mar-2024,West,Gujarat,Surat,D027,Surat Agencies,Wholesaler,OUT0008,Kirana/General Store,SP009_Karan,Dairy & Food Staples,PureDrop Milk 500ml,85.48,15,1282.2,8,102.58,1179.62,1255.88,Delivered,0,0.0,Indirect,Cash
ORD101581,2024-03-19,Mar-2024,Central,Madhya Pradesh,Jabalpur,D004,Jabalpur Traders,Wholesaler,OUT0056,Kirana/General Store,SP021_Rahul,Personal Care,GlowSoft Soap 100g,27.63,11,303.93,10,30.39,273.54,324.96,Delivered,0,0.0,Indirect,Cash
ORD101539,2024-03-20,Mar-2024,Central,Chhattisgarh,Raipur,D009,Raipur Enterprises,Wholesaler,OUT0121,Kirana/General Store,SP039_Deepak,Snacks & Confectionery,CrispBite Chips 100g,85.64,17,1455.88,0,0.0,1455.88,1250.09,Delivered,0,0.0,Direct,Cash
ORD103632,2024-03-20,Mar-2024,North,Uttar Pradesh,Lucknow,D008,Lucknow Distribution Co,Distributor,OUT0033,Convenience Store,SP019_Deepak,Home Care,CleanWave Detergent 1kg,259.82,37,9613.34,5,480.67,9132.67,10540.09,Delivered,0,0.0,Direct,Cash
ORD102157,2024-03-20,Mar-2024,Central,Madhya Pradesh,Jabalpur,D025,Jabalpur Agencies,Wholesaler,OUT0165,Convenience Store,SP030_Pooja,Home Care,SparkleShine Dishwash 500ml,197.49,14,2764.86,12,331.78,2433.08,2217.75,Delivered,0,0.0,Direct,Credit
ORD100744,2024-03-20,Mar-2024,Central,Chhattisgarh,Raipur,D005,Raipur Enterprises,Wholesaler,OUT0036,Wholesale Shop,SP015_Arjun,Personal Care,FreshBreath Toothpaste 150g,243.65,30,7309.5,0,0.0,7309.5,7603.27,Delivered,0,0.0,Indirect,Cash
ORD101534,2024-03-20,Mar-2024,North,Delhi,New Delhi,D001,New Delhi Traders,Super Stockist,OUT0027,Kirana/General Store,SP005_Vikram,Personal Care,SilkTouch Lotion 200ml,235.72,31,7307.32,0,0.0,7307.32,8256.43,Delivered,0,0.0,Direct,Credit
ORD100665,2024-03-20,Mar-2024,East,Odisha,Bhubaneswar,D007,Bhubaneswar Distribution Co,Super Stockist,OUT0200,Modern Trade,SP032_Divya,Beverages,FreshSip Cola 250ml,24.26,26,630.76,10,63.08,567.68,610.99,Returned,2,48.52,Indirect,UPI/Online
ORD103436,2024-03-20,Mar-2024,Central,Chhattisgarh,Raipur,D021,Raipur Traders,Super Stockist,OUT0126,Convenience Store,SP021_Rahul,Dairy & Food Staples,SunRice Basmati 1kg,28.66,30,859.8,5,42.99,816.81,913.4,Delivered,0,0.0,Indirect,Cash
ORD102974,2024-03-20,Mar-2024,Central,Madhya Pradesh,Bhopal,D029,Bhopal Distribution Co,Super Stockist,OUT0131,Supermarket,SP018_Rina,Dairy & Food Staples,SunRice Basmati 1kg,253.14,15,3797.1,2,75.94,3721.16,3755.12,Delivered,0,0.0,Indirect,UPI/Online
ORD103612,2024-03-20,Mar-2024,West,Gujarat,Surat,D027,Surat Agencies,Wholesaler,OUT0058,Kirana/General Store,SP036_Meera,Home Care,PureAir Freshener 250ml,22.28,22,490.16,2,9.8,480.36,584.64,Delivered,0,0.0,Direct,Cash
ORD101431,2024-03-20,Mar-2024,North,Uttar Pradesh,Lucknow,D010,Lucknow Marketing,Distributor,OUT0197,Modern Trade,SP020_Shreya,Personal Care,ShinyLocks Shampoo 200ml,301.55,34,10252.7,2,205.05,10047.65,8587.3,Delivered,0,0.0,Indirect,Credit
ORD102740,2024-03-20,Mar-2024,West,Goa,Panaji,D024,Panaji Marketing,Distributor,OUT0007,Modern Trade,SP008_Neha,Snacks & Confectionery,SweetPuff Biscuit 100g,91.22,46,4196.12,0,0.0,4196.12,4091.25,Delivered,0,0.0,Indirect,Credit
ORD103112,2024-03-20,Mar-2024,North,Delhi,New Delhi,D003,New Delhi Traders,Super Stockist,OUT0059,Supermarket,SP011_Ravi,Dairy & Food Staples,DailyFresh Ghee 500ml,318.17,21,6681.57,8,534.53,6147.04,5607.94,Delivered,0,0.0,Indirect,Cash
ORD101861,2024-03-20,Mar-2024,Central,Madhya Pradesh,Bhopal,D029,Bhopal Distribution Co,Super Stockist,OUT0138,Kirana/General Store,SP023_Priya,Dairy & Food Staples,GoldenGrain Atta 5kg,32.17,14,450.38,2,9.01,441.37,404.16,Delivered,0,0.0,Indirect,Credit
ORD100717,2024-03-21,Mar-2024,North,Punjab,Amritsar,D018,Amritsar Traders,Wholesaler,OUT0128,Modern Trade,SP004_Sneha,Beverages,OrangeZest Juice 1L,209.95,10,2099.5,2,41.99,2057.51,2218.23,Delivered,0,0.0,Indirect,UPI/Online
ORD101973,2024-03-21,Mar-2024,East,Odisha,Bhubaneswar,D007,Bhubaneswar Distribution Co,Super Stockist,OUT0050,Wholesale Shop,SP011_Ravi,Home Care,SparkleShine Dishwash 500ml,330.44,13,4295.72,10,429.57,3866.15,3843.14,Pending,0,0.0,Indirect,UPI/Online
ORD103904,2024-03-21,Mar-2024,Central,Madhya Pradesh,Jabalpur,D025,Jabalpur Agencies,Wholesaler,OUT0165,Convenience Store,SP036_Meera,Home Care,ShineFloor Cleaner 1L,280.6,15,4209.0,5,210.45,3998.55,4591.88,Delivered,0,0.0,Indirect,UPI/Online
ORD102936,2024-03-21,Mar-2024,West,Gujarat,Surat,D027,Surat Agencies,Wholesaler,OUT0107,Wholesale Shop,SP014_Kavita,Beverages,FreshSip Cola 250ml,238.25,32,7624.0,2,152.48,7471.52,8758.82,Delivered,0,0.0,Direct,Credit
ORD100051,2024-03-21,Mar-2024,North,Delhi,New Delhi,D001,New Delhi Traders,Super Stockist,OUT0001,Kirana/General Store,SP019_Deepak,Home Care,ShineFloor Cleaner 1L,255.82,52,13302.64,0,0.0,13302.64,15233.63,Returned,16,4093.12,Direct,Cash
ORD102502,2024-03-21,Mar-2024,East,West Bengal,Kolkata,D006,Kolkata Enterprises,Distributor,OUT0060,Modern Trade,SP013_Manoj,Beverages,FreshSip Cola 500ml,175.62,31,5444.22,0,0.0,5444.22,5622.39,Delivered,0,0.0,Direct,Cash
ORD101281,2024-03-21,Mar-2024,North,Uttar Pradesh,Lucknow,D008,Lucknow Distribution Co,Distributor,OUT0029,Kirana/General Store,SP025_Vikram,Snacks & Confectionery,SweetPuff Biscuit 100g,243.43,20,4868.6,2,97.37,4771.23,5005.72,Cancelled,0,0.0,Indirect,Cash
ORD101259,2024-03-21,Mar-2024,Central,Madhya Pradesh,Jabalpur,D030,Jabalpur Distribution Co,Distributor,OUT0096,Kirana/General Store,SP019_Deepak,Personal Care,GlowSoft Soap 100g,233.58,64,14949.12,0,0.0,14949.12,13962.76,Pending,0,0.0,Direct,Cash
ORD102222,2024-03-21,Mar-2024,Central,Chhattisgarh,Raipur,D009,Raipur Enterprises,Wholesaler,OUT0153,Supermarket,SP030_Pooja,Home Care,PureAir Freshener 250ml,113.67,32,3637.44,0,0.0,3637.44,3955.0,Delivered,0,0.0,Direct,Credit
ORD100131,2024-03-21,Mar-2024,North,Punjab,Ludhiana,D015,Ludhiana Traders,Distributor,OUT0095,Convenience Store,SP039_Deepak,Personal Care,FreshBreath Toothpaste 150g,21.53,29,624.37,2,12.49,611.88,745.23,Delivered,0,0.0,Indirect,UPI/Online
ORD100616,2024-03-22,Mar-2024,South,Karnataka,Bengaluru,D002,Bengaluru Marketing,Distributor,OUT0046,Modern Trade,SP023_Priya,Dairy & Food Staples,GoldenGrain Atta 5kg,222.22,24,5333.28,2,106.67,5226.61,5285.58,Delivered,0,0.0,Indirect,Credit
ORD100539,2024-03-22,Mar-2024,North,Delhi,New Delhi,D001,New Delhi Traders,Super Stockist,OUT0027,Kirana/General Store,SP029_Karan,Home Care,ShineFloor Cleaner 1L,162.67,33,5368.11,0,0.0,5368.11,6450.72,Delivered,0,0.0,Indirect,UPI/Online
ORD101283,2024-03-22,Mar-2024,West,Rajasthan,Jodhpur,D013,Jodhpur Distribution Co,Super Stockist,OUT0155,Kirana/General Store,SP030_Pooja,Dairy & Food Staples,DailyFresh Ghee 500ml,292.65,24,7023.6,2,140.47,6883.13,6526.95,Delivered,0,0.0,Indirect,UPI/Online
ORD101566,2024-03-22,Mar-2024,Central,Madhya Pradesh,Bhopal,D029,Bhopal Distribution Co,Super Stockist,OUT0112,Supermarket,SP033_Manoj,Snacks & Confectionery,CrispBite Chips 50g,204.76,32,6552.32,12,786.28,5766.04,5162.0,Delivered,0,0.0,Indirect,Cash
ORD102164,2024-03-22,Mar-2024,South,Tamil Nadu,Coimbatore,D020,Coimbatore Marketing,Distributor,OUT0144,Supermarket,SP016_Meera,Dairy & Food Staples,SunRice Basmati 1kg,31.07,10,310.7,0,0.0,310.7,338.93,Pending,0,0.0,Indirect,Credit
ORD101054,2024-03-22,Mar-2024,Central,Chhattisgarh,Raipur,D005,Raipur Enterprises,Wholesaler,OUT0070,Supermarket,SP036_Meera,Snacks & Confectionery,CrispBite Chips 50g,175.33,19,3331.27,2,66.63,3264.64,3753.03,Pending,0,0.0,Direct,Credit
ORD102250,2024-03-22,Mar-2024,North,Punjab,Amritsar,D018,Amritsar Traders,Wholesaler,OUT0025,Supermarket,SP028_Neha,Beverages,OrangeZest Juice 1L,255.16,22,5613.52,0,0.0,5613.52,5154.18,Pending,0,0.0,Direct,Cash
ORD103600,2024-03-22,Mar-2024,Central,Madhya Pradesh,Bhopal,D029,Bhopal Distribution Co,Super Stockist,OUT0103,Kirana/General Store,SP012_Divya,Snacks & Confectionery,CrispBite Chips 100g,169.99,16,2719.84,8,217.59,2502.25,2915.03,Returned,5,849.95,Indirect,UPI/Online
ORD103147,2024-03-22,Mar-2024,Central,Chhattisgarh,Raipur,D026,Raipur Agencies,Distributor,OUT0154,Kirana/General Store,SP029_Karan,Personal Care,SilkTouch Lotion 200ml,25.98,13,337.74,2,6.75,330.99,413.17,Delivered,0,0.0,Direct,Cash
ORD102072,2024-03-22,Mar-2024,East,Odisha,Bhubaneswar,D028,Bhubaneswar Distribution Co,Wholesaler,OUT0044,Kirana/General Store,SP020_Shreya,Personal Care,GlowSoft Soap 100g,212.1,30,6363.0,0,0.0,6363.0,5881.98,Delivered,0,0.0,Direct,UPI/Online
ORD102928,2024-03-22,Mar-2024,Central,Chhattisgarh,Raipur,D009,Raipur Enterprises,Wholesaler,OUT0053,Modern Trade,SP039_Deepak,Dairy & Food Staples,GoldenGrain Atta 5kg,297.6,22,6547.2,5,327.36,6219.84,7693.11,Delivered,0,0.0,Indirect,Cash
ORD100966,2024-03-23,Mar-2024,West,Rajasthan,Jaipur,D016,Jaipur Distribution Co,Super Stockist,OUT0061,Modern Trade,SP009_Karan,Beverages,FreshSip Cola 250ml,255.51,25,6387.75,2,127.76,6259.99,7074.66,Delivered,0,0.0,Indirect,UPI/Online
ORD103987,2024-03-23,Mar-2024,Central,Chhattisgarh,Raipur,D009,Raipur Enterprises,Wholesaler,OUT0164,Kirana/General Store,SP030_Pooja,Dairy & Food Staples,SunRice Basmati 1kg,227.09,24,5450.16,8,436.01,5014.15,4877.64,Delivered,0,0.0,Direct,Credit
ORD100723,2024-03-23,Mar-2024,South,Tamil Nadu,Coimbatore,D023,Coimbatore Marketing,Super Stockist,OUT0018,Convenience Store,SP035_Arjun,Dairy & Food Staples,GoldenGrain Atta 5kg,315.87,21,6633.27,0,0.0,6633.27,7169.55,Pending,0,0.0,Indirect,Credit
ORD102068,2024-03-23,Mar-2024,North,Uttar Pradesh,Lucknow,D008,Lucknow Distribution Co,Distributor,OUT0054,Kirana/General Store,SP032_Divya,Dairy & Food Staples,DailyFresh Ghee 500ml,319.87,13,4158.31,2,83.17,4075.14,4593.35,Returned,4,1279.48,Indirect,Cash
ORD101577,2024-03-23,Mar-2024,West,Goa,Panaji,D024,Panaji Marketing,Distributor,OUT0047,Convenience Store,SP037_Sanjay,Personal Care,GlowSoft Soap 100g,49.35,13,641.55,2,12.83,628.72,673.94,Delivered,0,0.0,Indirect,UPI/Online
ORD100461,2024-03-23,Mar-2024,South,Karnataka,Mysuru,D017,Mysuru Enterprises,Distributor,OUT0188,Convenience Store,SP031_Ravi,Beverages,FreshSip Cola 250ml,236.03,17,4012.51,10,401.25,3611.26,3477.6,Delivered,0,0.0,Direct,UPI/Online
ORD100685,2024-03-23,Mar-2024,East,Bihar,Patna,D014,Patna Distribution Co,Wholesaler,OUT0088,Wholesale Shop,SP018_Rina,Snacks & Confectionery,ChocoNut Bar 40g,149.28,16,2388.48,5,119.42,2269.06,1981.86,Delivered,0,0.0,Direct,Credit
ORD101132,2024-03-23,Mar-2024,South,Karnataka,Bengaluru,D002,Bengaluru Marketing,Distributor,OUT0074,Convenience Store,SP033_Manoj,Snacks & Confectionery,SweetPuff Biscuit 100g,263.64,13,3427.32,8,274.19,3153.13,3290.84,Delivered,0,0.0,Direct,Cash
ORD103535,2024-03-23,Mar-2024,South,Karnataka,Mysuru,D017,Mysuru Enterprises,Distributor,OUT0077,Wholesale Shop,SP015_Arjun,Home Care,CleanWave Detergent 1kg,118.21,45,5319.45,10,531.95,4787.5,5646.43,Delivered,0,0.0,Direct,UPI/Online
ORD102752,2024-03-23,Mar-2024,South,Tamil Nadu,Coimbatore,D020,Coimbatore Marketing,Distributor,OUT0109,Wholesale Shop,SP007_Suresh,Dairy & Food Staples,PureDrop Milk 500ml,212.73,45,9572.85,2,191.46,9381.39,9845.3,Delivered,0,0.0,Indirect,UPI/Online
ORD101523,2024-03-23,Mar-2024,North,Punjab,Amritsar,D018,Amritsar Traders,Wholesaler,OUT0129,Kirana/General Store,SP022_Amit,Dairy & Food Staples,DailyFresh Ghee 500ml,275.58,30,8267.4,5,413.37,7854.03,7762.76,Delivered,0,0.0,Indirect,Cash
ORD101433,2024-03-23,Mar-2024,Central,Chhattisgarh,Raipur,D005,Raipur Enterprises,Wholesaler,OUT0036,Wholesale Shop,SP013_Manoj,Personal Care,SilkTouch Lotion 200ml,216.84,53,11492.52,0,0.0,11492.52,12316.87,Delivered,0,0.0,Direct,UPI/Online
ORD100578,2024-03-23,Mar-2024,West,Goa,Panaji,D024,Panaji Marketing,Distributor,OUT0150,Convenience Store,SP010_Pooja,Personal Care,GlowSoft Soap 100g,282.66,29,8197.14,0,0.0,8197.14,7786.2,Pending,0,0.0,Direct,UPI/Online
ORD103495,2024-03-24,Mar-2024,West,Goa,Panaji,D019,Panaji Traders,Distributor,OUT0076,Modern Trade,SP028_Neha,Snacks & Confectionery,SweetPuff Biscuit 100g,180.38,15,2705.7,2,54.11,2651.59,3099.36,Delivered,0,0.0,Indirect,UPI/Online
ORD101887,2024-03-24,Mar-2024,Central,Chhattisgarh,Raipur,D005,Raipur Enterprises,Wholesaler,OUT0102,Convenience Store,SP023_Priya,Dairy & Food Staples,PureDrop Milk 500ml,214.27,19,4071.13,0,0.0,4071.13,4904.46,Delivered,0,0.0,Indirect,Cash
ORD103994,2024-03-24,Mar-2024,South,Karnataka,Bengaluru,D002,Bengaluru Marketing,Distributor,OUT0072,Wholesale Shop,SP014_Kavita,Snacks & Confectionery,ChocoNut Bar 40g,259.3,25,6482.5,2,129.65,6352.85,6419.71,Delivered,0,0.0,Indirect,Cash
ORD103529,2024-03-24,Mar-2024,Central,Madhya Pradesh,Bhopal,D029,Bhopal Distribution Co,Super Stockist,OUT0063,Kirana/General Store,SP012_Divya,Personal Care,GlowSoft Soap 100g,289.75,27,7823.25,8,625.86,7197.39,7795.54,Delivered,0,0.0,Direct,UPI/Online
ORD102289,2024-03-24,Mar-2024,Central,Chhattisgarh,Raipur,D005,Raipur Enterprises,Wholesaler,OUT0011,Modern Trade,SP010_Pooja,Personal Care,FreshBreath Toothpaste 150g,222.18,20,4443.6,2,88.87,4354.73,5094.74,Delivered,0,0.0,Indirect,UPI/Online
ORD102720,2024-03-24,Mar-2024,North,Uttar Pradesh,Lucknow,D008,Lucknow Distribution Co,Distributor,OUT0054,Kirana/General Store,SP037_Sanjay,Dairy & Food Staples,PureDrop Milk 500ml,293.47,19,5575.93,5,278.8,5297.13,6414.01,Delivered,0,0.0,Direct,Cash
ORD100256,2024-03-24,Mar-2024,South,Karnataka,Mysuru,D017,Mysuru Enterprises,Distributor,OUT0188,Convenience Store,SP022_Amit,Home Care,PureAir Freshener 250ml,284.12,14,3977.68,2,79.55,3898.13,4328.29,Cancelled,0,0.0,Indirect,Cash
ORD100991,2024-03-24,Mar-2024,East,Odisha,Bhubaneswar,D028,Bhubaneswar Distribution Co,Wholesaler,OUT0014,Wholesale Shop,SP004_Sneha,Personal Care,FreshBreath Toothpaste 150g,232.13,31,7196.03,10,719.6,6476.43,5908.71,Delivered,0,0.0,Indirect,Credit
ORD103139,2024-03-24,Mar-2024,North,Delhi,New Delhi,D003,New Delhi Traders,Super Stockist,OUT0006,Kirana/General Store,SP025_Vikram,Personal Care,FreshBreath Toothpaste 150g,157.81,23,3629.63,2,72.59,3557.04,3471.93,Delivered,0,0.0,Direct,Cash
ORD100233,2024-03-24,Mar-2024,South,Karnataka,Mysuru,D017,Mysuru Enterprises,Distributor,OUT0101,Convenience Store,SP033_Manoj,Dairy & Food Staples,DailyFresh Ghee 500ml,237.43,23,5460.89,5,273.04,5187.85,5774.79,Delivered,0,0.0,Indirect,UPI/Online
ORD102433,2024-03-24,Mar-2024,West,Rajasthan,Jodhpur,D013,Jodhpur Distribution Co,Super Stockist,OUT0093,Supermarket,SP036_Meera,Beverages,OrangeZest Juice 1L,42.33,13,550.29,0,0.0,550.29,472.51,Pending,0,0.0,Direct,UPI/Online
ORD103195,2024-03-24,Mar-2024,East,Bihar,Patna,D014,Patna Distribution Co,Wholesaler,OUT0088,Wholesale Shop,SP028_Neha,Personal Care,ShinyLocks Shampoo 200ml,214.02,21,4494.42,2,89.89,4404.53,4373.43,Delivered,0,0.0,Indirect,UPI/Online
ORD101151,2024-03-25,Mar-2024,Central,Madhya Pradesh,Bhopal,D029,Bhopal Distribution Co,Super Stockist,OUT0112,Supermarket,SP010_Pooja,Beverages,MintCool Soda 300ml,80.58,29,2336.82,2,46.74,2290.08,2674.5,Delivered,0,0.0,Indirect,UPI/Online
ORD101323,2024-03-25,Mar-2024,South,Tamil Nadu,Coimbatore,D020,Coimbatore Marketing,Distributor,OUT0185,Convenience Store,SP016_Meera,Snacks & Confectionery,CrispBite Chips 100g,248.76,41,10199.16,0,0.0,10199.16,12102.08,Delivered,0,0.0,Indirect,UPI/Online
ORD100166,2024-03-25,Mar-2024,South,Tamil Nadu,Coimbatore,D020,Coimbatore Marketing,Distributor,OUT0185,Convenience Store,SP016_Meera,Home Care,CleanWave Detergent 1kg,125.19,35,4381.65,0,0.0,4381.65,5249.39,Delivered,0,0.0,Indirect,UPI/Online
ORD101339,2024-03-25,Mar-2024,North,Delhi,New Delhi,D001,New Delhi Traders,Super Stockist,OUT0110,Wholesale Shop,SP025_Vikram,Personal Care,FreshBreath Toothpaste 150g,49.76,32,1592.32,0,0.0,1592.32,1809.3,Returned,9,447.84,Indirect,UPI/Online
ORD100368,2024-03-25,Mar-2024,West,Gujarat,Surat,D027,Surat Agencies,Wholesaler,OUT0158,Modern Trade,SP037_Sanjay,Snacks & Confectionery,CrispBite Chips 100g,187.45,22,4123.9,12,494.87,3629.03,3483.48,Delivered,0,0.0,Indirect,Cash
ORD103738,2024-03-26,Mar-2024,North,Delhi,New Delhi,D001,New Delhi Traders,Super Stockist,OUT0110,Wholesale Shop,SP001_Rahul,Home Care,ShineFloor Cleaner 1L,236.77,20,4735.4,0,0.0,4735.4,4731.96,Delivered,0,0.0,Direct,UPI/Online
ORD100475,2024-03-26,Mar-2024,North,Punjab,Ludhiana,D015,Ludhiana Traders,Distributor,OUT0055,Wholesale Shop,SP028_Neha,Snacks & Confectionery,CrispBite Chips 100g,339.12,28,9495.36,2,189.91,9305.45,11120.54,Delivered,0,0.0,Direct,Cash
ORD100361,2024-03-26,Mar-2024,North,Uttar Pradesh,Lucknow,D008,Lucknow Distribution Co,Distributor,OUT0022,Supermarket,SP019_Deepak,Dairy & Food Staples,PureDrop Milk 500ml,189.08,10,1890.8,2,37.82,1852.98,2058.46,Delivered,0,0.0,Indirect,Cash
ORD101304,2024-03-26,Mar-2024,North,Punjab,Amritsar,D018,Amritsar Traders,Wholesaler,OUT0012,Supermarket,SP036_Meera,Home Care,CleanWave Detergent 1kg,37.25,15,558.75,8,44.7,514.05,536.95,Delivered,0,0.0,Indirect,Credit
ORD102661,2024-03-26,Mar-2024,Central,Madhya Pradesh,Bhopal,D029,Bhopal Distribution Co,Super Stockist,OUT0148,Modern Trade,SP015_Arjun,Snacks & Confectionery,SweetPuff Biscuit 100g,190.56,23,4382.88,0,0.0,4382.88,5202.43,Delivered,0,0.0,Indirect,Cash
ORD101255,2024-03-26,Mar-2024,Central,Madhya Pradesh,Bhopal,D029,Bhopal Distribution Co,Super Stockist,OUT0131,Supermarket,SP012_Divya,Home Care,PureAir Freshener 250ml,183.57,6,1101.42,0,0.0,1101.42,960.58,Delivered,0,0.0,Indirect,Credit
ORD102498,2024-03-26,Mar-2024,Central,Madhya Pradesh,Jabalpur,D004,Jabalpur Traders,Wholesaler,OUT0169,Convenience Store,SP027_Suresh,Beverages,MintCool Soda 300ml,139.36,15,2090.4,8,167.23,1923.17,2344.05,Delivered,0,0.0,Indirect,Cash
ORD100024,2024-03-26,Mar-2024,East,Odisha,Bhubaneswar,D028,Bhubaneswar Distribution Co,Wholesaler,OUT0156,Modern Trade,SP020_Shreya,Dairy & Food Staples,PureDrop Milk 500ml,36.99,29,1072.71,0,0.0,1072.71,1334.73,Delivered,0,0.0,Indirect,Cash
ORD100458,2024-03-26,Mar-2024,East,West Bengal,Kolkata,D006,Kolkata Enterprises,Distributor,OUT0106,Modern Trade,SP007_Suresh,Home Care,ShineFloor Cleaner 1L,277.52,17,4717.84,5,235.89,4481.95,4404.08,Delivered,0,0.0,Direct,Credit
ORD102869,2024-03-26,Mar-2024,North,Uttar Pradesh,Lucknow,D008,Lucknow Distribution Co,Distributor,OUT0038,Modern Trade,SP012_Divya,Beverages,FreshSip Cola 250ml,200.55,20,4011.0,8,320.88,3690.12,4390.15,Delivered,0,0.0,Indirect,Cash
ORD101458,2024-03-26,Mar-2024,Central,Chhattisgarh,Raipur,D026,Raipur Agencies,Distributor,OUT0154,Kirana/General Store,SP004_Sneha,Personal Care,ShinyLocks Shampoo 200ml,191.87,35,6715.45,5,335.77,6379.68,6650.88,Delivered,0,0.0,Direct,UPI/Online
ORD100339,2024-03-26,Mar-2024,South,Telangana,Hyderabad,D012,Hyderabad Traders,Super Stockist,OUT0166,Wholesale Shop,SP026_Anjali,Dairy & Food Staples,PureDrop Milk 500ml,311.04,10,3110.4,5,155.52,2954.88,3361.89,Delivered,0,0.0,Indirect,UPI/Online
ORD100871,2024-03-26,Mar-2024,Central,Madhya Pradesh,Jabalpur,D025,Jabalpur Agencies,Wholesaler,OUT0010,Supermarket,SP017_Sanjay,Dairy & Food Staples,DailyFresh Ghee 500ml,64.15,15,962.25,2,19.24,943.01,910.85,Delivered,0,0.0,Indirect,UPI/Online
ORD103144,2024-03-26,Mar-2024,Central,Madhya Pradesh,Bhopal,D029,Bhopal Distribution Co,Super Stockist,OUT0003,Convenience Store,SP023_Priya,Personal Care,SilkTouch Lotion 200ml,160.77,12,1929.24,2,38.58,1890.66,2066.01,Delivered,0,0.0,Indirect,UPI/Online
ORD100327,2024-03-26,Mar-2024,Central,Madhya Pradesh,Bhopal,D029,Bhopal Distribution Co,Super Stockist,OUT0112,Supermarket,SP024_Sneha,Personal Care,SilkTouch Lotion 200ml,74.71,16,1195.36,5,59.77,1135.59,993.54,Delivered,0,0.0,Direct,Cash
ORD102972,2024-03-26,Mar-2024,Central,Madhya Pradesh,Jabalpur,D030,Jabalpur Distribution Co,Distributor,OUT0181,Wholesale Shop,SP004_Sneha,Beverages,MintCool Soda 300ml,283.28,29,8215.12,5,410.76,7804.36,6919.51,Delivered,0,0.0,Indirect,Cash
ORD102721,2024-03-26,Mar-2024,East,Odisha,Bhubaneswar,D007,Bhubaneswar Distribution Co,Super Stockist,OUT0200,Modern Trade,SP020_Shreya,Dairy & Food Staples,DailyFresh Ghee 500ml,234.82,13,3052.66,2,61.05,2991.61,2807.61,Delivered,0,0.0,Indirect,Cash
ORD101630,2024-03-26,Mar-2024,Central,Chhattisgarh,Raipur,D026,Raipur Agencies,Distributor,OUT0048,Kirana/General Store,SP031_Ravi,Personal Care,SilkTouch Lotion 200ml,29.39,25,734.75,0,0.0,734.75,890.92,Delivered,0,0.0,Direct,Cash
ORD103806,2024-03-26,Mar-2024,Central,Madhya Pradesh,Bhopal,D029,Bhopal Distribution Co,Super Stockist,OUT0104,Supermarket,SP033_Manoj,Dairy & Food Staples,GoldenGrain Atta 5kg,134.94,36,4857.84,5,242.89,4614.95,4580.25,Delivered,0,0.0,Indirect,UPI/Online
ORD102354,2024-03-26,Mar-2024,West,Rajasthan,Jaipur,D016,Jaipur Distribution Co,Super Stockist,OUT0061,Modern Trade,SP005_Vikram,Beverages,FreshSip Cola 500ml,98.93,37,3660.41,2,73.21,3587.2,3569.6,Delivered,0,0.0,Indirect,Cash
ORD101940,2024-03-27,Mar-2024,Central,Chhattisgarh,Raipur,D022,Raipur Agencies,Super Stockist,OUT0094,Convenience Store,SP031_Ravi,Home Care,PureAir Freshener 250ml,32.54,18,585.72,0,0.0,585.72,626.72,Cancelled,0,0.0,Direct,Cash
ORD100326,2024-03-27,Mar-2024,Central,Chhattisgarh,Raipur,D005,Raipur Enterprises,Wholesaler,OUT0036,Wholesale Shop,SP005_Vikram,Personal Care,FreshBreath Toothpaste 150g,253.59,79,20033.61,0,0.0,20033.61,20912.66,Delivered,0,0.0,Direct,Cash
ORD103550,2024-03-27,Mar-2024,South,Karnataka,Bengaluru,D002,Bengaluru Marketing,Distributor,OUT0074,Convenience Store,SP018_Rina,Dairy & Food Staples,GoldenGrain Atta 5kg,323.57,13,4206.41,10,420.64,3785.77,4453.2,Pending,0,0.0,Indirect,Credit
ORD102432,2024-03-27,Mar-2024,Central,Madhya Pradesh,Jabalpur,D004,Jabalpur Traders,Wholesaler,OUT0169,Convenience Store,SP014_Kavita,Personal Care,FreshBreath Toothpaste 150g,95.35,49,4672.15,5,233.61,4438.54,5282.51,Returned,14,1334.9,Direct,Credit
ORD103348,2024-03-27,Mar-2024,Central,Madhya Pradesh,Jabalpur,D025,Jabalpur Agencies,Wholesaler,OUT0017,Supermarket,SP010_Pooja,Snacks & Confectionery,CrispBite Chips 100g,86.02,35,3010.7,8,240.86,2769.84,2884.2,Delivered,0,0.0,Indirect,Credit
ORD103525,2024-03-27,Mar-2024,Central,Madhya Pradesh,Bhopal,D029,Bhopal Distribution Co,Super Stockist,OUT0143,Modern Trade,SP001_Rahul,Snacks & Confectionery,CrispBite Chips 100g,39.34,36,1416.24,0,0.0,1416.24,1234.75,Delivered,0,0.0,Direct,Credit
ORD102999,2024-03-27,Mar-2024,Central,Madhya Pradesh,Jabalpur,D004,Jabalpur Traders,Wholesaler,OUT0099,Kirana/General Store,SP017_Sanjay,Snacks & Confectionery,SweetPuff Biscuit 100g,344.15,4,1376.6,0,0.0,1376.6,1343.6,Returned,1,344.15,Direct,Cash
ORD100522,2024-03-27,Mar-2024,North,Delhi,New Delhi,D003,New Delhi Traders,Super Stockist,OUT0032,Wholesale Shop,SP017_Sanjay,Personal Care,GlowSoft Soap 100g,130.1,19,2471.9,10,247.19,2224.71,2305.97,Cancelled,0,0.0,Direct,UPI/Online
ORD103385,2024-03-27,Mar-2024,South,Telangana,Hyderabad,D012,Hyderabad Traders,Super Stockist,OUT0042,Modern Trade,SP012_Divya,Personal Care,GlowSoft Soap 100g,338.53,14,4739.42,2,94.79,4644.63,5625.84,Returned,2,677.06,Indirect,UPI/Online
ORD103527,2024-03-27,Mar-2024,Central,Chhattisgarh,Raipur,D022,Raipur Agencies,Super Stockist,OUT0194,Modern Trade,SP013_Manoj,Personal Care,SilkTouch Lotion 200ml,193.44,19,3675.36,0,0.0,3675.36,3341.77,Cancelled,0,0.0,Direct,Credit
ORD102933,2024-03-27,Mar-2024,West,Rajasthan,Jodhpur,D013,Jodhpur Distribution Co,Super Stockist,OUT0163,Convenience Store,SP015_Arjun,Beverages,MintCool Soda 300ml,169.41,17,2879.97,12,345.6,2534.37,2881.77,Delivered,0,0.0,Indirect,Credit
ORD100299,2024-03-27,Mar-2024,Central,Chhattisgarh,Raipur,D005,Raipur Enterprises,Wholesaler,OUT0036,Wholesale Shop,SP004_Sneha,Dairy & Food Staples,SunRice Basmati 1kg,118.19,55,6500.45,5,325.02,6175.43,5644.52,Delivered,0,0.0,Direct,UPI/Online
ORD101769,2024-03-27,Mar-2024,West,Gujarat,Surat,D027,Surat Agencies,Wholesaler,OUT0008,Kirana/General Store,SP035_Arjun,Dairy & Food Staples,PureDrop Milk 500ml,346.48,5,1732.4,10,173.24,1559.16,1551.16,Delivered,0,0.0,Indirect,UPI/Online
ORD103672,2024-03-27,Mar-2024,Central,Chhattisgarh,Raipur,D005,Raipur Enterprises,Wholesaler,OUT0011,Modern Trade,SP019_Deepak,Beverages,FreshSip Cola 250ml,297.45,17,5056.65,10,505.66,4550.99,4584.16,Delivered,0,0.0,Indirect,UPI/Online
ORD100467,2024-03-28,Mar-2024,Central,Chhattisgarh,Raipur,D009,Raipur Enterprises,Wholesaler,OUT0164,Kirana/General Store,SP026_Anjali,Personal Care,GlowSoft Soap 100g,75.22,6,451.32,5,22.57,428.75,371.71,Returned,2,150.44,Indirect,Credit
ORD102357,2024-03-28,Mar-2024,North,Uttar Pradesh,Lucknow,D010,Lucknow Marketing,Distributor,OUT0197,Modern Trade,SP026_Anjali,Personal Care,GlowSoft Soap 100g,169.16,45,7612.2,5,380.61,7231.59,7355.21,Delivered,0,0.0,Indirect,Cash
ORD100692,2024-03-28,Mar-2024,West,Gujarat,Surat,D027,Surat Agencies,Wholesaler,OUT0008,Kirana/General Store,SP035_Arjun,Beverages,OrangeZest Juice 1L,211.61,24,5078.64,8,406.29,4672.35,4012.74,Returned,6,1269.66,Indirect,Credit
ORD101671,2024-03-28,Mar-2024,Central,Madhya Pradesh,Bhopal,D029,Bhopal Distribution Co,Super Stockist,OUT0131,Supermarket,SP019_Deepak,Dairy & Food Staples,GoldenGrain Atta 5kg,63.63,15,954.45,2,19.09,935.36,813.77,Delivered,0,0.0,Indirect,Credit
ORD103487,2024-03-28,Mar-2024,Central,Chhattisgarh,Raipur,D009,Raipur Enterprises,Wholesaler,OUT0153,Supermarket,SP024_Sneha,Beverages,FreshSip Cola 500ml,340.08,20,6801.6,12,816.19,5985.41,5545.14,Delivered,0,0.0,Direct,Cash
ORD100142,2024-03-28,Mar-2024,South,Telangana,Hyderabad,D012,Hyderabad Traders,Super Stockist,OUT0159,Convenience Store,SP016_Meera,Home Care,PureAir Freshener 250ml,52.82,34,1795.88,8,143.67,1652.21,1845.91,Delivered,0,0.0,Direct,Cash
ORD102905,2024-03-28,Mar-2024,North,Punjab,Ludhiana,D015,Ludhiana Traders,Distributor,OUT0055,Wholesale Shop,SP012_Divya,Snacks & Confectionery,ChocoNut Bar 40g,154.78,16,2476.48,2,49.53,2426.95,2702.03,Delivered,0,0.0,Indirect,Credit
ORD103324,2024-03-28,Mar-2024,South,Telangana,Hyderabad,D012,Hyderabad Traders,Super Stockist,OUT0042,Modern Trade,SP037_Sanjay,Beverages,FreshSip Cola 250ml,268.37,13,3488.81,5,174.44,3314.37,3177.52,Delivered,0,0.0,Direct,Credit
ORD103234,2024-03-28,Mar-2024,East,Bihar,Patna,D014,Patna Distribution Co,Wholesaler,OUT0175,Wholesale Shop,SP007_Suresh,Personal Care,ShinyLocks Shampoo 200ml,109.33,32,3498.56,2,69.97,3428.59,3494.56,Pending,0,0.0,Indirect,Credit
ORD100797,2024-03-28,Mar-2024,South,Tamil Nadu,Coimbatore,D020,Coimbatore Marketing,Distributor,OUT0086,Kirana/General Store,SP012_Divya,Dairy & Food Staples,GoldenGrain Atta 5kg,167.42,3,502.26,0,0.0,502.26,434.81,Delivered,0,0.0,Direct,Cash
ORD100237,2024-03-28,Mar-2024,Central,Chhattisgarh,Raipur,D005,Raipur Enterprises,Wholesaler,OUT0135,Modern Trade,SP016_Meera,Dairy & Food Staples,SunRice Basmati 1kg,140.93,19,2677.67,5,133.88,2543.79,2618.77,Delivered,0,0.0,Direct,UPI/Online
ORD100936,2024-03-28,Mar-2024,Central,Chhattisgarh,Raipur,D022,Raipur Agencies,Super Stockist,OUT0195,Supermarket,SP011_Ravi,Personal Care,ShinyLocks Shampoo 200ml,25.5,8,204.0,0,0.0,204.0,233.46,Delivered,0,0.0,Indirect,UPI/Online
ORD102868,2024-03-29,Mar-2024,West,Gujarat,Surat,D027,Surat Agencies,Wholesaler,OUT0133,Convenience Store,SP014_Kavita,Dairy & Food Staples,PureDrop Milk 500ml,333.61,56,18682.16,5,934.11,17748.05,19787.28,Delivered,0,0.0,Indirect,UPI/Online
ORD101386,2024-03-29,Mar-2024,Central,Chhattisgarh,Raipur,D011,Raipur Agencies,Super Stockist,OUT0168,Kirana/General Store,SP025_Vikram,Home Care,CleanWave Detergent 1kg,78.14,7,546.98,0,0.0,546.98,513.71,Delivered,0,0.0,Indirect,UPI/Online
ORD101653,2024-03-29,Mar-2024,Central,Madhya Pradesh,Jabalpur,D030,Jabalpur Distribution Co,Distributor,OUT0145,Supermarket,SP013_Manoj,Home Care,PureAir Freshener 250ml,43.88,17,745.96,2,14.92,731.04,806.71,Delivered,0,0.0,Indirect,Cash
ORD101507,2024-03-29,Mar-2024,North,Punjab,Amritsar,D018,Amritsar Traders,Wholesaler,OUT0129,Kirana/General Store,SP030_Pooja,Snacks & Confectionery,CrispBite Chips 50g,117.79,28,3298.12,0,0.0,3298.12,3746.98,Delivered,0,0.0,Direct,Credit
ORD103315,2024-03-29,Mar-2024,South,Tamil Nadu,Coimbatore,D023,Coimbatore Marketing,Super Stockist,OUT0108,Convenience Store,SP004_Sneha,Beverages,FreshSip Cola 250ml,123.81,44,5447.64,10,544.76,4902.88,5976.01,Delivered,0,0.0,Indirect,UPI/Online
ORD100682,2024-03-30,Mar-2024,East,Odisha,Bhubaneswar,D007,Bhubaneswar Distribution Co,Super Stockist,OUT0200,Modern Trade,SP032_Divya,Personal Care,FreshBreath Toothpaste 150g,137.06,12,1644.72,2,32.89,1611.83,1795.38,Delivered,0,0.0,Direct,UPI/Online
ORD101328,2024-03-30,Mar-2024,Central,Chhattisgarh,Raipur,D009,Raipur Enterprises,Wholesaler,OUT0066,Modern Trade,SP025_Vikram,Home Care,ShineFloor Cleaner 1L,63.21,11,695.31,0,0.0,695.31,626.04,Pending,0,0.0,Direct,Credit
ORD100084,2024-03-30,Mar-2024,North,Punjab,Ludhiana,D015,Ludhiana Traders,Distributor,OUT0021,Kirana/General Store,SP038_Rina,Dairy & Food Staples,SunRice Basmati 1kg,156.89,20,3137.8,8,251.02,2886.78,3604.59,Returned,5,784.45,Indirect,Credit
ORD103140,2024-03-31,Mar-2024,North,Delhi,New Delhi,D001,New Delhi Traders,Super Stockist,OUT0097,Modern Trade,SP025_Vikram,Personal Care,FreshBreath Toothpaste 150g,255.87,11,2814.57,2,56.29,2758.28,3185.22,Delivered,0,0.0,Indirect,UPI/Online
ORD101297,2024-03-31,Mar-2024,West,Goa,Panaji,D019,Panaji Traders,Distributor,OUT0076,Modern Trade,SP001_Rahul,Beverages,MintCool Soda 300ml,194.85,53,10327.05,5,516.35,9810.7,10909.27,Delivered,0,0.0,Direct,UPI/Online
ORD101055,2024-03-31,Mar-2024,Central,Madhya Pradesh,Jabalpur,D025,Jabalpur Agencies,Wholesaler,OUT0165,Convenience Store,SP006_Anjali,Beverages,MintCool Soda 300ml,109.86,47,5163.42,0,0.0,5163.42,5590.1,Cancelled,0,0.0,Indirect,Cash
ORD100850,2024-03-31,Mar-2024,South,Karnataka,Mysuru,D017,Mysuru Enterprises,Distributor,OUT0079,Kirana/General Store,SP039_Deepak,Home Care,CleanWave Detergent 1kg,177.4,36,6386.4,0,0.0,6386.4,7796.28,Delivered,0,0.0,Indirect,UPI/Online
ORD100634,2024-03-31,Mar-2024,North,Delhi,New Delhi,D003,New Delhi Traders,Super Stockist,OUT0122,Modern Trade,SP033_Manoj,Dairy & Food Staples,PureDrop Milk 500ml,23.73,14,332.22,5,16.61,315.61,391.2,Delivered,0,0.0,Indirect,UPI/Online
ORD101278,2024-03-31,Mar-2024,Central,Madhya Pradesh,Jabalpur,D025,Jabalpur Agencies,Wholesaler,OUT0009,Wholesale Shop,SP005_Vikram,Dairy & Food Staples,SunRice Basmati 1kg,170.26,12,2043.12,0,0.0,2043.12,2298.33,Delivered,0,0.0,Direct,Cash
ORD103179,2024-03-31,Mar-2024,Central,Madhya Pradesh,Bhopal,D029,Bhopal Distribution Co,Super Stockist,OUT0143,Modern Trade,SP014_Kavita,Snacks & Confectionery,SweetPuff Biscuit 100g,125.53,14,1757.42,10,175.74,1581.68,1959.5,Delivered,0,0.0,Indirect,Cash
ORD100560,2024-03-31,Mar-2024,East,Odisha,Bhubaneswar,D007,Bhubaneswar Distribution Co,Super Stockist,OUT0178,Convenience Store,SP007_Suresh,Dairy & Food Staples,GoldenGrain Atta 5kg,299.64,20,5992.8,12,719.14,5273.66,6281.03,Delivered,0,0.0,Indirect,Cash
ORD102169,2024-03-31,Mar-2024,East,Odisha,Bhubaneswar,D007,Bhubaneswar Distribution Co,Super Stockist,OUT0035,Wholesale Shop,SP008_Neha,Dairy & Food Staples,DailyFresh Ghee 500ml,191.52,16,3064.32,0,0.0,3064.32,3328.65,Delivered,0,0.0,Indirect,Cash
ORD101473,2024-03-31,Mar-2024,North,Uttar Pradesh,Lucknow,D008,Lucknow Distribution Co,Distributor,OUT0049,Supermarket,SP019_Deepak,Dairy & Food Staples,SunRice Basmati 1kg,313.8,72,22593.6,5,1129.68,21463.92,19296.78,Delivered,0,0.0,Indirect,Cash
ORD100694,2024-03-31,Mar-2024,Central,Chhattisgarh,Raipur,D026,Raipur Agencies,Distributor,OUT0152,Supermarket,SP037_Sanjay,Dairy & Food Staples,SunRice Basmati 1kg,165.15,9,1486.35,5,74.32,1412.03,1416.67,Cancelled,0,0.0,Indirect,UPI/Online
ORD102792,2024-03-31,Mar-2024,Central,Chhattisgarh,Raipur,D011,Raipur Agencies,Super Stockist,OUT0125,Supermarket,SP023_Priya,Personal Care,ShinyLocks Shampoo 200ml,202.65,25,5066.25,5,253.31,4812.94,5600.26,Cancelled,0,0.0,Direct,Credit
ORD103024,2024-03-31,Mar-2024,North,Uttar Pradesh,Lucknow,D010,Lucknow Marketing,Distributor,OUT0111,Kirana/General Store,SP032_Divya,Dairy & Food Staples,SunRice Basmati 1kg,258.02,17,4386.34,0,0.0,4386.34,4233.97,Delivered,0,0.0,Direct,UPI/Online
ORD100838,2024-04-01,Apr-2024,Central,Madhya Pradesh,Jabalpur,D030,Jabalpur Distribution Co,Distributor,OUT0181,Wholesale Shop,SP022_Amit,Dairy & Food Staples,SunRice Basmati 1kg,70.08,52,3644.16,5,182.21,3461.95,3641.47,Delivered,0,0.0,Indirect,Credit
ORD103399,2024-04-01,Apr-2024,Central,Chhattisgarh,Raipur,D022,Raipur Agencies,Super Stockist,OUT0186,Kirana/General Store,SP035_Arjun,Beverages,OrangeZest Juice 1L,261.98,25,6549.5,0,0.0,6549.5,6419.13,Cancelled,0,0.0,Indirect,Credit
ORD100411,2024-04-01,Apr-2024,West,Gujarat,Surat,D027,Surat Agencies,Wholesaler,OUT0058,Kirana/General Store,SP030_Pooja,Dairy & Food Staples,PureDrop Milk 500ml,219.15,31,6793.65,5,339.68,6453.97,7780.03,Delivered,0,0.0,Indirect,Cash
ORD102356,2024-04-01,Apr-2024,East,Odisha,Bhubaneswar,D007,Bhubaneswar Distribution Co,Super Stockist,OUT0040,Kirana/General Store,SP021_Rahul,Dairy & Food Staples,GoldenGrain Atta 5kg,63.51,26,1651.26,5,82.56,1568.7,1837.74,Delivered,0,0.0,Direct,Cash
ORD103707,2024-04-01,Apr-2024,Central,Chhattisgarh,Raipur,D009,Raipur Enterprises,Wholesaler,OUT0066,Modern Trade,SP021_Rahul,Personal Care,GlowSoft Soap 100g,314.31,40,12572.4,0,0.0,12572.4,15699.46,Pending,0,0.0,Direct,UPI/Online
ORD103050,2024-04-01,Apr-2024,South,Karnataka,Mysuru,D017,Mysuru Enterprises,Distributor,OUT0188,Convenience Store,SP040_Shreya,Personal Care,SilkTouch Lotion 200ml,276.7,24,6640.8,5,332.04,6308.76,7070.96,Delivered,0,0.0,Direct,Cash
ORD102681,2024-04-01,Apr-2024,North,Punjab,Amritsar,D018,Amritsar Traders,Wholesaler,OUT0129,Kirana/General Store,SP006_Anjali,Snacks & Confectionery,ChocoNut Bar 40g,167.2,10,1672.0,2,33.44,1638.56,1925.73,Delivered,0,0.0,Indirect,Cash
ORD101857,2024-04-01,Apr-2024,South,Karnataka,Bengaluru,D002,Bengaluru Marketing,Distributor,OUT0072,Wholesale Shop,SP018_Rina,Snacks & Confectionery,ChocoNut Bar 40g,138.53,14,1939.42,10,193.94,1745.48,2147.14,Delivered,0,0.0,Indirect,Cash
ORD100894,2024-04-01,Apr-2024,Central,Chhattisgarh,Raipur,D009,Raipur Enterprises,Wholesaler,OUT0113,Kirana/General Store,SP040_Shreya,Beverages,MintCool Soda 300ml,38.18,21,801.78,2,16.04,785.74,869.37,Cancelled,0,0.0,Indirect,Cash
ORD100987,2024-04-01,Apr-2024,Central,Chhattisgarh,Raipur,D021,Raipur Traders,Super Stockist,OUT0126,Convenience Store,SP032_Divya,Snacks & Confectionery,CrispBite Chips 50g,345.57,13,4492.41,0,0.0,4492.41,4943.16,Delivered,0,0.0,Direct,Credit
ORD101574,2024-04-02,Apr-2024,North,Delhi,New Delhi,D001,New Delhi Traders,Super Stockist,OUT0024,Wholesale Shop,SP026_Anjali,Beverages,MintCool Soda 300ml,304.8,13,3962.4,0,0.0,3962.4,4713.73,Delivered,0,0.0,Indirect,Cash
ORD101393,2024-04-02,Apr-2024,Central,Chhattisgarh,Raipur,D026,Raipur Agencies,Distributor,OUT0154,Kirana/General Store,SP008_Neha,Snacks & Confectionery,CrispBite Chips 50g,259.06,21,5440.26,0,0.0,5440.26,5242.46,Delivered,0,0.0,Indirect,Credit
ORD103996,2024-04-02,Apr-2024,Central,Chhattisgarh,Raipur,D021,Raipur Traders,Super Stockist,OUT0057,Wholesale Shop,SP034_Kavita,Beverages,OrangeZest Juice 1L,335.69,53,17791.57,12,2134.99,15656.58,16243.27,Delivered,0,0.0,Indirect,Cash
ORD100922,2024-04-02,Apr-2024,North,Delhi,New Delhi,D003,New Delhi Traders,Super Stockist,OUT0184,Convenience Store,SP023_Priya,Home Care,CleanWave Detergent 1kg,161.95,24,3886.8,0,0.0,3886.8,4759.27,Delivered,0,0.0,Indirect,Credit
ORD103809,2024-04-02,Apr-2024,Central,Madhya Pradesh,Bhopal,D029,Bhopal Distribution Co,Super Stockist,OUT0030,Kirana/General Store,SP006_Anjali,Dairy & Food Staples,PureDrop Milk 500ml,96.34,46,4431.64,0,0.0,4431.64,5504.68,Cancelled,0,0.0,Indirect,Credit
ORD100129,2024-04-02,Apr-2024,West,Goa,Panaji,D019,Panaji Traders,Distributor,OUT0037,Modern Trade,SP002_Amit,Dairy & Food Staples,SunRice Basmati 1kg,220.22,31,6826.82,5,341.34,6485.48,7913.76,Returned,2,440.44,Direct,UPI/Online
ORD100540,2024-04-02,Apr-2024,North,Uttar Pradesh,Lucknow,D008,Lucknow Distribution Co,Distributor,OUT0157,Supermarket,SP009_Karan,Home Care,PureAir Freshener 250ml,100.32,16,1605.12,0,0.0,1605.12,1934.57,Cancelled,0,0.0,Indirect,UPI/Online
ORD102635,2024-04-02,Apr-2024,West,Gujarat,Surat,D027,Surat Agencies,Wholesaler,OUT0058,Kirana/General Store,SP026_Anjali,Personal Care,FreshBreath Toothpaste 150g,343.98,10,3439.8,10,343.98,3095.82,3256.75,Delivered,0,0.0,Indirect,Cash
ORD101094,2024-04-03,Apr-2024,Central,Madhya Pradesh,Jabalpur,D025,Jabalpur Agencies,Wholesaler,OUT0010,Supermarket,SP028_Neha,Home Care,PureAir Freshener 250ml,140.99,11,1550.89,10,155.09,1395.8,1254.07,Delivered,0,0.0,Direct,Credit
ORD102704,2024-04-03,Apr-2024,Central,Chhattisgarh,Raipur,D022,Raipur Agencies,Super Stockist,OUT0045,Kirana/General Store,SP007_Suresh,Snacks & Confectionery,CrispBite Chips 100g,305.71,18,5502.78,2,110.06,5392.72,6126.49,Returned,6,1834.26,Indirect,Cash
ORD102935,2024-04-03,Apr-2024,Central,Chhattisgarh,Raipur,D009,Raipur Enterprises,Wholesaler,OUT0113,Kirana/General Store,SP001_Rahul,Personal Care,FreshBreath Toothpaste 150g,71.86,58,4167.88,10,416.79,3751.09,3526.57,Delivered,0,0.0,Indirect,Cash
ORD102937,2024-04-03,Apr-2024,West,Goa,Panaji,D019,Panaji Traders,Distributor,OUT0089,Wholesale Shop,SP022_Amit,Dairy & Food Staples,DailyFresh Ghee 500ml,223.63,18,4025.34,5,201.27,3824.07,3820.67,Delivered,0,0.0,Indirect,UPI/Online
ORD100209,2024-04-03,Apr-2024,North,Uttar Pradesh,Lucknow,D010,Lucknow Marketing,Distributor,OUT0197,Modern Trade,SP008_Neha,Snacks & Confectionery,SweetPuff Biscuit 100g,288.89,27,7800.03,10,780.0,7020.03,8262.01,Delivered,0,0.0,Indirect,Cash
ORD103502,2024-04-03,Apr-2024,Central,Chhattisgarh,Raipur,D009,Raipur Enterprises,Wholesaler,OUT0153,Supermarket,SP022_Amit,Personal Care,GlowSoft Soap 100g,73.2,37,2708.4,10,270.84,2437.56,2075.31,Delivered,0,0.0,Indirect,Credit
ORD102775,2024-04-03,Apr-2024,North,Uttar Pradesh,Lucknow,D008,Lucknow Distribution Co,Distributor,OUT0054,Kirana/General Store,SP001_Rahul,Dairy & Food Staples,DailyFresh Ghee 500ml,52.63,24,1263.12,2,25.26,1237.86,1245.9,Returned,2,105.26,Indirect,Credit
ORD100033,2024-04-03,Apr-2024,Central,Chhattisgarh,Raipur,D011,Raipur Agencies,Super Stockist,OUT0125,Supermarket,SP018_Rina,Snacks & Confectionery,ChocoNut Bar 40g,23.04,42,967.68,5,48.38,919.3,840.54,Delivered,0,0.0,Indirect,Credit
ORD103127,2024-04-03,Apr-2024,South,Tamil Nadu,Coimbatore,D023,Coimbatore Marketing,Super Stockist,OUT0068,Wholesale Shop,SP015_Arjun,Beverages,MintCool Soda 300ml,105.98,14,1483.72,10,148.37,1335.35,1403.74,Delivered,0,0.0,Direct,UPI/Online
ORD101119,2024-04-04,Apr-2024,North,Punjab,Ludhiana,D015,Ludhiana Traders,Distributor,OUT0021,Kirana/General Store,SP028_Neha,Dairy & Food Staples,DailyFresh Ghee 500ml,134.05,17,2278.85,8,182.31,2096.54,2076.11,Delivered,0,0.0,Indirect,Cash
ORD101989,2024-04-04,Apr-2024,West,Rajasthan,Jodhpur,D013,Jodhpur Distribution Co,Super Stockist,OUT0083,Kirana/General Store,SP017_Sanjay,Home Care,SparkleShine Dishwash 500ml,286.22,10,2862.2,5,143.11,2719.09,2530.33,Returned,2,572.44,Direct,Cash
ORD101391,2024-04-04,Apr-2024,Central,Madhya Pradesh,Bhopal,D029,Bhopal Distribution Co,Super Stockist,OUT0104,Supermarket,SP034_Kavita,Beverages,MintCool Soda 300ml,160.78,22,3537.16,8,282.97,3254.19,3666.18,Delivered,0,0.0,Indirect,UPI/Online
ORD103885,2024-04-04,Apr-2024,Central,Chhattisgarh,Raipur,D009,Raipur Enterprises,Wholesaler,OUT0171,Kirana/General Store,SP002_Amit,Snacks & Confectionery,CrispBite Chips 50g,142.33,53,7543.49,2,150.87,7392.62,8990.76,Delivered,0,0.0,Direct,Cash
ORD103474,2024-04-04,Apr-2024,East,West Bengal,Kolkata,D006,Kolkata Enterprises,Distributor,OUT0106,Modern Trade,SP025_Vikram,Home Care,SparkleShine Dishwash 500ml,39.52,13,513.76,10,51.38,462.38,528.96,Delivered,0,0.0,Direct,Credit
ORD103624,2024-04-04,Apr-2024,East,Bihar,Patna,D014,Patna Distribution Co,Wholesaler,OUT0043,Modern Trade,SP026_Anjali,Home Care,SparkleShine Dishwash 500ml,239.17,26,6218.42,10,621.84,5596.58,6658.61,Delivered,0,0.0,Direct,Credit
ORD102098,2024-04-04,Apr-2024,North,Uttar Pradesh,Lucknow,D010,Lucknow Marketing,Distributor,OUT0067,Modern Trade,SP006_Anjali,Home Care,SparkleShine Dishwash 500ml,335.12,15,5026.8,5,251.34,4775.46,5961.67,Pending,0,0.0,Direct,UPI/Online
ORD102813,2024-04-04,Apr-2024,South,Karnataka,Mysuru,D017,Mysuru Enterprises,Distributor,OUT0101,Convenience Store,SP035_Arjun,Home Care,PureAir Freshener 250ml,40.8,11,448.8,5,22.44,426.36,496.26,Pending,0,0.0,Indirect,UPI/Online
ORD103878,2024-04-04,Apr-2024,East,Odisha,Bhubaneswar,D007,Bhubaneswar Distribution Co,Super Stockist,OUT0050,Wholesale Shop,SP022_Amit,Beverages,FreshSip Cola 500ml,305.89,35,10706.15,0,0.0,10706.15,11016.83,Delivered,0,0.0,Indirect,Credit
ORD100045,2024-04-04,Apr-2024,East,Odisha,Bhubaneswar,D028,Bhubaneswar Distribution Co,Wholesaler,OUT0014,Wholesale Shop,SP026_Anjali,Personal Care,SilkTouch Lotion 200ml,131.54,22,2893.88,0,0.0,2893.88,2501.4,Delivered,0,0.0,Direct,Cash
ORD103224,2024-04-04,Apr-2024,West,Goa,Panaji,D024,Panaji Marketing,Distributor,OUT0047,Convenience Store,SP019_Deepak,Beverages,FreshSip Cola 250ml,191.07,19,3630.33,5,181.52,3448.81,4110.41,Delivered,0,0.0,Direct,Cash
ORD102805,2024-04-05,Apr-2024,East,West Bengal,Kolkata,D006,Kolkata Enterprises,Distributor,OUT0064,Modern Trade,SP007_Suresh,Beverages,OrangeZest Juice 1L,45.9,12,550.8,0,0.0,550.8,593.3,Delivered,0,0.0,Direct,UPI/Online
ORD102184,2024-04-05,Apr-2024,North,Delhi,New Delhi,D001,New Delhi Traders,Super Stockist,OUT0024,Wholesale Shop,SP015_Arjun,Beverages,FreshSip Cola 250ml,125.22,31,3881.82,5,194.09,3687.73,3448.64,Delivered,0,0.0,Indirect,UPI/Online
ORD103448,2024-04-05,Apr-2024,Central,Madhya Pradesh,Bhopal,D029,Bhopal Distribution Co,Super Stockist,OUT0114,Kirana/General Store,SP021_Rahul,Personal Care,GlowSoft Soap 100g,129.4,12,1552.8,8,124.22,1428.58,1503.35,Delivered,0,0.0,Indirect,UPI/Online
ORD102413,2024-04-05,Apr-2024,North,Punjab,Amritsar,D018,Amritsar Traders,Wholesaler,OUT0128,Modern Trade,SP029_Karan,Home Care,ShineFloor Cleaner 1L,46.12,21,968.52,0,0.0,968.52,1022.31,Delivered,0,0.0,Indirect,Credit
ORD103629,2024-04-05,Apr-2024,Central,Madhya Pradesh,Jabalpur,D030,Jabalpur Distribution Co,Distributor,OUT0096,Kirana/General Store,SP017_Sanjay,Home Care,CleanWave Detergent 1kg,221.11,26,5748.86,5,287.44,5461.42,6065.3,Delivered,0,0.0,Direct,Cash
ORD100705,2024-04-05,Apr-2024,North,Delhi,New Delhi,D001,New Delhi Traders,Super Stockist,OUT0027,Kirana/General Store,SP001_Rahul,Personal Care,FreshBreath Toothpaste 150g,191.13,34,6498.42,2,129.97,6368.45,7156.39,Returned,3,573.39,Indirect,UPI/Online
ORD100672,2024-04-05,Apr-2024,Central,Chhattisgarh,Raipur,D022,Raipur Agencies,Super Stockist,OUT0141,Kirana/General Store,SP022_Amit,Personal Care,ShinyLocks Shampoo 200ml,28.48,16,455.68,8,36.45,419.23,377.4,Delivered,0,0.0,Direct,UPI/Online
ORD103715,2024-04-05,Apr-2024,Central,Madhya Pradesh,Bhopal,D029,Bhopal Distribution Co,Super Stockist,OUT0063,Kirana/General Store,SP035_Arjun,Home Care,ShineFloor Cleaner 1L,125.39,12,1504.68,10,150.47,1354.21,1462.72,Cancelled,0,0.0,Indirect,Cash
ORD102660,2024-04-05,Apr-2024,North,Uttar Pradesh,Lucknow,D010,Lucknow Marketing,Distributor,OUT0137,Convenience Store,SP025_Vikram,Personal Care,SilkTouch Lotion 200ml,322.6,38,12258.8,2,245.18,12013.62,12795.1,Pending,0,0.0,Direct,Credit
ORD102657,2024-04-05,Apr-2024,Central,Chhattisgarh,Raipur,D009,Raipur Enterprises,Wholesaler,OUT0164,Kirana/General Store,SP037_Sanjay,Snacks & Confectionery,CrispBite Chips 100g,335.37,20,6707.4,0,0.0,6707.4,6544.19,Delivered,0,0.0,Indirect,UPI/Online
ORD101854,2024-04-05,Apr-2024,North,Delhi,New Delhi,D003,New Delhi Traders,Super Stockist,OUT0082,Supermarket,SP014_Kavita,Dairy & Food Staples,PureDrop Milk 500ml,311.95,19,5927.05,2,118.54,5808.51,6386.17,Delivered,0,0.0,Indirect,Cash
ORD101441,2024-04-05,Apr-2024,East,West Bengal,Kolkata,D006,Kolkata Enterprises,Distributor,OUT0064,Modern Trade,SP028_Neha,Personal Care,GlowSoft Soap 100g,146.05,36,5257.8,0,0.0,5257.8,5364.13,Returned,5,730.25,Indirect,Cash
ORD102965,2024-04-05,Apr-2024,North,Punjab,Ludhiana,D015,Ludhiana Traders,Distributor,OUT0020,Wholesale Shop,SP039_Deepak,Personal Care,SilkTouch Lotion 200ml,117.25,63,7386.75,8,590.94,6795.81,8088.65,Pending,0,0.0,Indirect,Cash
ORD103326,2024-04-05,Apr-2024,East,Odisha,Bhubaneswar,D028,Bhubaneswar Distribution Co,Wholesaler,OUT0031,Convenience Store,SP018_Rina,Beverages,OrangeZest Juice 1L,227.59,15,3413.85,12,409.66,3004.19,3688.82,Delivered,0,0.0,Direct,UPI/Online
ORD100984,2024-04-05,Apr-2024,South,Tamil Nadu,Coimbatore,D020,Coimbatore Marketing,Distributor,OUT0098,Wholesale Shop,SP038_Rina,Personal Care,SilkTouch Lotion 200ml,226.28,23,5204.44,0,0.0,5204.44,4813.79,Delivered,0,0.0,Direct,Credit
ORD101047,2024-04-05,Apr-2024,Central,Madhya Pradesh,Bhopal,D029,Bhopal Distribution Co,Super Stockist,OUT0148,Modern Trade,SP030_Pooja,Home Care,SparkleShine Dishwash 500ml,285.64,10,2856.4,0,0.0,2856.4,2526.33,Delivered,0,0.0,Indirect,UPI/Online
ORD100859,2024-04-06,Apr-2024,Central,Madhya Pradesh,Bhopal,D029,Bhopal Distribution Co,Super Stockist,OUT0143,Modern Trade,SP019_Deepak,Home Care,PureAir Freshener 250ml,346.79,21,7282.59,2,145.65,7136.94,6553.03,Delivered,0,0.0,Indirect,Cash
ORD101475,2024-04-06,Apr-2024,South,Tamil Nadu,Coimbatore,D023,Coimbatore Marketing,Super Stockist,OUT0018,Convenience Store,SP026_Anjali,Snacks & Confectionery,CrispBite Chips 50g,247.69,18,4458.42,5,222.92,4235.5,4792.78,Delivered,0,0.0,Indirect,Credit
ORD102786,2024-04-06,Apr-2024,South,Tamil Nadu,Coimbatore,D020,Coimbatore Marketing,Distributor,OUT0098,Wholesale Shop,SP006_Anjali,Dairy & Food Staples,PureDrop Milk 500ml,155.29,17,2639.93,5,132.0,2507.93,3018.46,Cancelled,0,0.0,Direct,Credit
ORD100704,2024-04-06,Apr-2024,West,Rajasthan,Jodhpur,D013,Jodhpur Distribution Co,Super Stockist,OUT0083,Kirana/General Store,SP002_Amit,Beverages,FreshSip Cola 500ml,233.04,16,3728.64,0,0.0,3728.64,3353.22,Delivered,0,0.0,Direct,UPI/Online
ORD102189,2024-04-06,Apr-2024,Central,Chhattisgarh,Raipur,D026,Raipur Agencies,Distributor,OUT0048,Kirana/General Store,SP038_Rina,Personal Care,ShinyLocks Shampoo 200ml,153.82,46,7075.72,12,849.09,6226.63,6177.15,Delivered,0,0.0,Direct,UPI/Online
ORD100501,2024-04-06,Apr-2024,Central,Chhattisgarh,Raipur,D026,Raipur Agencies,Distributor,OUT0039,Modern Trade,SP026_Anjali,Dairy & Food Staples,GoldenGrain Atta 5kg,101.97,19,1937.43,2,38.75,1898.68,2107.02,Delivered,0,0.0,Indirect,UPI/Online
ORD100956,2024-04-06,Apr-2024,East,Odisha,Bhubaneswar,D007,Bhubaneswar Distribution Co,Super Stockist,OUT0118,Convenience Store,SP019_Deepak,Beverages,FreshSip Cola 250ml,329.04,29,9542.16,8,763.37,8778.79,8477.33,Pending,0,0.0,Direct,Cash
ORD101367,2024-04-06,Apr-2024,South,Tamil Nadu,Coimbatore,D023,Coimbatore Marketing,Super Stockist,OUT0191,Convenience Store,SP025_Vikram,Beverages,OrangeZest Juice 1L,311.01,29,9019.29,2,180.39,8838.9,10694.75,Cancelled,0,0.0,Direct,Credit
ORD102602,2024-04-07,Apr-2024,Central,Chhattisgarh,Raipur,D005,Raipur Enterprises,Wholesaler,OUT0136,Kirana/General Store,SP017_Sanjay,Personal Care,FreshBreath Toothpaste 150g,162.56,23,3738.88,2,74.78,3664.1,3243.88,Delivered,0,0.0,Indirect,Cash
ORD103917,2024-04-07,Apr-2024,Central,Chhattisgarh,Raipur,D026,Raipur Agencies,Distributor,OUT0154,Kirana/General Store,SP038_Rina,Beverages,MintCool Soda 300ml,188.63,8,1509.04,2,30.18,1478.86,1714.62,Delivered,0,0.0,Direct,UPI/Online
ORD101123,2024-04-07,Apr-2024,North,Uttar Pradesh,Lucknow,D008,Lucknow Distribution Co,Distributor,OUT0029,Kirana/General Store,SP010_Pooja,Beverages,FreshSip Cola 500ml,336.67,28,9426.76,0,0.0,9426.76,9458.74,Returned,1,336.67,Direct,UPI/Online
ORD100291,2024-04-07,Apr-2024,Central,Chhattisgarh,Raipur,D011,Raipur Agencies,Super Stockist,OUT0190,Modern Trade,SP039_Deepak,Beverages,MintCool Soda 300ml,283.58,47,13328.26,8,1066.26,12262.0,11050.98,Delivered,0,0.0,Indirect,UPI/Online
ORD101081,2024-04-07,Apr-2024,Central,Chhattisgarh,Raipur,D022,Raipur Agencies,Super Stockist,OUT0069,Modern Trade,SP039_Deepak,Personal Care,SilkTouch Lotion 200ml,168.36,14,2357.04,5,117.85,2239.19,2160.23,Returned,4,673.44,Direct,Cash
ORD103100,2024-04-07,Apr-2024,North,Uttar Pradesh,Lucknow,D008,Lucknow Distribution Co,Distributor,OUT0085,Wholesale Shop,SP001_Rahul,Dairy & Food Staples,DailyFresh Ghee 500ml,138.01,27,3726.27,12,447.15,3279.12,3680.69,Delivered,0,0.0,Indirect,Credit
ORD103963,2024-04-08,Apr-2024,North,Uttar Pradesh,Lucknow,D008,Lucknow Distribution Co,Distributor,OUT0092,Convenience Store,SP006_Anjali,Dairy & Food Staples,DailyFresh Ghee 500ml,258.09,5,1290.45,5,64.52,1225.93,1476.4,Delivered,0,0.0,Direct,Credit
ORD103141,2024-04-08,Apr-2024,East,Odisha,Bhubaneswar,D007,Bhubaneswar Distribution Co,Super Stockist,OUT0050,Wholesale Shop,SP019_Deepak,Beverages,FreshSip Cola 500ml,140.56,10,1405.6,10,140.56,1265.04,1575.48,Delivered,0,0.0,Direct,Credit
ORD102402,2024-04-08,Apr-2024,East,Odisha,Bhubaneswar,D028,Bhubaneswar Distribution Co,Wholesaler,OUT0044,Kirana/General Store,SP019_Deepak,Home Care,ShineFloor Cleaner 1L,272.59,28,7632.52,0,0.0,7632.52,8534.93,Pending,0,0.0,Direct,UPI/Online
ORD103960,2024-04-08,Apr-2024,North,Punjab,Amritsar,D018,Amritsar Traders,Wholesaler,OUT0129,Kirana/General Store,SP011_Ravi,Beverages,FreshSip Cola 250ml,259.24,20,5184.8,0,0.0,5184.8,5512.65,Delivered,0,0.0,Direct,UPI/Online
ORD103095,2024-04-08,Apr-2024,South,Karnataka,Bengaluru,D002,Bengaluru Marketing,Distributor,OUT0074,Convenience Store,SP009_Karan,Home Care,PureAir Freshener 250ml,132.49,7,927.43,0,0.0,927.43,804.96,Delivered,0,0.0,Direct,UPI/Online
ORD103657,2024-04-08,Apr-2024,Central,Chhattisgarh,Raipur,D009,Raipur Enterprises,Wholesaler,OUT0066,Modern Trade,SP033_Manoj,Beverages,FreshSip Cola 250ml,86.78,32,2776.96,8,222.16,2554.8,2501.99,Delivered,0,0.0,Indirect,Credit
ORD100040,2024-04-08,Apr-2024,North,Delhi,New Delhi,D003,New Delhi Traders,Super Stockist,OUT0081,Wholesale Shop,SP031_Ravi,Beverages,FreshSip Cola 500ml,161.3,16,2580.8,10,258.08,2322.72,2131.79,Delivered,0,0.0,Direct,UPI/Online
ORD101303,2024-04-08,Apr-2024,East,Bihar,Patna,D014,Patna Distribution Co,Wholesaler,OUT0175,Wholesale Shop,SP011_Ravi,Beverages,FreshSip Cola 500ml,61.8,12,741.6,2,14.83,726.77,723.34,Delivered,0,0.0,Indirect,Cash
ORD100888,2024-04-08,Apr-2024,Central,Madhya Pradesh,Jabalpur,D025,Jabalpur Agencies,Wholesaler,OUT0009,Wholesale Shop,SP014_Kavita,Beverages,FreshSip Cola 250ml,36.27,27,979.29,0,0.0,979.29,983.23,Delivered,0,0.0,Direct,UPI/Online
ORD102603,2024-04-08,Apr-2024,North,Uttar Pradesh,Lucknow,D010,Lucknow Marketing,Distributor,OUT0199,Convenience Store,SP038_Rina,Personal Care,SilkTouch Lotion 200ml,86.64,15,1299.6,2,25.99,1273.61,1566.0,Delivered,0,0.0,Indirect,Cash
ORD101164,2024-04-08,Apr-2024,East,Odisha,Bhubaneswar,D007,Bhubaneswar Distribution Co,Super Stockist,OUT0200,Modern Trade,SP028_Neha,Personal Care,SilkTouch Lotion 200ml,66.36,9,597.24,2,11.94,585.3,719.55,Delivered,0,0.0,Direct,UPI/Online
ORD102808,2024-04-08,Apr-2024,South,Karnataka,Bengaluru,D002,Bengaluru Marketing,Distributor,OUT0179,Modern Trade,SP027_Suresh,Personal Care,FreshBreath Toothpaste 150g,61.95,35,2168.25,2,43.36,2124.89,2290.2,Delivered,0,0.0,Direct,UPI/Online
ORD102172,2024-04-08,Apr-2024,North,Punjab,Amritsar,D018,Amritsar Traders,Wholesaler,OUT0132,Kirana/General Store,SP004_Sneha,Personal Care,GlowSoft Soap 100g,114.02,8,912.16,10,91.22,820.94,706.32,Delivered,0,0.0,Indirect,Cash
ORD101210,2024-04-08,Apr-2024,North,Delhi,New Delhi,D001,New Delhi Traders,Super Stockist,OUT0024,Wholesale Shop,SP015_Arjun,Dairy & Food Staples,DailyFresh Ghee 500ml,68.87,26,1790.62,10,179.06,1611.56,1802.87,Delivered,0,0.0,Indirect,Cash
ORD103305,2024-04-08,Apr-2024,North,Punjab,Amritsar,D018,Amritsar Traders,Wholesaler,OUT0132,Kirana/General Store,SP026_Anjali,Home Care,CleanWave Detergent 1kg,65.8,19,1250.2,2,25.0,1225.2,1494.79,Delivered,0,0.0,Direct,Cash
ORD101251,2024-04-08,Apr-2024,North,Uttar Pradesh,Lucknow,D010,Lucknow Marketing,Distributor,OUT0137,Convenience Store,SP016_Meera,Home Care,PureAir Freshener 250ml,86.15,9,775.35,0,0.0,775.35,846.9,Delivered,0,0.0,Direct,Credit
ORD102081,2024-04-08,Apr-2024,East,West Bengal,Kolkata,D006,Kolkata Enterprises,Distributor,OUT0106,Modern Trade,SP017_Sanjay,Snacks & Confectionery,SweetPuff Biscuit 100g,235.68,26,6127.68,10,612.77,5514.91,5061.94,Delivered,0,0.0,Indirect,Credit
ORD101358,2024-04-09,Apr-2024,South,Telangana,Hyderabad,D012,Hyderabad Traders,Super Stockist,OUT0183,Modern Trade,SP020_Shreya,Snacks & Confectionery,CrispBite Chips 50g,322.26,12,3867.12,5,193.36,3673.76,3591.93,Delivered,0,0.0,Direct,Cash
ORD103924,2024-04-09,Apr-2024,West,Gujarat,Surat,D027,Surat Agencies,Wholesaler,OUT0058,Kirana/General Store,SP031_Ravi,Snacks & Confectionery,ChocoNut Bar 40g,25.75,46,1184.5,8,94.76,1089.74,930.55,Delivered,0,0.0,Indirect,Cash
ORD101847,2024-04-09,Apr-2024,Central,Chhattisgarh,Raipur,D011,Raipur Agencies,Super Stockist,OUT0168,Kirana/General Store,SP021_Rahul,Dairy & Food Staples,PureDrop Milk 500ml,156.69,18,2820.42,0,0.0,2820.42,3382.02,Delivered,0,0.0,Direct,UPI/Online
ORD102487,2024-04-09,Apr-2024,Central,Chhattisgarh,Raipur,D026,Raipur Agencies,Distributor,OUT0048,Kirana/General Store,SP017_Sanjay,Beverages,OrangeZest Juice 1L,99.21,29,2877.09,0,0.0,2877.09,3576.99,Delivered,0,0.0,Indirect,Credit
ORD102094,2024-04-09,Apr-2024,East,West Bengal,Kolkata,D006,Kolkata Enterprises,Distributor,OUT0064,Modern Trade,SP032_Divya,Dairy & Food Staples,GoldenGrain Atta 5kg,125.2,20,2504.0,5,125.2,2378.8,2528.3,Delivered,0,0.0,Indirect,Cash
ORD102735,2024-04-09,Apr-2024,North,Delhi,New Delhi,D001,New Delhi Traders,Super Stockist,OUT0180,Wholesale Shop,SP001_Rahul,Personal Care,FreshBreath Toothpaste 150g,174.47,51,8897.97,8,711.84,8186.13,7429.29,Delivered,0,0.0,Indirect,Cash
ORD103608,2024-04-09,Apr-2024,East,Bihar,Patna,D014,Patna Distribution Co,Wholesaler,OUT0173,Convenience Store,SP039_Deepak,Personal Care,FreshBreath Toothpaste 150g,20.33,27,548.91,5,27.45,521.46,541.98,Delivered,0,0.0,Direct,Credit
ORD101840,2024-04-09,Apr-2024,Central,Madhya Pradesh,Jabalpur,D030,Jabalpur Distribution Co,Distributor,OUT0002,Convenience Store,SP017_Sanjay,Dairy & Food Staples,DailyFresh Ghee 500ml,159.89,29,4636.81,10,463.68,4173.13,5138.25,Delivered,0,0.0,Direct,Credit
ORD101770,2024-04-09,Apr-2024,Central,Madhya Pradesh,Jabalpur,D030,Jabalpur Distribution Co,Distributor,OUT0002,Convenience Store,SP037_Sanjay,Home Care,CleanWave Detergent 1kg,262.26,24,6294.24,0,0.0,6294.24,6965.51,Delivered,0,0.0,Direct,Credit
ORD100168,2024-04-09,Apr-2024,North,Punjab,Ludhiana,D015,Ludhiana Traders,Distributor,OUT0095,Convenience Store,SP025_Vikram,Dairy & Food Staples,SunRice Basmati 1kg,349.32,42,14671.44,2,293.43,14378.01,17246.0,Delivered,0,0.0,Indirect,Credit
ORD103966,2024-04-09,Apr-2024,North,Delhi,New Delhi,D003,New Delhi Traders,Super Stockist,OUT0082,Supermarket,SP034_Kavita,Home Care,SparkleShine Dishwash 500ml,41.54,23,955.42,5,47.77,907.65,1012.19,Delivered,0,0.0,Direct,UPI/Online
ORD101571,2024-04-09,Apr-2024,Central,Madhya Pradesh,Bhopal,D029,Bhopal Distribution Co,Super Stockist,OUT0138,Kirana/General Store,SP004_Sneha,Snacks & Confectionery,SweetPuff Biscuit 100g,24.93,54,1346.22,0,0.0,1346.22,1581.01,Delivered,0,0.0,Indirect,UPI/Online
ORD101330,2024-04-10,Apr-2024,East,Odisha,Bhubaneswar,D007,Bhubaneswar Distribution Co,Super Stockist,OUT0040,Kirana/General Store,SP024_Sneha,Snacks & Confectionery,CrispBite Chips 50g,285.01,46,13110.46,10,1311.05,11799.41,12212.95,Delivered,0,0.0,Direct,UPI/Online
ORD102512,2024-04-10,Apr-2024,Central,Madhya Pradesh,Bhopal,D029,Bhopal Distribution Co,Super Stockist,OUT0104,Supermarket,SP006_Anjali,Personal Care,SilkTouch Lotion 200ml,163.54,17,2780.18,5,139.01,2641.17,2638.86,Delivered,0,0.0,Indirect,Credit
ORD103402,2024-04-10,Apr-2024,Central,Madhya Pradesh,Jabalpur,D004,Jabalpur Traders,Wholesaler,OUT0169,Convenience Store,SP016_Meera,Personal Care,GlowSoft Soap 100g,323.69,21,6797.49,0,0.0,6797.49,7258.49,Delivered,0,0.0,Indirect,Cash
ORD100756,2024-04-10,Apr-2024,South,Tamil Nadu,Coimbatore,D020,Coimbatore Marketing,Distributor,OUT0144,Supermarket,SP028_Neha,Dairy & Food Staples,GoldenGrain Atta 5kg,163.64,19,3109.16,0,0.0,3109.16,2915.94,Delivered,0,0.0,Direct,Credit
ORD102837,2024-04-10,Apr-2024,North,Punjab,Ludhiana,D015,Ludhiana Traders,Distributor,OUT0021,Kirana/General Store,SP018_Rina,Snacks & Confectionery,ChocoNut Bar 40g,346.83,19,6589.77,2,131.8,6457.97,7417.41,Pending,0,0.0,Indirect,Cash
ORD102007,2024-04-11,Apr-2024,Central,Chhattisgarh,Raipur,D009,Raipur Enterprises,Wholesaler,OUT0053,Modern Trade,SP033_Manoj,Home Care,CleanWave Detergent 1kg,106.15,29,3078.35,0,0.0,3078.35,2808.29,Delivered,0,0.0,Direct,Cash
ORD100026,2024-04-11,Apr-2024,North,Punjab,Ludhiana,D015,Ludhiana Traders,Distributor,OUT0020,Wholesale Shop,SP039_Deepak,Dairy & Food Staples,GoldenGrain Atta 5kg,141.37,46,6503.02,0,0.0,6503.02,6361.98,Pending,0,0.0,Direct,Credit
ORD102443,2024-04-11,Apr-2024,Central,Chhattisgarh,Raipur,D005,Raipur Enterprises,Wholesaler,OUT0011,Modern Trade,SP023_Priya,Beverages,MintCool Soda 300ml,293.89,25,7347.25,0,0.0,7347.25,9013.08,Pending,0,0.0,Direct,UPI/Online
ORD102030,2024-04-11,Apr-2024,West,Goa,Panaji,D024,Panaji Marketing,Distributor,OUT0047,Convenience Store,SP011_Ravi,Beverages,FreshSip Cola 500ml,37.96,30,1138.8,8,91.1,1047.7,1257.06,Delivered,0,0.0,Indirect,Cash
ORD102113,2024-04-11,Apr-2024,South,Karnataka,Bengaluru,D002,Bengaluru Marketing,Distributor,OUT0075,Kirana/General Store,SP032_Divya,Home Care,ShineFloor Cleaner 1L,153.49,15,2302.35,0,0.0,2302.35,2062.21,Delivered,0,0.0,Indirect,Cash
ORD101962,2024-04-11,Apr-2024,West,Goa,Panaji,D019,Panaji Traders,Distributor,OUT0026,Supermarket,SP037_Sanjay,Dairy & Food Staples,GoldenGrain Atta 5kg,162.46,9,1462.14,8,116.97,1345.17,1634.15,Delivered,0,0.0,Indirect,Credit
ORD101442,2024-04-11,Apr-2024,North,Delhi,New Delhi,D003,New Delhi Traders,Super Stockist,OUT0122,Modern Trade,SP010_Pooja,Beverages,FreshSip Cola 500ml,134.92,12,1619.04,2,32.38,1586.66,1416.86,Delivered,0,0.0,Direct,UPI/Online
ORD102722,2024-04-11,Apr-2024,West,Gujarat,Surat,D027,Surat Agencies,Wholesaler,OUT0123,Convenience Store,SP001_Rahul,Personal Care,ShinyLocks Shampoo 200ml,194.04,19,3686.76,8,294.94,3391.82,3661.62,Delivered,0,0.0,Direct,Cash
ORD101156,2024-04-11,Apr-2024,East,West Bengal,Kolkata,D006,Kolkata Enterprises,Distributor,OUT0078,Kirana/General Store,SP009_Karan,Beverages,FreshSip Cola 250ml,131.72,70,9220.4,5,461.02,8759.38,10316.54,Delivered,0,0.0,Indirect,Credit
ORD100528,2024-04-11,Apr-2024,East,Odisha,Bhubaneswar,D028,Bhubaneswar Distribution Co,Wholesaler,OUT0156,Modern Trade,SP023_Priya,Snacks & Confectionery,ChocoNut Bar 40g,91.83,19,1744.77,8,139.58,1605.19,1716.54,Delivered,0,0.0,Indirect,Cash
ORD100930,2024-04-11,Apr-2024,North,Punjab,Amritsar,D018,Amritsar Traders,Wholesaler,OUT0192,Supermarket,SP015_Arjun,Personal Care,ShinyLocks Shampoo 200ml,343.86,16,5501.76,2,110.04,5391.72,6709.84,Delivered,0,0.0,Indirect,Credit
ORD103345,2024-04-11,Apr-2024,Central,Madhya Pradesh,Bhopal,D029,Bhopal Distribution Co,Super Stockist,OUT0084,Wholesale Shop,SP028_Neha,Snacks & Confectionery,ChocoNut Bar 40g,26.44,26,687.44,5,34.37,653.07,669.2,Delivered,0,0.0,Indirect,UPI/Online
ORD101246,2024-04-11,Apr-2024,West,Goa,Panaji,D024,Panaji Marketing,Distributor,OUT0073,Wholesale Shop,SP036_Meera,Snacks & Confectionery,CrispBite Chips 100g,106.95,35,3743.25,0,0.0,3743.25,3653.74,Returned,5,534.75,Indirect,Credit
ORD101344,2024-04-11,Apr-2024,Central,Chhattisgarh,Raipur,D011,Raipur Agencies,Super Stockist,OUT0125,Supermarket,SP012_Divya,Snacks & Confectionery,CrispBite Chips 50g,271.03,25,6775.75,0,0.0,6775.75,6112.65,Delivered,0,0.0,Indirect,Cash
ORD101816,2024-04-11,Apr-2024,Central,Chhattisgarh,Raipur,D009,Raipur Enterprises,Wholesaler,OUT0113,Kirana/General Store,SP011_Ravi,Beverages,FreshSip Cola 250ml,169.35,13,2201.55,2,44.03,2157.52,2343.29,Pending,0,0.0,Indirect,Credit
ORD100839,2024-04-11,Apr-2024,South,Telangana,Hyderabad,D012,Hyderabad Traders,Super Stockist,OUT0183,Modern Trade,SP037_Sanjay,Dairy & Food Staples,PureDrop Milk 500ml,22.43,38,852.34,5,42.62,809.72,807.53,Delivered,0,0.0,Indirect,Credit
ORD103932,2024-04-12,Apr-2024,North,Uttar Pradesh,Lucknow,D010,Lucknow Marketing,Distributor,OUT0067,Modern Trade,SP004_Sneha,Dairy & Food Staples,DailyFresh Ghee 500ml,255.64,19,4857.16,2,97.14,4760.02,4615.16,Returned,3,766.92,Indirect,Cash
ORD100511,2024-04-12,Apr-2024,East,Bihar,Patna,D014,Patna Distribution Co,Wholesaler,OUT0088,Wholesale Shop,SP012_Divya,Home Care,ShineFloor Cleaner 1L,249.0,50,12450.0,0,0.0,12450.0,10592.42,Delivered,0,0.0,Direct,UPI/Online
ORD102243,2024-04-12,Apr-2024,Central,Chhattisgarh,Raipur,D022,Raipur Agencies,Super Stockist,OUT0195,Supermarket,SP014_Kavita,Dairy & Food Staples,DailyFresh Ghee 500ml,345.37,23,7943.51,5,397.18,7546.33,8448.12,Delivered,0,0.0,Indirect,UPI/Online
ORD101688,2024-04-12,Apr-2024,North,Punjab,Ludhiana,D015,Ludhiana Traders,Distributor,OUT0051,Supermarket,SP015_Arjun,Personal Care,SilkTouch Lotion 200ml,155.25,22,3415.5,2,68.31,3347.19,2945.56,Delivered,0,0.0,Indirect,Credit
ORD101345,2024-04-12,Apr-2024,Central,Madhya Pradesh,Jabalpur,D030,Jabalpur Distribution Co,Distributor,OUT0016,Wholesale Shop,SP029_Karan,Snacks & Confectionery,CrispBite Chips 100g,122.06,10,1220.6,12,146.47,1074.13,969.0,Delivered,0,0.0,Direct,Credit
ORD103378,2024-04-12,Apr-2024,North,Uttar Pradesh,Lucknow,D008,Lucknow Distribution Co,Distributor,OUT0033,Convenience Store,SP009_Karan,Dairy & Food Staples,SunRice Basmati 1kg,111.15,34,3779.1,0,0.0,3779.1,4336.45,Cancelled,0,0.0,Direct,Cash
ORD100565,2024-04-12,Apr-2024,North,Uttar Pradesh,Lucknow,D008,Lucknow Distribution Co,Distributor,OUT0054,Kirana/General Store,SP009_Karan,Dairy & Food Staples,DailyFresh Ghee 500ml,40.65,13,528.45,8,42.28,486.17,479.88,Delivered,0,0.0,Indirect,UPI/Online
ORD101108,2024-04-12,Apr-2024,Central,Chhattisgarh,Raipur,D021,Raipur Traders,Super Stockist,OUT0126,Convenience Store,SP039_Deepak,Home Care,ShineFloor Cleaner 1L,125.79,20,2515.8,10,251.58,2264.22,2211.92,Delivered,0,0.0,Indirect,UPI/Online
ORD100766,2024-04-12,Apr-2024,South,Karnataka,Bengaluru,D002,Bengaluru Marketing,Distributor,OUT0179,Modern Trade,SP001_Rahul,Dairy & Food Staples,DailyFresh Ghee 500ml,203.33,14,2846.62,10,284.66,2561.96,2682.84,Cancelled,0,0.0,Direct,UPI/Online
ORD101858,2024-04-12,Apr-2024,South,Karnataka,Bengaluru,D002,Bengaluru Marketing,Distributor,OUT0046,Modern Trade,SP006_Anjali,Personal Care,FreshBreath Toothpaste 150g,349.59,24,8390.16,0,0.0,8390.16,10483.04,Pending,0,0.0,Indirect,Credit
ORD101537,2024-04-12,Apr-2024,Central,Madhya Pradesh,Bhopal,D029,Bhopal Distribution Co,Super Stockist,OUT0103,Kirana/General Store,SP032_Divya,Personal Care,GlowSoft Soap 100g,264.73,25,6618.25,0,0.0,6618.25,7934.5,Delivered,0,0.0,Direct,UPI/Online
ORD102004,2024-04-13,Apr-2024,East,West Bengal,Kolkata,D006,Kolkata Enterprises,Distributor,OUT0078,Kirana/General Store,SP014_Kavita,Snacks & Confectionery,SweetPuff Biscuit 100g,30.38,27,820.26,2,16.41,803.85,862.58,Delivered,0,0.0,Indirect,Cash
ORD100476,2024-04-13,Apr-2024,North,Uttar Pradesh,Lucknow,D008,Lucknow Distribution Co,Distributor,OUT0161,Kirana/General Store,SP005_Vikram,Snacks & Confectionery,ChocoNut Bar 40g,79.15,25,1978.75,0,0.0,1978.75,1806.42,Pending,0,0.0,Direct,UPI/Online
ORD102300,2024-04-13,Apr-2024,North,Uttar Pradesh,Lucknow,D008,Lucknow Distribution Co,Distributor,OUT0038,Modern Trade,SP001_Rahul,Personal Care,ShinyLocks Shampoo 200ml,321.89,18,5794.02,0,0.0,5794.02,5017.46,Delivered,0,0.0,Indirect,Credit
ORD103845,2024-04-13,Apr-2024,North,Punjab,Amritsar,D018,Amritsar Traders,Wholesaler,OUT0198,Kirana/General Store,SP023_Priya,Beverages,FreshSip Cola 500ml,240.7,10,2407.0,0,0.0,2407.0,2207.28,Delivered,0,0.0,Indirect,UPI/Online
ORD103770,2024-04-13,Apr-2024,East,Bihar,Patna,D014,Patna Distribution Co,Wholesaler,OUT0052,Supermarket,SP002_Amit,Dairy & Food Staples,SunRice Basmati 1kg,66.63,26,1732.38,0,0.0,1732.38,1514.05,Delivered,0,0.0,Indirect,Credit
ORD101616,2024-04-13,Apr-2024,East,Odisha,Bhubaneswar,D007,Bhubaneswar Distribution Co,Super Stockist,OUT0200,Modern Trade,SP011_Ravi,Home Care,SparkleShine Dishwash 500ml,44.08,21,925.68,5,46.28,879.4,1096.96,Delivered,0,0.0,Direct,Credit
ORD101191,2024-04-13,Apr-2024,East,Odisha,Bhubaneswar,D007,Bhubaneswar Distribution Co,Super Stockist,OUT0062,Modern Trade,SP025_Vikram,Dairy & Food Staples,GoldenGrain Atta 5kg,219.32,9,1973.88,12,236.87,1737.01,1757.65,Delivered,0,0.0,Indirect,UPI/Online
ORD103077,2024-04-13,Apr-2024,Central,Madhya Pradesh,Jabalpur,D004,Jabalpur Traders,Wholesaler,OUT0099,Kirana/General Store,SP017_Sanjay,Personal Care,SilkTouch Lotion 200ml,301.2,32,9638.4,5,481.92,9156.48,9174.45,Delivered,0,0.0,Indirect,Cash
ORD101689,2024-04-13,Apr-2024,Central,Chhattisgarh,Raipur,D011,Raipur Agencies,Super Stockist,OUT0190,Modern Trade,SP006_Anjali,Snacks & Confectionery,SweetPuff Biscuit 100g,315.56,25,7889.0,0,0.0,7889.0,8680.57,Delivered,0,0.0,Indirect,Cash
ORD103301,2024-04-13,Apr-2024,South,Karnataka,Mysuru,D017,Mysuru Enterprises,Distributor,OUT0079,Kirana/General Store,SP036_Meera,Snacks & Confectionery,CrispBite Chips 50g,92.2,30,2766.0,5,138.3,2627.7,3215.15,Delivered,0,0.0,Indirect,Cash
ORD103760,2024-04-13,Apr-2024,Central,Chhattisgarh,Raipur,D005,Raipur Enterprises,Wholesaler,OUT0102,Convenience Store,SP037_Sanjay,Beverages,FreshSip Cola 250ml,257.1,14,3599.4,0,0.0,3599.4,4461.47,Delivered,0,0.0,Indirect,Cash
ORD100786,2024-04-14,Apr-2024,Central,Madhya Pradesh,Jabalpur,D025,Jabalpur Agencies,Wholesaler,OUT0017,Supermarket,SP021_Rahul,Snacks & Confectionery,SweetPuff Biscuit 100g,264.72,38,10059.36,2,201.19,9858.17,9034.93,Delivered,0,0.0,Indirect,Credit
ORD101403,2024-04-14,Apr-2024,West,Rajasthan,Jodhpur,D013,Jodhpur Distribution Co,Super Stockist,OUT0019,Convenience Store,SP033_Manoj,Personal Care,ShinyLocks Shampoo 200ml,175.68,17,2986.56,5,149.33,2837.23,3169.96,Delivered,0,0.0,Indirect,UPI/Online
ORD100399,2024-04-14,Apr-2024,East,Odisha,Bhubaneswar,D007,Bhubaneswar Distribution Co,Super Stockist,OUT0040,Kirana/General Store,SP005_Vikram,Dairy & Food Staples,DailyFresh Ghee 500ml,56.06,18,1009.08,2,20.18,988.9,1193.84,Pending,0,0.0,Direct,UPI/Online
ORD100643,2024-04-14,Apr-2024,East,West Bengal,Kolkata,D006,Kolkata Enterprises,Distributor,OUT0106,Modern Trade,SP036_Meera,Dairy & Food Staples,SunRice Basmati 1kg,99.38,18,1788.84,8,143.11,1645.73,1941.53,Delivered,0,0.0,Direct,UPI/Online
ORD102320,2024-04-14,Apr-2024,East,Odisha,Bhubaneswar,D007,Bhubaneswar Distribution Co,Super Stockist,OUT0119,Convenience Store,SP019_Deepak,Dairy & Food Staples,GoldenGrain Atta 5kg,228.25,19,4336.75,5,216.84,4119.91,4888.37,Delivered,0,0.0,Direct,UPI/Online
ORD101322,2024-04-14,Apr-2024,West,Rajasthan,Jaipur,D016,Jaipur Distribution Co,Super Stockist,OUT0061,Modern Trade,SP020_Shreya,Dairy & Food Staples,PureDrop Milk 500ml,213.97,19,4065.43,0,0.0,4065.43,5032.09,Delivered,0,0.0,Indirect,Credit
ORD101196,2024-04-14,Apr-2024,West,Goa,Panaji,D019,Panaji Traders,Distributor,OUT0037,Modern Trade,SP028_Neha,Personal Care,ShinyLocks Shampoo 200ml,153.2,13,1991.6,5,99.58,1892.02,1690.98,Delivered,0,0.0,Indirect,UPI/Online
ORD101700,2024-04-14,Apr-2024,Central,Chhattisgarh,Raipur,D022,Raipur Agencies,Super Stockist,OUT0141,Kirana/General Store,SP037_Sanjay,Personal Care,GlowSoft Soap 100g,175.27,63,11042.01,0,0.0,11042.01,12497.73,Delivered,0,0.0,Direct,Cash
ORD103241,2024-04-14,Apr-2024,Central,Madhya Pradesh,Jabalpur,D025,Jabalpur Agencies,Wholesaler,OUT0010,Supermarket,SP002_Amit,Personal Care,ShinyLocks Shampoo 200ml,135.2,20,2704.0,5,135.2,2568.8,2621.68,Delivered,0,0.0,Indirect,UPI/Online
ORD101282,2024-04-15,Apr-2024,Central,Chhattisgarh,Raipur,D022,Raipur Agencies,Super Stockist,OUT0034,Modern Trade,SP031_Ravi,Snacks & Confectionery,ChocoNut Bar 40g,297.8,49,14592.2,2,291.84,14300.36,14478.15,Delivered,0,0.0,Indirect,UPI/Online
ORD102268,2024-04-15,Apr-2024,East,Odisha,Bhubaneswar,D007,Bhubaneswar Distribution Co,Super Stockist,OUT0178,Convenience Store,SP033_Manoj,Home Care,CleanWave Detergent 1kg,83.67,15,1255.05,8,100.4,1154.65,1393.99,Delivered,0,0.0,Indirect,Cash
ORD103935,2024-04-15,Apr-2024,East,Odisha,Bhubaneswar,D007,Bhubaneswar Distribution Co,Super Stockist,OUT0140,Supermarket,SP007_Suresh,Home Care,CleanWave Detergent 1kg,85.88,17,1459.96,2,29.2,1430.76,1659.34,Delivered,0,0.0,Direct,Credit
ORD103837,2024-04-16,Apr-2024,South,Karnataka,Mysuru,D017,Mysuru Enterprises,Distributor,OUT0077,Wholesale Shop,SP017_Sanjay,Personal Care,SilkTouch Lotion 200ml,229.69,24,5512.56,10,551.26,4961.3,4906.67,Delivered,0,0.0,Indirect,UPI/Online
ORD101135,2024-04-16,Apr-2024,West,Goa,Panaji,D024,Panaji Marketing,Distributor,OUT0073,Wholesale Shop,SP011_Ravi,Beverages,MintCool Soda 300ml,98.09,8,784.72,0,0.0,784.72,943.7,Delivered,0,0.0,Direct,Cash
ORD100313,2024-04-16,Apr-2024,Central,Chhattisgarh,Raipur,D026,Raipur Agencies,Distributor,OUT0151,Modern Trade,SP011_Ravi,Snacks & Confectionery,SweetPuff Biscuit 100g,80.88,8,647.04,0,0.0,647.04,620.66,Pending,0,0.0,Indirect,Credit
ORD102685,2024-04-16,Apr-2024,Central,Madhya Pradesh,Jabalpur,D030,Jabalpur Distribution Co,Distributor,OUT0002,Convenience Store,SP014_Kavita,Personal Care,FreshBreath Toothpaste 150g,198.01,28,5544.28,0,0.0,5544.28,6068.44,Delivered,0,0.0,Indirect,UPI/Online
ORD103012,2024-04-16,Apr-2024,South,Karnataka,Bengaluru,D002,Bengaluru Marketing,Distributor,OUT0072,Wholesale Shop,SP024_Sneha,Snacks & Confectionery,CrispBite Chips 50g,271.12,54,14640.48,10,1464.05,13176.43,13558.55,Delivered,0,0.0,Direct,Credit
ORD102535,2024-04-16,Apr-2024,East,Odisha,Bhubaneswar,D007,Bhubaneswar Distribution Co,Super Stockist,OUT0062,Modern Trade,SP040_Shreya,Home Care,ShineFloor Cleaner 1L,274.76,15,4121.4,0,0.0,4121.4,4029.99,Delivered,0,0.0,Indirect,Cash
ORD103952,2024-04-16,Apr-2024,Central,Chhattisgarh,Raipur,D022,Raipur Agencies,Super Stockist,OUT0094,Convenience Store,SP029_Karan,Personal Care,FreshBreath Toothpaste 150g,339.58,50,16979.0,0,0.0,16979.0,15324.67,Delivered,0,0.0,Indirect,Cash
ORD103266,2024-04-17,Apr-2024,Central,Chhattisgarh,Raipur,D005,Raipur Enterprises,Wholesaler,OUT0136,Kirana/General Store,SP008_Neha,Dairy & Food Staples,DailyFresh Ghee 500ml,35.02,46,1610.92,8,128.87,1482.05,1600.59,Delivered,0,0.0,Indirect,UPI/Online
ORD101204,2024-04-17,Apr-2024,East,Odisha,Bhubaneswar,D007,Bhubaneswar Distribution Co,Super Stockist,OUT0118,Convenience Store,SP009_Karan,Dairy & Food Staples,DailyFresh Ghee 500ml,280.38,10,2803.8,0,0.0,2803.8,3045.95,Delivered,0,0.0,Direct,UPI/Online
ORD101212,2024-04-17,Apr-2024,Central,Madhya Pradesh,Jabalpur,D030,Jabalpur Distribution Co,Distributor,OUT0002,Convenience Store,SP037_Sanjay,Snacks & Confectionery,SweetPuff Biscuit 100g,157.76,24,3786.24,0,0.0,3786.24,4316.18,Pending,0,0.0,Direct,Credit
ORD102185,2024-04-17,Apr-2024,Central,Chhattisgarh,Raipur,D009,Raipur Enterprises,Wholesaler,OUT0013,Wholesale Shop,SP013_Manoj,Beverages,MintCool Soda 300ml,46.0,12,552.0,0,0.0,552.0,541.65,Delivered,0,0.0,Direct,UPI/Online
ORD101249,2024-04-17,Apr-2024,South,Karnataka,Mysuru,D017,Mysuru Enterprises,Distributor,OUT0079,Kirana/General Store,SP011_Ravi,Home Care,SparkleShine Dishwash 500ml,103.65,5,518.25,2,10.36,507.89,523.46,Delivered,0,0.0,Direct,Credit
ORD100763,2024-04-17,Apr-2024,Central,Chhattisgarh,Raipur,D011,Raipur Agencies,Super Stockist,OUT0190,Modern Trade,SP017_Sanjay,Dairy & Food Staples,GoldenGrain Atta 5kg,347.4,26,9032.4,0,0.0,9032.4,8926.11,Delivered,0,0.0,Direct,UPI/Online
ORD103719,2024-04-17,Apr-2024,Central,Madhya Pradesh,Jabalpur,D030,Jabalpur Distribution Co,Distributor,OUT0145,Supermarket,SP036_Meera,Home Care,PureAir Freshener 250ml,270.32,20,5406.4,0,0.0,5406.4,4735.03,Delivered,0,0.0,Direct,Cash
ORD100367,2024-04-17,Apr-2024,Central,Chhattisgarh,Raipur,D022,Raipur Agencies,Super Stockist,OUT0189,Modern Trade,SP028_Neha,Dairy & Food Staples,DailyFresh Ghee 500ml,151.01,15,2265.15,5,113.26,2151.89,2126.26,Delivered,0,0.0,Indirect,UPI/Online
ORD102275,2024-04-17,Apr-2024,Central,Madhya Pradesh,Bhopal,D029,Bhopal Distribution Co,Super Stockist,OUT0139,Convenience Store,SP019_Deepak,Beverages,FreshSip Cola 500ml,36.12,10,361.2,0,0.0,361.2,310.22,Delivered,0,0.0,Direct,Cash
ORD101576,2024-04-17,Apr-2024,South,Karnataka,Mysuru,D017,Mysuru Enterprises,Distributor,OUT0176,Kirana/General Store,SP029_Karan,Home Care,ShineFloor Cleaner 1L,161.18,15,2417.7,0,0.0,2417.7,2634.42,Delivered,0,0.0,Indirect,UPI/Online
ORD101551,2024-04-17,Apr-2024,North,Uttar Pradesh,Lucknow,D008,Lucknow Distribution Co,Distributor,OUT0049,Supermarket,SP002_Amit,Dairy & Food Staples,PureDrop Milk 500ml,203.12,40,8124.8,10,812.48,7312.32,6877.76,Delivered,0,0.0,Direct,Credit
ORD103933,2024-04-17,Apr-2024,North,Delhi,New Delhi,D003,New Delhi Traders,Super Stockist,OUT0082,Supermarket,SP031_Ravi,Snacks & Confectionery,CrispBite Chips 50g,22.37,25,559.25,0,0.0,559.25,631.57,Delivered,0,0.0,Indirect,UPI/Online
ORD101941,2024-04-17,Apr-2024,South,Tamil Nadu,Coimbatore,D023,Coimbatore Marketing,Super Stockist,OUT0068,Wholesale Shop,SP030_Pooja,Beverages,OrangeZest Juice 1L,156.43,73,11419.39,5,570.97,10848.42,11885.72,Delivered,0,0.0,Indirect,Cash
ORD101001,2024-04-17,Apr-2024,Central,Chhattisgarh,Raipur,D022,Raipur Agencies,Super Stockist,OUT0034,Modern Trade,SP005_Vikram,Beverages,MintCool Soda 300ml,77.41,27,2090.07,0,0.0,2090.07,2236.27,Delivered,0,0.0,Indirect,Cash
ORD103463,2024-04-17,Apr-2024,Central,Madhya Pradesh,Bhopal,D029,Bhopal Distribution Co,Super Stockist,OUT0104,Supermarket,SP004_Sneha,Snacks & Confectionery,SweetPuff Biscuit 100g,349.56,15,5243.4,0,0.0,5243.4,5554.32,Delivered,0,0.0,Indirect,Cash
ORD101068,2024-04-17,Apr-2024,South,Telangana,Hyderabad,D012,Hyderabad Traders,Super Stockist,OUT0042,Modern Trade,SP027_Suresh,Home Care,PureAir Freshener 250ml,63.46,27,1713.42,5,85.67,1627.75,1810.34,Delivered,0,0.0,Indirect,UPI/Online
ORD100927,2024-04-17,Apr-2024,Central,Madhya Pradesh,Bhopal,D029,Bhopal Distribution Co,Super Stockist,OUT0112,Supermarket,SP003_Priya,Personal Care,FreshBreath Toothpaste 150g,108.98,14,1525.72,12,183.09,1342.63,1411.31,Cancelled,0,0.0,Indirect,Credit
ORD101538,2024-04-18,Apr-2024,North,Delhi,New Delhi,D001,New Delhi Traders,Super Stockist,OUT0180,Wholesale Shop,SP035_Arjun,Home Care,CleanWave Detergent 1kg,35.7,11,392.7,0,0.0,392.7,378.75,Delivered,0,0.0,Direct,Cash
ORD101541,2024-04-18,Apr-2024,North,Delhi,New Delhi,D003,New Delhi Traders,Super Stockist,OUT0006,Kirana/General Store,SP006_Anjali,Home Care,PureAir Freshener 250ml,195.15,22,4293.3,0,0.0,4293.3,3927.33,Delivered,0,0.0,Direct,Cash
ORD100624,2024-04-18,Apr-2024,Central,Chhattisgarh,Raipur,D026,Raipur Agencies,Distributor,OUT0039,Modern Trade,SP008_Neha,Snacks & Confectionery,CrispBite Chips 100g,162.33,33,5356.89,8,428.55,4928.34,5202.54,Delivered,0,0.0,Direct,UPI/Online
ORD102441,2024-04-18,Apr-2024,East,Bihar,Patna,D014,Patna Distribution Co,Wholesaler,OUT0043,Modern Trade,SP005_Vikram,Snacks & Confectionery,SweetPuff Biscuit 100g,65.01,20,1300.2,0,0.0,1300.2,1458.49,Delivered,0,0.0,Indirect,UPI/Online
ORD103278,2024-04-18,Apr-2024,South,Telangana,Hyderabad,D012,Hyderabad Traders,Super Stockist,OUT0183,Modern Trade,SP034_Kavita,Home Care,SparkleShine Dishwash 500ml,135.88,29,3940.52,0,0.0,3940.52,3902.62,Delivered,0,0.0,Indirect,Credit
ORD102464,2024-04-18,Apr-2024,North,Uttar Pradesh,Lucknow,D008,Lucknow Distribution Co,Distributor,OUT0157,Supermarket,SP023_Priya,Home Care,SparkleShine Dishwash 500ml,315.01,18,5670.18,0,0.0,5670.18,5871.63,Delivered,0,0.0,Indirect,Credit
ORD101948,2024-04-18,Apr-2024,West,Goa,Panaji,D024,Panaji Marketing,Distributor,OUT0150,Convenience Store,SP033_Manoj,Personal Care,ShinyLocks Shampoo 200ml,130.71,23,3006.33,5,150.32,2856.01,2554.77,Returned,5,653.55,Direct,Credit
ORD103429,2024-04-18,Apr-2024,North,Delhi,New Delhi,D001,New Delhi Traders,Super Stockist,OUT0180,Wholesale Shop,SP035_Arjun,Beverages,FreshSip Cola 500ml,342.16,28,9580.48,0,0.0,9580.48,10019.86,Pending,0,0.0,Indirect,Credit
ORD102419,2024-04-18,Apr-2024,North,Uttar Pradesh,Lucknow,D008,Lucknow Distribution Co,Distributor,OUT0038,Modern Trade,SP038_Rina,Personal Care,FreshBreath Toothpaste 150g,52.21,23,1200.83,2,24.02,1176.81,1442.24,Pending,0,0.0,Indirect,UPI/Online
ORD100600,2024-04-18,Apr-2024,East,West Bengal,Kolkata,D006,Kolkata Enterprises,Distributor,OUT0106,Modern Trade,SP040_Shreya,Dairy & Food Staples,GoldenGrain Atta 5kg,123.58,10,1235.8,0,0.0,1235.8,1262.97,Delivered,0,0.0,Direct,Cash
ORD100201,2024-04-19,Apr-2024,North,Uttar Pradesh,Lucknow,D008,Lucknow Distribution Co,Distributor,OUT0157,Supermarket,SP005_Vikram,Personal Care,SilkTouch Lotion 200ml,212.05,13,2756.65,8,220.53,2536.12,2617.5,Delivered,0,0.0,Direct,Cash
ORD101166,2024-04-19,Apr-2024,West,Goa,Panaji,D024,Panaji Marketing,Distributor,OUT0115,Wholesale Shop,SP038_Rina,Beverages,OrangeZest Juice 1L,73.04,4,292.16,0,0.0,292.16,280.44,Delivered,0,0.0,Indirect,Credit
ORD102736,2024-04-19,Apr-2024,North,Delhi,New Delhi,D003,New Delhi Traders,Super Stockist,OUT0184,Convenience Store,SP038_Rina,Dairy & Food Staples,DailyFresh Ghee 500ml,225.28,25,5632.0,0,0.0,5632.0,6170.44,Pending,0,0.0,Direct,UPI/Online
ORD103889,2024-04-19,Apr-2024,Central,Madhya Pradesh,Jabalpur,D004,Jabalpur Traders,Wholesaler,OUT0041,Modern Trade,SP019_Deepak,Snacks & Confectionery,ChocoNut Bar 40g,229.92,11,2529.12,5,126.46,2402.66,2961.5,Pending,0,0.0,Direct,Credit
ORD100388,2024-04-19,Apr-2024,North,Uttar Pradesh,Lucknow,D008,Lucknow Distribution Co,Distributor,OUT0161,Kirana/General Store,SP014_Kavita,Snacks & Confectionery,SweetPuff Biscuit 100g,337.17,7,2360.19,2,47.2,2312.99,2478.33,Delivered,0,0.0,Indirect,Credit
ORD102544,2024-04-19,Apr-2024,North,Delhi,New Delhi,D001,New Delhi Traders,Super Stockist,OUT0027,Kirana/General Store,SP025_Vikram,Personal Care,FreshBreath Toothpaste 150g,175.85,20,3517.0,2,70.34,3446.66,2991.23,Delivered,0,0.0,Direct,Cash
ORD102671,2024-04-19,Apr-2024,South,Tamil Nadu,Coimbatore,D023,Coimbatore Marketing,Super Stockist,OUT0108,Convenience Store,SP021_Rahul,Home Care,CleanWave Detergent 1kg,198.45,35,6945.75,10,694.58,6251.17,6411.38,Returned,4,793.8,Indirect,Credit
ORD102304,2024-04-19,Apr-2024,West,Goa,Panaji,D019,Panaji Traders,Distributor,OUT0026,Supermarket,SP035_Arjun,Snacks & Confectionery,SweetPuff Biscuit 100g,30.84,38,1171.92,10,117.19,1054.73,1290.63,Delivered,0,0.0,Indirect,UPI/Online
ORD102119,2024-04-19,Apr-2024,West,Goa,Panaji,D019,Panaji Traders,Distributor,OUT0026,Supermarket,SP021_Rahul,Home Care,SparkleShine Dishwash 500ml,117.68,6,706.08,12,84.73,621.35,605.5,Delivered,0,0.0,Indirect,UPI/Online
ORD100740,2024-04-19,Apr-2024,North,Delhi,New Delhi,D001,New Delhi Traders,Super Stockist,OUT0097,Modern Trade,SP029_Karan,Dairy & Food Staples,DailyFresh Ghee 500ml,302.89,15,4543.35,10,454.34,4089.01,4018.05,Delivered,0,0.0,Direct,Credit
ORD103331,2024-04-19,Apr-2024,Central,Chhattisgarh,Raipur,D026,Raipur Agencies,Distributor,OUT0151,Modern Trade,SP002_Amit,Personal Care,GlowSoft Soap 100g,66.56,25,1664.0,8,133.12,1530.88,1711.03,Delivered,0,0.0,Direct,UPI/Online
ORD101011,2024-04-19,Apr-2024,North,Punjab,Amritsar,D018,Amritsar Traders,Wholesaler,OUT0132,Kirana/General Store,SP008_Neha,Snacks & Confectionery,SweetPuff Biscuit 100g,193.0,12,2316.0,0,0.0,2316.0,2833.31,Delivered,0,0.0,Direct,Credit
ORD101971,2024-04-19,Apr-2024,South,Karnataka,Mysuru,D017,Mysuru Enterprises,Distributor,OUT0079,Kirana/General Store,SP031_Ravi,Dairy & Food Staples,DailyFresh Ghee 500ml,317.29,19,6028.51,5,301.43,5727.08,5989.52,Delivered,0,0.0,Direct,UPI/Online
ORD102713,2024-04-19,Apr-2024,Central,Chhattisgarh,Raipur,D021,Raipur Traders,Super Stockist,OUT0126,Convenience Store,SP034_Kavita,Personal Care,ShinyLocks Shampoo 200ml,288.11,51,14693.61,5,734.68,13958.93,13841.65,Pending,0,0.0,Indirect,UPI/Online
ORD101082,2024-04-20,Apr-2024,West,Goa,Panaji,D024,Panaji Marketing,Distributor,OUT0073,Wholesale Shop,SP002_Amit,Snacks & Confectionery,SweetPuff Biscuit 100g,112.55,18,2025.9,8,162.07,1863.83,2311.21,Cancelled,0,0.0,Direct,Cash
ORD103122,2024-04-20,Apr-2024,Central,Chhattisgarh,Raipur,D005,Raipur Enterprises,Wholesaler,OUT0070,Supermarket,SP030_Pooja,Snacks & Confectionery,CrispBite Chips 50g,295.07,37,10917.59,0,0.0,10917.59,11386.44,Delivered,0,0.0,Direct,Credit
ORD103317,2024-04-20,Apr-2024,Central,Chhattisgarh,Raipur,D009,Raipur Enterprises,Wholesaler,OUT0013,Wholesale Shop,SP029_Karan,Home Care,CleanWave Detergent 1kg,78.06,20,1561.2,8,124.9,1436.3,1348.42,Delivered,0,0.0,Direct,Credit
ORD102601,2024-04-20,Apr-2024,North,Uttar Pradesh,Lucknow,D008,Lucknow Distribution Co,Distributor,OUT0004,Kirana/General Store,SP010_Pooja,Dairy & Food Staples,SunRice Basmati 1kg,143.64,38,5458.32,2,109.17,5349.15,5091.02,Delivered,0,0.0,Indirect,Cash
ORD100177,2024-04-20,Apr-2024,Central,Chhattisgarh,Raipur,D026,Raipur Agencies,Distributor,OUT0039,Modern Trade,SP016_Meera,Dairy & Food Staples,SunRice Basmati 1kg,94.07,10,940.7,2,18.81,921.89,997.52,Delivered,0,0.0,Direct,Credit
ORD100938,2024-04-20,Apr-2024,Central,Chhattisgarh,Raipur,D026,Raipur Agencies,Distributor,OUT0152,Supermarket,SP028_Neha,Home Care,ShineFloor Cleaner 1L,271.58,22,5974.76,0,0.0,5974.76,6480.47,Delivered,0,0.0,Direct,UPI/Online
ORD102285,2024-04-20,Apr-2024,West,Gujarat,Surat,D027,Surat Agencies,Wholesaler,OUT0158,Modern Trade,SP038_Rina,Home Care,CleanWave Detergent 1kg,31.76,22,698.72,5,34.94,663.78,603.81,Delivered,0,0.0,Direct,Cash
ORD100679,2024-04-20,Apr-2024,Central,Chhattisgarh,Raipur,D009,Raipur Enterprises,Wholesaler,OUT0066,Modern Trade,SP017_Sanjay,Home Care,CleanWave Detergent 1kg,150.66,20,3013.2,2,60.26,2952.94,3614.08,Delivered,0,0.0,Indirect,Credit
ORD101980,2024-04-20,Apr-2024,South,Telangana,Hyderabad,D012,Hyderabad Traders,Super Stockist,OUT0159,Convenience Store,SP005_Vikram,Dairy & Food Staples,SunRice Basmati 1kg,222.76,31,6905.56,0,0.0,6905.56,5886.54,Delivered,0,0.0,Indirect,Cash
ORD102090,2024-04-20,Apr-2024,East,West Bengal,Kolkata,D006,Kolkata Enterprises,Distributor,OUT0170,Wholesale Shop,SP020_Shreya,Home Care,PureAir Freshener 250ml,235.75,13,3064.75,0,0.0,3064.75,3762.69,Delivered,0,0.0,Indirect,UPI/Online
ORD101174,2024-04-20,Apr-2024,West,Goa,Panaji,D024,Panaji Marketing,Distributor,OUT0047,Convenience Store,SP005_Vikram,Home Care,CleanWave Detergent 1kg,253.19,20,5063.8,2,101.28,4962.52,4552.5,Delivered,0,0.0,Direct,Credit
ORD101831,2024-04-20,Apr-2024,North,Delhi,New Delhi,D001,New Delhi Traders,Super Stockist,OUT0024,Wholesale Shop,SP001_Rahul,Dairy & Food Staples,GoldenGrain Atta 5kg,330.3,14,4624.2,2,92.48,4531.72,3948.65,Delivered,0,0.0,Direct,Credit
ORD103000,2024-04-20,Apr-2024,East,West Bengal,Kolkata,D006,Kolkata Enterprises,Distributor,OUT0106,Modern Trade,SP021_Rahul,Snacks & Confectionery,ChocoNut Bar 40g,161.54,12,1938.48,5,96.92,1841.56,1675.58,Delivered,0,0.0,Indirect,UPI/Online
ORD100134,2024-04-20,Apr-2024,Central,Chhattisgarh,Raipur,D022,Raipur Agencies,Super Stockist,OUT0194,Modern Trade,SP019_Deepak,Dairy & Food Staples,PureDrop Milk 500ml,211.59,11,2327.49,0,0.0,2327.49,2057.83,Delivered,0,0.0,Direct,Cash
ORD102151,2024-04-21,Apr-2024,South,Telangana,Hyderabad,D012,Hyderabad Traders,Super Stockist,OUT0183,Modern Trade,SP040_Shreya,Snacks & Confectionery,CrispBite Chips 100g,295.3,18,5315.4,0,0.0,5315.4,4984.11,Cancelled,0,0.0,Indirect,UPI/Online
ORD103945,2024-04-21,Apr-2024,North,Uttar Pradesh,Lucknow,D008,Lucknow Distribution Co,Distributor,OUT0085,Wholesale Shop,SP012_Divya,Beverages,MintCool Soda 300ml,29.02,17,493.34,0,0.0,493.34,597.23,Cancelled,0,0.0,Indirect,Credit
ORD102691,2024-04-21,Apr-2024,Central,Chhattisgarh,Raipur,D022,Raipur Agencies,Super Stockist,OUT0045,Kirana/General Store,SP005_Vikram,Dairy & Food Staples,PureDrop Milk 500ml,262.33,16,4197.28,0,0.0,4197.28,3673.84,Delivered,0,0.0,Indirect,Cash
ORD100801,2024-04-21,Apr-2024,Central,Chhattisgarh,Raipur,D026,Raipur Agencies,Distributor,OUT0151,Modern Trade,SP039_Deepak,Home Care,ShineFloor Cleaner 1L,217.11,25,5427.75,2,108.56,5319.19,5244.73,Pending,0,0.0,Indirect,Cash
ORD103280,2024-04-21,Apr-2024,West,Rajasthan,Jodhpur,D013,Jodhpur Distribution Co,Super Stockist,OUT0177,Wholesale Shop,SP023_Priya,Personal Care,SilkTouch Lotion 200ml,249.56,19,4741.64,5,237.08,4504.56,4204.14,Delivered,0,0.0,Indirect,Cash
ORD100943,2024-04-21,Apr-2024,Central,Chhattisgarh,Raipur,D022,Raipur Agencies,Super Stockist,OUT0034,Modern Trade,SP002_Amit,Personal Care,FreshBreath Toothpaste 150g,178.46,15,2676.9,2,53.54,2623.36,2845.02,Delivered,0,0.0,Direct,Cash
ORD103857,2024-04-21,Apr-2024,South,Tamil Nadu,Coimbatore,D023,Coimbatore Marketing,Super Stockist,OUT0018,Convenience Store,SP025_Vikram,Dairy & Food Staples,DailyFresh Ghee 500ml,240.33,36,8651.88,2,173.04,8478.84,7526.47,Delivered,0,0.0,Indirect,UPI/Online
ORD100290,2024-04-21,Apr-2024,West,Gujarat,Surat,D027,Surat Agencies,Wholesaler,OUT0123,Convenience Store,SP014_Kavita,Snacks & Confectionery,ChocoNut Bar 40g,275.63,44,12127.72,2,242.55,11885.17,14706.66,Delivered,0,0.0,Direct,Cash
ORD100006,2024-04-22,Apr-2024,South,Karnataka,Bengaluru,D002,Bengaluru Marketing,Distributor,OUT0046,Modern Trade,SP008_Neha,Dairy & Food Staples,SunRice Basmati 1kg,245.8,11,2703.8,0,0.0,2703.8,2578.11,Cancelled,0,0.0,Direct,Cash
ORD100443,2024-04-22,Apr-2024,Central,Madhya Pradesh,Bhopal,D029,Bhopal Distribution Co,Super Stockist,OUT0148,Modern Trade,SP012_Divya,Home Care,PureAir Freshener 250ml,298.4,21,6266.4,8,501.31,5765.09,5458.33,Pending,0,0.0,Indirect,Cash
ORD101133,2024-04-22,Apr-2024,Central,Chhattisgarh,Raipur,D026,Raipur Agencies,Distributor,OUT0151,Modern Trade,SP025_Vikram,Personal Care,SilkTouch Lotion 200ml,233.87,7,1637.09,0,0.0,1637.09,1842.89,Cancelled,0,0.0,Direct,Credit
ORD103117,2024-04-22,Apr-2024,North,Punjab,Ludhiana,D015,Ludhiana Traders,Distributor,OUT0051,Supermarket,SP008_Neha,Personal Care,SilkTouch Lotion 200ml,219.93,36,7917.48,8,633.4,7284.08,7020.59,Delivered,0,0.0,Indirect,Cash
ORD102390,2024-04-22,Apr-2024,East,West Bengal,Kolkata,D006,Kolkata Enterprises,Distributor,OUT0064,Modern Trade,SP035_Arjun,Home Care,SparkleShine Dishwash 500ml,306.72,37,11348.64,0,0.0,11348.64,12901.03,Delivered,0,0.0,Indirect,UPI/Online
ORD103055,2024-04-22,Apr-2024,North,Uttar Pradesh,Lucknow,D010,Lucknow Marketing,Distributor,OUT0199,Convenience Store,SP019_Deepak,Home Care,SparkleShine Dishwash 500ml,187.42,44,8246.48,0,0.0,8246.48,9493.63,Returned,7,1311.94,Indirect,UPI/Online
ORD101651,2024-04-22,Apr-2024,Central,Madhya Pradesh,Jabalpur,D025,Jabalpur Agencies,Wholesaler,OUT0009,Wholesale Shop,SP025_Vikram,Home Care,PureAir Freshener 250ml,252.58,11,2778.38,2,55.57,2722.81,3324.47,Delivered,0,0.0,Direct,UPI/Online
ORD102519,2024-04-22,Apr-2024,South,Karnataka,Bengaluru,D002,Bengaluru Marketing,Distributor,OUT0179,Modern Trade,SP028_Neha,Beverages,FreshSip Cola 500ml,238.5,31,7393.5,10,739.35,6654.15,6431.64,Delivered,0,0.0,Indirect,Cash
ORD100447,2024-04-22,Apr-2024,North,Delhi,New Delhi,D003,New Delhi Traders,Super Stockist,OUT0006,Kirana/General Store,SP013_Manoj,Dairy & Food Staples,SunRice Basmati 1kg,257.05,30,7711.5,5,385.58,7325.92,6703.8,Delivered,0,0.0,Direct,UPI/Online
ORD101784,2024-04-22,Apr-2024,North,Uttar Pradesh,Lucknow,D008,Lucknow Distribution Co,Distributor,OUT0029,Kirana/General Store,SP016_Meera,Personal Care,SilkTouch Lotion 200ml,127.94,16,2047.04,10,204.7,1842.34,1853.12,Delivered,0,0.0,Indirect,Credit
ORD103797,2024-04-22,Apr-2024,Central,Chhattisgarh,Raipur,D011,Raipur Agencies,Super Stockist,OUT0168,Kirana/General Store,SP038_Rina,Home Care,CleanWave Detergent 1kg,191.71,9,1725.39,0,0.0,1725.39,1526.39,Delivered,0,0.0,Indirect,UPI/Online
ORD102982,2024-04-22,Apr-2024,Central,Chhattisgarh,Raipur,D022,Raipur Agencies,Super Stockist,OUT0034,Modern Trade,SP007_Suresh,Snacks & Confectionery,SweetPuff Biscuit 100g,316.95,3,950.85,2,19.02,931.83,1074.34,Delivered,0,0.0,Indirect,Cash
ORD100974,2024-04-22,Apr-2024,West,Goa,Panaji,D024,Panaji Marketing,Distributor,OUT0115,Wholesale Shop,SP013_Manoj,Personal Care,GlowSoft Soap 100g,270.64,32,8660.48,2,173.21,8487.27,8364.15,Delivered,0,0.0,Direct,UPI/Online
ORD100136,2024-04-22,Apr-2024,Central,Chhattisgarh,Raipur,D005,Raipur Enterprises,Wholesaler,OUT0102,Convenience Store,SP014_Kavita,Dairy & Food Staples,PureDrop Milk 500ml,89.27,20,1785.4,0,0.0,1785.4,1920.98,Delivered,0,0.0,Direct,Credit
ORD100037,2024-04-23,Apr-2024,Central,Madhya Pradesh,Bhopal,D029,Bhopal Distribution Co,Super Stockist,OUT0104,Supermarket,SP031_Ravi,Snacks & Confectionery,ChocoNut Bar 40g,228.28,13,2967.64,2,59.35,2908.29,3045.0,Delivered,0,0.0,Indirect,Credit
ORD100144,2024-04-23,Apr-2024,South,Tamil Nadu,Coimbatore,D020,Coimbatore Marketing,Distributor,OUT0086,Kirana/General Store,SP034_Kavita,Snacks & Confectionery,CrispBite Chips 50g,88.6,7,620.2,8,49.62,570.58,544.2,Delivered,0,0.0,Indirect,Cash
ORD103271,2024-04-23,Apr-2024,Central,Madhya Pradesh,Jabalpur,D030,Jabalpur Distribution Co,Distributor,OUT0096,Kirana/General Store,SP002_Amit,Beverages,OrangeZest Juice 1L,196.7,21,4130.7,0,0.0,4130.7,4179.24,Delivered,0,0.0,Indirect,UPI/Online
ORD103673,2024-04-23,Apr-2024,North,Punjab,Ludhiana,D015,Ludhiana Traders,Distributor,OUT0021,Kirana/General Store,SP025_Vikram,Beverages,FreshSip Cola 500ml,186.63,8,1493.04,12,179.16,1313.88,1527.31,Delivered,0,0.0,Indirect,Cash
ORD103103,2024-04-23,Apr-2024,North,Uttar Pradesh,Lucknow,D008,Lucknow Distribution Co,Distributor,OUT0022,Supermarket,SP024_Sneha,Beverages,FreshSip Cola 500ml,116.18,53,6157.54,5,307.88,5849.66,5473.66,Delivered,0,0.0,Indirect,UPI/Online
ORD102745,2024-04-23,Apr-2024,North,Delhi,New Delhi,D001,New Delhi Traders,Super Stockist,OUT0180,Wholesale Shop,SP002_Amit,Personal Care,GlowSoft Soap 100g,160.0,19,3040.0,10,304.0,2736.0,2722.28,Delivered,0,0.0,Direct,Cash
ORD100507,2024-04-23,Apr-2024,East,Odisha,Bhubaneswar,D007,Bhubaneswar Distribution Co,Super Stockist,OUT0091,Convenience Store,SP024_Sneha,Snacks & Confectionery,ChocoNut Bar 40g,280.47,7,1963.29,10,196.33,1766.96,1732.85,Returned,2,560.94,Indirect,Credit
ORD103995,2024-04-23,Apr-2024,Central,Madhya Pradesh,Jabalpur,D004,Jabalpur Traders,Wholesaler,OUT0169,Convenience Store,SP023_Priya,Snacks & Confectionery,ChocoNut Bar 40g,57.68,20,1153.6,8,92.29,1061.31,999.38,Delivered,0,0.0,Indirect,Credit
ORD100494,2024-04-23,Apr-2024,South,Telangana,Hyderabad,D012,Hyderabad Traders,Super Stockist,OUT0166,Wholesale Shop,SP033_Manoj,Snacks & Confectionery,CrispBite Chips 100g,105.37,52,5479.24,5,273.96,5205.28,5752.23,Delivered,0,0.0,Direct,Credit
ORD100454,2024-04-23,Apr-2024,Central,Chhattisgarh,Raipur,D009,Raipur Enterprises,Wholesaler,OUT0164,Kirana/General Store,SP022_Amit,Dairy & Food Staples,PureDrop Milk 500ml,236.69,14,3313.66,0,0.0,3313.66,3109.34,Delivered,0,0.0,Indirect,Cash
ORD103242,2024-04-23,Apr-2024,East,Odisha,Bhubaneswar,D007,Bhubaneswar Distribution Co,Super Stockist,OUT0050,Wholesale Shop,SP013_Manoj,Beverages,FreshSip Cola 500ml,323.17,53,17128.01,0,0.0,17128.01,18723.13,Delivered,0,0.0,Indirect,Cash
ORD101140,2024-04-24,Apr-2024,Central,Chhattisgarh,Raipur,D011,Raipur Agencies,Super Stockist,OUT0125,Supermarket,SP036_Meera,Personal Care,FreshBreath Toothpaste 150g,263.72,24,6329.28,5,316.46,6012.82,5414.62,Delivered,0,0.0,Indirect,Cash
ORD101219,2024-04-24,Apr-2024,Central,Chhattisgarh,Raipur,D009,Raipur Enterprises,Wholesaler,OUT0013,Wholesale Shop,SP001_Rahul,Personal Care,SilkTouch Lotion 200ml,219.06,26,5695.56,12,683.47,5012.09,4348.18,Delivered,0,0.0,Indirect,Credit
ORD101535,2024-04-24,Apr-2024,North,Punjab,Amritsar,D018,Amritsar Traders,Wholesaler,OUT0100,Supermarket,SP035_Arjun,Home Care,CleanWave Detergent 1kg,101.27,30,3038.1,0,0.0,3038.1,3627.79,Returned,6,607.62,Indirect,UPI/Online
ORD103905,2024-04-24,Apr-2024,West,Rajasthan,Jodhpur,D013,Jodhpur Distribution Co,Super Stockist,OUT0083,Kirana/General Store,SP027_Suresh,Personal Care,ShinyLocks Shampoo 200ml,183.19,24,4396.56,2,87.93,4308.63,5204.54,Pending,0,0.0,Indirect,Credit
ORD102086,2024-04-24,Apr-2024,South,Karnataka,Mysuru,D017,Mysuru Enterprises,Distributor,OUT0120,Modern Trade,SP032_Divya,Personal Care,GlowSoft Soap 100g,339.95,16,5439.2,0,0.0,5439.2,5889.11,Delivered,0,0.0,Indirect,Credit
ORD100547,2024-04-24,Apr-2024,Central,Chhattisgarh,Raipur,D022,Raipur Agencies,Super Stockist,OUT0141,Kirana/General Store,SP030_Pooja,Home Care,ShineFloor Cleaner 1L,346.92,61,21162.12,2,423.24,20738.88,20856.93,Delivered,0,0.0,Indirect,Cash
ORD102592,2024-04-24,Apr-2024,West,Goa,Panaji,D019,Panaji Traders,Distributor,OUT0076,Modern Trade,SP004_Sneha,Snacks & Confectionery,SweetPuff Biscuit 100g,116.86,17,1986.62,5,99.33,1887.29,1631.51,Cancelled,0,0.0,Indirect,UPI/Online
ORD102021,2024-04-24,Apr-2024,North,Delhi,New Delhi,D001,New Delhi Traders,Super Stockist,OUT0024,Wholesale Shop,SP030_Pooja,Home Care,CleanWave Detergent 1kg,69.76,21,1464.96,8,117.2,1347.76,1221.55,Delivered,0,0.0,Direct,Credit
ORD101559,2024-04-24,Apr-2024,North,Uttar Pradesh,Lucknow,D010,Lucknow Marketing,Distributor,OUT0199,Convenience Store,SP008_Neha,Home Care,ShineFloor Cleaner 1L,68.48,13,890.24,10,89.02,801.22,749.8,Cancelled,0,0.0,Direct,Credit
ORD100572,2024-04-24,Apr-2024,South,Tamil Nadu,Coimbatore,D023,Coimbatore Marketing,Super Stockist,OUT0191,Convenience Store,SP019_Deepak,Dairy & Food Staples,SunRice Basmati 1kg,139.26,18,2506.68,2,50.13,2456.55,2211.88,Delivered,0,0.0,Direct,UPI/Online
ORD100174,2024-04-24,Apr-2024,West,Gujarat,Surat,D027,Surat Agencies,Wholesaler,OUT0008,Kirana/General Store,SP022_Amit,Personal Care,GlowSoft Soap 100g,220.55,7,1543.85,0,0.0,1543.85,1793.7,Delivered,0,0.0,Indirect,UPI/Online
ORD102605,2024-04-24,Apr-2024,North,Delhi,New Delhi,D001,New Delhi Traders,Super Stockist,OUT0001,Kirana/General Store,SP005_Vikram,Beverages,MintCool Soda 300ml,241.85,72,17413.2,0,0.0,17413.2,16955.77,Delivered,0,0.0,Indirect,Credit
ORD103157,2024-04-24,Apr-2024,Central,Madhya Pradesh,Jabalpur,D030,Jabalpur Distribution Co,Distributor,OUT0181,Wholesale Shop,SP012_Divya,Snacks & Confectionery,CrispBite Chips 50g,47.19,45,2123.55,2,42.47,2081.08,1912.62,Delivered,0,0.0,Indirect,Cash
ORD103156,2024-04-24,Apr-2024,Central,Chhattisgarh,Raipur,D011,Raipur Agencies,Super Stockist,OUT0168,Kirana/General Store,SP035_Arjun,Dairy & Food Staples,PureDrop Milk 500ml,262.1,13,3407.3,5,170.36,3236.94,3664.2,Delivered,0,0.0,Direct,UPI/Online
ORD101364,2024-04-24,Apr-2024,Central,Madhya Pradesh,Bhopal,D029,Bhopal Distribution Co,Super Stockist,OUT0148,Modern Trade,SP025_Vikram,Dairy & Food Staples,PureDrop Milk 500ml,151.36,46,6962.56,2,139.25,6823.31,8296.01,Delivered,0,0.0,Indirect,Credit
ORD103646,2024-04-25,Apr-2024,West,Rajasthan,Jodhpur,D013,Jodhpur Distribution Co,Super Stockist,OUT0019,Convenience Store,SP026_Anjali,Snacks & Confectionery,SweetPuff Biscuit 100g,39.94,50,1997.0,8,159.76,1837.24,2083.12,Delivered,0,0.0,Indirect,Credit
ORD101604,2024-04-25,Apr-2024,East,Odisha,Bhubaneswar,D028,Bhubaneswar Distribution Co,Wholesaler,OUT0044,Kirana/General Store,SP035_Arjun,Beverages,FreshSip Cola 500ml,318.24,32,10183.68,2,203.67,9980.01,10585.87,Delivered,0,0.0,Indirect,Credit
ORD101423,2024-04-25,Apr-2024,Central,Chhattisgarh,Raipur,D022,Raipur Agencies,Super Stockist,OUT0045,Kirana/General Store,SP023_Priya,Beverages,OrangeZest Juice 1L,227.48,23,5232.04,12,627.84,4604.2,5344.46,Delivered,0,0.0,Indirect,UPI/Online
ORD103248,2024-04-25,Apr-2024,South,Karnataka,Bengaluru,D002,Bengaluru Marketing,Distributor,OUT0124,Kirana/General Store,SP007_Suresh,Dairy & Food Staples,PureDrop Milk 500ml,113.16,10,1131.6,0,0.0,1131.6,1192.17,Delivered,0,0.0,Direct,UPI/Online
ORD103479,2024-04-25,Apr-2024,North,Uttar Pradesh,Lucknow,D008,Lucknow Distribution Co,Distributor,OUT0033,Convenience Store,SP012_Divya,Home Care,SparkleShine Dishwash 500ml,172.03,24,4128.72,0,0.0,4128.72,4307.25,Cancelled,0,0.0,Indirect,Credit
ORD100517,2024-04-25,Apr-2024,East,Odisha,Bhubaneswar,D007,Bhubaneswar Distribution Co,Super Stockist,OUT0178,Convenience Store,SP033_Manoj,Personal Care,FreshBreath Toothpaste 150g,228.37,39,8906.43,0,0.0,8906.43,7988.01,Delivered,0,0.0,Direct,Credit
ORD102967,2024-04-25,Apr-2024,South,Telangana,Hyderabad,D012,Hyderabad Traders,Super Stockist,OUT0183,Modern Trade,SP011_Ravi,Dairy & Food Staples,PureDrop Milk 500ml,101.3,10,1013.0,0,0.0,1013.0,1248.63,Delivered,0,0.0,Direct,Credit
ORD102307,2024-04-25,Apr-2024,South,Tamil Nadu,Coimbatore,D023,Coimbatore Marketing,Super Stockist,OUT0068,Wholesale Shop,SP021_Rahul,Home Care,CleanWave Detergent 1kg,88.86,21,1866.06,0,0.0,1866.06,1855.47,Delivered,0,0.0,Indirect,Cash
ORD100042,2024-04-26,Apr-2024,West,Rajasthan,Jodhpur,D013,Jodhpur Distribution Co,Super Stockist,OUT0093,Supermarket,SP009_Karan,Snacks & Confectionery,ChocoNut Bar 40g,222.95,39,8695.05,5,434.75,8260.3,8209.06,Delivered,0,0.0,Direct,UPI/Online
ORD102925,2024-04-26,Apr-2024,South,Tamil Nadu,Coimbatore,D020,Coimbatore Marketing,Distributor,OUT0098,Wholesale Shop,SP004_Sneha,Personal Care,SilkTouch Lotion 200ml,262.96,14,3681.44,0,0.0,3681.44,3298.18,Delivered,0,0.0,Indirect,UPI/Online
ORD102442,2024-04-26,Apr-2024,Central,Madhya Pradesh,Jabalpur,D004,Jabalpur Traders,Wholesaler,OUT0169,Convenience Store,SP024_Sneha,Home Care,ShineFloor Cleaner 1L,180.88,22,3979.36,5,198.97,3780.39,4302.57,Pending,0,0.0,Direct,UPI/Online
ORD101269,2024-04-26,Apr-2024,North,Delhi,New Delhi,D003,New Delhi Traders,Super Stockist,OUT0059,Supermarket,SP036_Meera,Snacks & Confectionery,SweetPuff Biscuit 100g,317.42,17,5396.14,5,269.81,5126.33,6268.3,Delivered,0,0.0,Direct,UPI/Online
ORD100521,2024-04-26,Apr-2024,West,Gujarat,Surat,D027,Surat Agencies,Wholesaler,OUT0058,Kirana/General Store,SP033_Manoj,Snacks & Confectionery,CrispBite Chips 100g,196.77,37,7280.49,8,582.44,6698.05,6993.02,Pending,0,0.0,Indirect,UPI/Online
ORD102533,2024-04-26,Apr-2024,West,Rajasthan,Jodhpur,D013,Jodhpur Distribution Co,Super Stockist,OUT0083,Kirana/General Store,SP037_Sanjay,Personal Care,GlowSoft Soap 100g,76.97,18,1385.46,10,138.55,1246.91,1196.43,Delivered,0,0.0,Direct,Cash
ORD100318,2024-04-26,Apr-2024,North,Uttar Pradesh,Lucknow,D008,Lucknow Distribution Co,Distributor,OUT0092,Convenience Store,SP038_Rina,Dairy & Food Staples,SunRice Basmati 1kg,42.76,10,427.6,0,0.0,427.6,405.7,Delivered,0,0.0,Indirect,UPI/Online
ORD100485,2024-04-26,Apr-2024,East,Odisha,Bhubaneswar,D007,Bhubaneswar Distribution Co,Super Stockist,OUT0035,Wholesale Shop,SP018_Rina,Personal Care,SilkTouch Lotion 200ml,252.5,23,5807.5,0,0.0,5807.5,5550.29,Delivered,0,0.0,Indirect,Credit
ORD103888,2024-04-26,Apr-2024,Central,Madhya Pradesh,Jabalpur,D025,Jabalpur Agencies,Wholesaler,OUT0165,Convenience Store,SP008_Neha,Snacks & Confectionery,ChocoNut Bar 40g,68.67,31,2128.77,8,170.3,1958.47,2423.91,Delivered,0,0.0,Direct,Credit
ORD103540,2024-04-26,Apr-2024,East,Odisha,Bhubaneswar,D007,Bhubaneswar Distribution Co,Super Stockist,OUT0119,Convenience Store,SP029_Karan,Snacks & Confectionery,CrispBite Chips 100g,233.9,47,10993.3,5,549.66,10443.64,11024.53,Delivered,0,0.0,Direct,Cash
ORD100696,2024-04-26,Apr-2024,North,Delhi,New Delhi,D003,New Delhi Traders,Super Stockist,OUT0023,Convenience Store,SP010_Pooja,Home Care,PureAir Freshener 250ml,214.04,40,8561.6,8,684.93,7876.67,9166.57,Delivered,0,0.0,Direct,Credit
ORD100691,2024-04-27,Apr-2024,East,West Bengal,Kolkata,D006,Kolkata Enterprises,Distributor,OUT0064,Modern Trade,SP034_Kavita,Personal Care,SilkTouch Lotion 200ml,78.46,36,2824.56,0,0.0,2824.56,2984.19,Delivered,0,0.0,Indirect,Cash
ORD102853,2024-04-27,Apr-2024,South,Karnataka,Mysuru,D017,Mysuru Enterprises,Distributor,OUT0079,Kirana/General Store,SP007_Suresh,Beverages,FreshSip Cola 250ml,232.66,46,10702.36,2,214.05,10488.31,10622.61,Delivered,0,0.0,Indirect,UPI/Online
ORD101443,2024-04-27,Apr-2024,East,Odisha,Bhubaneswar,D028,Bhubaneswar Distribution Co,Wholesaler,OUT0031,Convenience Store,SP010_Pooja,Snacks & Confectionery,SweetPuff Biscuit 100g,299.22,46,13764.12,0,0.0,13764.12,13440.9,Delivered,0,0.0,Direct,Cash
ORD102041,2024-04-27,Apr-2024,East,Odisha,Bhubaneswar,D007,Bhubaneswar Distribution Co,Super Stockist,OUT0178,Convenience Store,SP011_Ravi,Dairy & Food Staples,GoldenGrain Atta 5kg,68.46,10,684.6,10,68.46,616.14,712.15,Delivered,0,0.0,Direct,Cash
ORD102347,2024-04-27,Apr-2024,Central,Chhattisgarh,Raipur,D022,Raipur Agencies,Super Stockist,OUT0069,Modern Trade,SP015_Arjun,Personal Care,FreshBreath Toothpaste 150g,85.78,21,1801.38,8,144.11,1657.27,1584.45,Delivered,0,0.0,Indirect,Cash
ORD101416,2024-04-27,Apr-2024,South,Karnataka,Mysuru,D017,Mysuru Enterprises,Distributor,OUT0079,Kirana/General Store,SP006_Anjali,Beverages,OrangeZest Juice 1L,24.21,14,338.94,5,16.95,321.99,391.81,Delivered,0,0.0,Indirect,Credit
ORD102870,2024-04-27,Apr-2024,Central,Chhattisgarh,Raipur,D022,Raipur Agencies,Super Stockist,OUT0045,Kirana/General Store,SP025_Vikram,Beverages,FreshSip Cola 250ml,65.72,38,2497.36,10,249.74,2247.62,2638.39,Delivered,0,0.0,Direct,UPI/Online
ORD102840,2024-04-27,Apr-2024,Central,Chhattisgarh,Raipur,D022,Raipur Agencies,Super Stockist,OUT0189,Modern Trade,SP038_Rina,Home Care,PureAir Freshener 250ml,70.18,51,3579.18,0,0.0,3579.18,3469.65,Delivered,0,0.0,Direct,Credit
ORD102352,2024-04-27,Apr-2024,South,Telangana,Hyderabad,D012,Hyderabad Traders,Super Stockist,OUT0105,Convenience Store,SP006_Anjali,Personal Care,ShinyLocks Shampoo 200ml,287.06,34,9760.04,0,0.0,9760.04,10473.32,Delivered,0,0.0,Indirect,Cash
ORD100418,2024-04-28,Apr-2024,West,Goa,Panaji,D019,Panaji Traders,Distributor,OUT0134,Wholesale Shop,SP006_Anjali,Home Care,PureAir Freshener 250ml,298.09,38,11327.42,2,226.55,11100.87,11111.16,Cancelled,0,0.0,Indirect,UPI/Online
ORD103342,2024-04-28,Apr-2024,Central,Chhattisgarh,Raipur,D009,Raipur Enterprises,Wholesaler,OUT0113,Kirana/General Store,SP037_Sanjay,Dairy & Food Staples,PureDrop Milk 500ml,336.84,41,13810.44,2,276.21,13534.23,13013.04,Delivered,0,0.0,Indirect,Cash
ORD102454,2024-04-28,Apr-2024,Central,Chhattisgarh,Raipur,D009,Raipur Enterprises,Wholesaler,OUT0013,Wholesale Shop,SP035_Arjun,Personal Care,FreshBreath Toothpaste 150g,346.26,8,2770.08,10,277.01,2493.07,2796.78,Delivered,0,0.0,Indirect,UPI/Online
ORD101708,2024-04-28,Apr-2024,North,Delhi,New Delhi,D001,New Delhi Traders,Super Stockist,OUT0024,Wholesale Shop,SP035_Arjun,Dairy & Food Staples,PureDrop Milk 500ml,330.26,34,11228.84,2,224.58,11004.26,12407.34,Cancelled,0,0.0,Direct,UPI/Online
ORD103121,2024-04-28,Apr-2024,Central,Chhattisgarh,Raipur,D022,Raipur Agencies,Super Stockist,OUT0189,Modern Trade,SP002_Amit,Dairy & Food Staples,DailyFresh Ghee 500ml,100.62,23,2314.26,5,115.71,2198.55,1967.44,Returned,7,704.34,Indirect,Cash
ORD101684,2024-04-28,Apr-2024,North,Punjab,Amritsar,D018,Amritsar Traders,Wholesaler,OUT0198,Kirana/General Store,SP027_Suresh,Snacks & Confectionery,CrispBite Chips 50g,54.59,17,928.03,0,0.0,928.03,822.61,Returned,2,109.18,Indirect,Credit
ORD101807,2024-04-28,Apr-2024,West,Goa,Panaji,D024,Panaji Marketing,Distributor,OUT0115,Wholesale Shop,SP020_Shreya,Personal Care,SilkTouch Lotion 200ml,139.83,18,2516.94,2,50.34,2466.6,2366.82,Delivered,0,0.0,Indirect,UPI/Online
ORD101683,2024-04-28,Apr-2024,North,Punjab,Amritsar,D018,Amritsar Traders,Wholesaler,OUT0025,Supermarket,SP021_Rahul,Beverages,MintCool Soda 300ml,152.63,20,3052.6,5,152.63,2899.97,3056.44,Delivered,0,0.0,Indirect,Credit
ORD102567,2024-04-28,Apr-2024,Central,Chhattisgarh,Raipur,D005,Raipur Enterprises,Wholesaler,OUT0102,Convenience Store,SP009_Karan,Dairy & Food Staples,SunRice Basmati 1kg,250.06,22,5501.32,10,550.13,4951.19,5313.33,Returned,3,750.18,Indirect,UPI/Online
ORD103398,2024-04-29,Apr-2024,South,Karnataka,Mysuru,D017,Mysuru Enterprises,Distributor,OUT0079,Kirana/General Store,SP033_Manoj,Snacks & Confectionery,ChocoNut Bar 40g,195.28,16,3124.48,0,0.0,3124.48,3727.03,Returned,5,976.4,Indirect,UPI/Online
ORD100706,2024-04-29,Apr-2024,North,Delhi,New Delhi,D001,New Delhi Traders,Super Stockist,OUT0024,Wholesale Shop,SP027_Suresh,Snacks & Confectionery,CrispBite Chips 50g,333.16,18,5996.88,0,0.0,5996.88,6705.55,Delivered,0,0.0,Indirect,Credit
ORD100760,2024-04-29,Apr-2024,East,Bihar,Patna,D014,Patna Distribution Co,Wholesaler,OUT0052,Supermarket,SP008_Neha,Personal Care,ShinyLocks Shampoo 200ml,31.74,20,634.8,0,0.0,634.8,711.12,Delivered,0,0.0,Indirect,Cash
ORD101019,2024-04-29,Apr-2024,South,Tamil Nadu,Coimbatore,D020,Coimbatore Marketing,Distributor,OUT0109,Wholesale Shop,SP038_Rina,Home Care,PureAir Freshener 250ml,173.69,29,5037.01,2,100.74,4936.27,5345.28,Delivered,0,0.0,Indirect,UPI/Online
ORD103783,2024-04-29,Apr-2024,North,Delhi,New Delhi,D001,New Delhi Traders,Super Stockist,OUT0024,Wholesale Shop,SP040_Shreya,Personal Care,ShinyLocks Shampoo 200ml,122.18,37,4520.66,10,452.07,4068.59,4825.53,Delivered,0,0.0,Direct,Credit
ORD101871,2024-04-29,Apr-2024,South,Tamil Nadu,Coimbatore,D020,Coimbatore Marketing,Distributor,OUT0196,Wholesale Shop,SP037_Sanjay,Dairy & Food Staples,PureDrop Milk 500ml,225.73,45,10157.85,0,0.0,10157.85,9883.43,Delivered,0,0.0,Indirect,Credit
ORD103304,2024-04-29,Apr-2024,North,Delhi,New Delhi,D003,New Delhi Traders,Super Stockist,OUT0184,Convenience Store,SP023_Priya,Beverages,FreshSip Cola 250ml,288.85,6,1733.1,5,86.66,1646.44,1640.32,Delivered,0,0.0,Indirect,Cash
ORD100688,2024-04-30,Apr-2024,East,West Bengal,Kolkata,D006,Kolkata Enterprises,Distributor,OUT0170,Wholesale Shop,SP007_Suresh,Personal Care,GlowSoft Soap 100g,67.34,19,1279.46,0,0.0,1279.46,1474.01,Returned,2,134.68,Direct,Cash
ORD100146,2024-04-30,Apr-2024,North,Delhi,New Delhi,D001,New Delhi Traders,Super Stockist,OUT0027,Kirana/General Store,SP010_Pooja,Snacks & Confectionery,ChocoNut Bar 40g,202.18,6,1213.08,8,97.05,1116.03,1336.32,Delivered,0,0.0,Direct,UPI/Online
ORD102640,2024-04-30,Apr-2024,North,Uttar Pradesh,Lucknow,D010,Lucknow Marketing,Distributor,OUT0111,Kirana/General Store,SP011_Ravi,Dairy & Food Staples,DailyFresh Ghee 500ml,90.99,40,3639.6,2,72.79,3566.81,3782.09,Delivered,0,0.0,Indirect,Cash
ORD103392,2024-04-30,Apr-2024,North,Delhi,New Delhi,D003,New Delhi Traders,Super Stockist,OUT0081,Wholesale Shop,SP027_Suresh,Personal Care,ShinyLocks Shampoo 200ml,170.31,30,5109.3,5,255.46,4853.84,5152.33,Delivered,0,0.0,Direct,Credit
ORD101137,2024-04-30,Apr-2024,North,Uttar Pradesh,Lucknow,D008,Lucknow Distribution Co,Distributor,OUT0054,Kirana/General Store,SP017_Sanjay,Dairy & Food Staples,PureDrop Milk 500ml,190.65,24,4575.6,10,457.56,4118.04,4380.01,Delivered,0,0.0,Indirect,Credit
ORD103518,2024-04-30,Apr-2024,Central,Chhattisgarh,Raipur,D022,Raipur Agencies,Super Stockist,OUT0194,Modern Trade,SP040_Shreya,Snacks & Confectionery,SweetPuff Biscuit 100g,37.75,18,679.5,5,33.98,645.52,560.96,Delivered,0,0.0,Direct,Credit
ORD102254,2024-04-30,Apr-2024,North,Uttar Pradesh,Lucknow,D010,Lucknow Marketing,Distributor,OUT0117,Wholesale Shop,SP037_Sanjay,Dairy & Food Staples,DailyFresh Ghee 500ml,171.44,10,1714.4,2,34.29,1680.11,1494.46,Delivered,0,0.0,Direct,UPI/Online
ORD101258,2024-04-30,Apr-2024,Central,Chhattisgarh,Raipur,D005,Raipur Enterprises,Wholesaler,OUT0102,Convenience Store,SP037_Sanjay,Snacks & Confectionery,ChocoNut Bar 40g,314.38,8,2515.04,2,50.3,2464.74,2476.62,Delivered,0,0.0,Indirect,Credit
ORD103384,2024-04-30,Apr-2024,Central,Chhattisgarh,Raipur,D011,Raipur Agencies,Super Stockist,OUT0090,Convenience Store,SP035_Arjun,Dairy & Food Staples,SunRice Basmati 1kg,96.61,29,2801.69,0,0.0,2801.69,2783.35,Delivered,0,0.0,Direct,Credit
ORD102866,2024-04-30,Apr-2024,West,Rajasthan,Jaipur,D016,Jaipur Distribution Co,Super Stockist,OUT0061,Modern Trade,SP036_Meera,Dairy & Food Staples,PureDrop Milk 500ml,335.85,33,11083.05,10,1108.3,9974.75,11557.31,Delivered,0,0.0,Direct,Cash
ORD102780,2024-04-30,Apr-2024,North,Punjab,Ludhiana,D015,Ludhiana Traders,Distributor,OUT0095,Convenience Store,SP029_Karan,Dairy & Food Staples,SunRice Basmati 1kg,251.01,17,4267.17,10,426.72,3840.45,4692.5,Returned,2,502.02,Indirect,Cash
ORD103713,2024-04-30,Apr-2024,East,Odisha,Bhubaneswar,D007,Bhubaneswar Distribution Co,Super Stockist,OUT0050,Wholesale Shop,SP036_Meera,Personal Care,SilkTouch Lotion 200ml,110.44,14,1546.16,2,30.92,1515.24,1389.4,Delivered,0,0.0,Direct,UPI/Online
ORD103354,2024-04-30,Apr-2024,Central,Chhattisgarh,Raipur,D005,Raipur Enterprises,Wholesaler,OUT0036,Wholesale Shop,SP038_Rina,Home Care,SparkleShine Dishwash 500ml,90.02,21,1890.42,5,94.52,1795.9,2224.89,Delivered,0,0.0,Indirect,UPI/Online
ORD101058,2024-04-30,Apr-2024,North,Uttar Pradesh,Lucknow,D008,Lucknow Distribution Co,Distributor,OUT0029,Kirana/General Store,SP034_Kavita,Dairy & Food Staples,PureDrop Milk 500ml,101.78,13,1323.14,2,26.46,1296.68,1160.91,Delivered,0,0.0,Indirect,UPI/Online
ORD100857,2024-04-30,Apr-2024,North,Uttar Pradesh,Lucknow,D010,Lucknow Marketing,Distributor,OUT0111,Kirana/General Store,SP025_Vikram,Dairy & Food Staples,SunRice Basmati 1kg,348.49,22,7666.78,2,153.34,7513.44,7605.54,Delivered,0,0.0,Indirect,UPI/Online
ORD101464,2024-05-01,May-2024,South,Karnataka,Bengaluru,D002,Bengaluru Marketing,Distributor,OUT0075,Kirana/General Store,SP009_Karan,Beverages,FreshSip Cola 500ml,109.42,11,1203.62,0,0.0,1203.62,1154.95,Delivered,0,0.0,Indirect,Credit
ORD103734,2024-05-01,May-2024,North,Delhi,New Delhi,D001,New Delhi Traders,Super Stockist,OUT0097,Modern Trade,SP040_Shreya,Beverages,OrangeZest Juice 1L,177.09,37,6552.33,2,131.05,6421.28,7104.49,Delivered,0,0.0,Indirect,Cash
ORD101399,2024-05-01,May-2024,Central,Madhya Pradesh,Jabalpur,D025,Jabalpur Agencies,Wholesaler,OUT0010,Supermarket,SP009_Karan,Snacks & Confectionery,CrispBite Chips 100g,241.55,30,7246.5,10,724.65,6521.85,7641.28,Delivered,0,0.0,Direct,Cash
ORD100282,2024-05-01,May-2024,East,West Bengal,Kolkata,D006,Kolkata Enterprises,Distributor,OUT0078,Kirana/General Store,SP004_Sneha,Snacks & Confectionery,CrispBite Chips 100g,150.18,21,3153.78,8,252.3,2901.48,3575.01,Cancelled,0,0.0,Indirect,Credit
ORD103686,2024-05-01,May-2024,Central,Chhattisgarh,Raipur,D005,Raipur Enterprises,Wholesaler,OUT0011,Modern Trade,SP024_Sneha,Home Care,ShineFloor Cleaner 1L,92.72,22,2039.84,10,203.98,1835.86,1591.37,Delivered,0,0.0,Direct,Cash
ORD103231,2024-05-01,May-2024,East,Odisha,Bhubaneswar,D007,Bhubaneswar Distribution Co,Super Stockist,OUT0200,Modern Trade,SP018_Rina,Snacks & Confectionery,SweetPuff Biscuit 100g,135.1,29,3917.9,0,0.0,3917.9,4849.62,Delivered,0,0.0,Indirect,Credit
ORD102620,2024-05-01,May-2024,North,Punjab,Amritsar,D018,Amritsar Traders,Wholesaler,OUT0132,Kirana/General Store,SP037_Sanjay,Personal Care,ShinyLocks Shampoo 200ml,142.9,5,714.5,12,85.74,628.76,782.65,Delivered,0,0.0,Indirect,UPI/Online
ORD101316,2024-05-01,May-2024,Central,Chhattisgarh,Raipur,D022,Raipur Agencies,Super Stockist,OUT0186,Kirana/General Store,SP003_Priya,Dairy & Food Staples,SunRice Basmati 1kg,91.32,34,3104.88,10,310.49,2794.39,2387.16,Returned,6,547.92,Direct,Credit
ORD100878,2024-05-01,May-2024,East,West Bengal,Kolkata,D006,Kolkata Enterprises,Distributor,OUT0170,Wholesale Shop,SP023_Priya,Home Care,SparkleShine Dishwash 500ml,238.56,6,1431.36,10,143.14,1288.22,1482.38,Delivered,0,0.0,Direct,UPI/Online
ORD101727,2024-05-01,May-2024,Central,Chhattisgarh,Raipur,D022,Raipur Agencies,Super Stockist,OUT0034,Modern Trade,SP006_Anjali,Beverages,OrangeZest Juice 1L,338.92,24,8134.08,10,813.41,7320.67,7614.22,Delivered,0,0.0,Indirect,Credit
ORD103069,2024-05-01,May-2024,Central,Chhattisgarh,Raipur,D009,Raipur Enterprises,Wholesaler,OUT0164,Kirana/General Store,SP006_Anjali,Snacks & Confectionery,ChocoNut Bar 40g,216.5,12,2598.0,2,51.96,2546.04,2507.9,Delivered,0,0.0,Direct,UPI/Online
ORD100444,2024-05-01,May-2024,Central,Chhattisgarh,Raipur,D026,Raipur Agencies,Distributor,OUT0152,Supermarket,SP023_Priya,Personal Care,FreshBreath Toothpaste 150g,337.01,22,7414.22,2,148.28,7265.94,6388.45,Delivered,0,0.0,Indirect,Cash
ORD103512,2024-05-01,May-2024,Central,Chhattisgarh,Raipur,D009,Raipur Enterprises,Wholesaler,OUT0171,Kirana/General Store,SP030_Pooja,Beverages,MintCool Soda 300ml,121.54,18,2187.72,0,0.0,2187.72,2664.11,Delivered,0,0.0,Indirect,UPI/Online
ORD102706,2024-05-01,May-2024,East,Bihar,Patna,D014,Patna Distribution Co,Wholesaler,OUT0043,Modern Trade,SP037_Sanjay,Personal Care,FreshBreath Toothpaste 150g,50.77,43,2183.11,5,109.16,2073.95,2009.8,Delivered,0,0.0,Indirect,Cash
ORD100393,2024-05-02,May-2024,East,West Bengal,Kolkata,D006,Kolkata Enterprises,Distributor,OUT0127,Modern Trade,SP039_Deepak,Home Care,CleanWave Detergent 1kg,33.02,36,1188.72,2,23.77,1164.95,1439.43,Delivered,0,0.0,Direct,UPI/Online
ORD101302,2024-05-02,May-2024,East,Bihar,Patna,D014,Patna Distribution Co,Wholesaler,OUT0052,Supermarket,SP022_Amit,Beverages,FreshSip Cola 250ml,54.04,30,1621.2,2,32.42,1588.78,1962.32,Delivered,0,0.0,Indirect,Cash
ORD103665,2024-05-02,May-2024,North,Punjab,Amritsar,D018,Amritsar Traders,Wholesaler,OUT0132,Kirana/General Store,SP002_Amit,Personal Care,SilkTouch Lotion 200ml,94.02,21,1974.42,2,39.49,1934.93,2163.1,Delivered,0,0.0,Indirect,Credit
ORD101052,2024-05-02,May-2024,Central,Madhya Pradesh,Bhopal,D029,Bhopal Distribution Co,Super Stockist,OUT0030,Kirana/General Store,SP030_Pooja,Snacks & Confectionery,CrispBite Chips 100g,45.91,28,1285.48,2,25.71,1259.77,1515.1,Delivered,0,0.0,Direct,Credit
ORD100355,2024-05-02,May-2024,South,Karnataka,Mysuru,D017,Mysuru Enterprises,Distributor,OUT0079,Kirana/General Store,SP033_Manoj,Beverages,FreshSip Cola 500ml,118.09,39,4605.51,10,460.55,4144.96,4630.43,Pending,0,0.0,Direct,Cash
ORD101525,2024-05-02,May-2024,North,Uttar Pradesh,Lucknow,D008,Lucknow Distribution Co,Distributor,OUT0054,Kirana/General Store,SP032_Divya,Dairy & Food Staples,PureDrop Milk 500ml,334.97,17,5694.49,10,569.45,5125.04,5663.17,Delivered,0,0.0,Indirect,UPI/Online
ORD101625,2024-05-02,May-2024,Central,Madhya Pradesh,Jabalpur,D025,Jabalpur Agencies,Wholesaler,OUT0017,Supermarket,SP026_Anjali,Dairy & Food Staples,PureDrop Milk 500ml,260.11,15,3901.65,2,78.03,3823.62,3825.09,Delivered,0,0.0,Direct,UPI/Online
ORD101514,2024-05-02,May-2024,West,Goa,Panaji,D024,Panaji Marketing,Distributor,OUT0073,Wholesale Shop,SP001_Rahul,Snacks & Confectionery,CrispBite Chips 50g,112.38,35,3933.3,10,393.33,3539.97,3016.95,Delivered,0,0.0,Direct,UPI/Online
ORD103243,2024-05-02,May-2024,Central,Madhya Pradesh,Jabalpur,D025,Jabalpur Agencies,Wholesaler,OUT0165,Convenience Store,SP033_Manoj,Dairy & Food Staples,GoldenGrain Atta 5kg,185.44,31,5748.64,0,0.0,5748.64,7066.6,Delivered,0,0.0,Indirect,Cash
ORD100491,2024-05-03,May-2024,Central,Madhya Pradesh,Jabalpur,D030,Jabalpur Distribution Co,Distributor,OUT0096,Kirana/General Store,SP038_Rina,Home Care,ShineFloor Cleaner 1L,25.08,26,652.08,0,0.0,652.08,804.04,Delivered,0,0.0,Direct,Credit
ORD103989,2024-05-03,May-2024,South,Tamil Nadu,Coimbatore,D023,Coimbatore Marketing,Super Stockist,OUT0191,Convenience Store,SP033_Manoj,Snacks & Confectionery,ChocoNut Bar 40g,311.77,12,3741.24,2,74.82,3666.42,3260.57,Delivered,0,0.0,Direct,Credit
ORD102310,2024-05-03,May-2024,Central,Chhattisgarh,Raipur,D026,Raipur Agencies,Distributor,OUT0154,Kirana/General Store,SP028_Neha,Dairy & Food Staples,DailyFresh Ghee 500ml,128.59,9,1157.31,2,23.15,1134.16,1202.15,Delivered,0,0.0,Indirect,Cash
ORD101007,2024-05-03,May-2024,Central,Madhya Pradesh,Jabalpur,D004,Jabalpur Traders,Wholesaler,OUT0130,Kirana/General Store,SP001_Rahul,Dairy & Food Staples,PureDrop Milk 500ml,162.6,27,4390.2,2,87.8,4302.4,4327.24,Delivered,0,0.0,Direct,UPI/Online
ORD103864,2024-05-03,May-2024,East,West Bengal,Kolkata,D006,Kolkata Enterprises,Distributor,OUT0060,Modern Trade,SP006_Anjali,Beverages,OrangeZest Juice 1L,165.26,12,1983.12,2,39.66,1943.46,1791.33,Returned,3,495.78,Direct,UPI/Online
ORD102859,2024-05-03,May-2024,Central,Madhya Pradesh,Jabalpur,D025,Jabalpur Agencies,Wholesaler,OUT0165,Convenience Store,SP033_Manoj,Dairy & Food Staples,PureDrop Milk 500ml,198.04,19,3762.76,2,75.26,3687.5,4202.02,Delivered,0,0.0,Direct,Credit
ORD102336,2024-05-03,May-2024,East,Odisha,Bhubaneswar,D007,Bhubaneswar Distribution Co,Super Stockist,OUT0118,Convenience Store,SP018_Rina,Dairy & Food Staples,GoldenGrain Atta 5kg,209.31,16,3348.96,2,66.98,3281.98,3408.87,Delivered,0,0.0,Indirect,Cash
ORD100220,2024-05-03,May-2024,South,Karnataka,Mysuru,D017,Mysuru Enterprises,Distributor,OUT0120,Modern Trade,SP007_Suresh,Beverages,OrangeZest Juice 1L,166.95,4,667.8,0,0.0,667.8,826.58,Delivered,0,0.0,Indirect,Cash
ORD103281,2024-05-03,May-2024,South,Telangana,Hyderabad,D012,Hyderabad Traders,Super Stockist,OUT0159,Convenience Store,SP021_Rahul,Beverages,FreshSip Cola 250ml,257.71,18,4638.78,0,0.0,4638.78,5305.51,Delivered,0,0.0,Indirect,UPI/Online
ORD102580,2024-05-03,May-2024,East,West Bengal,Kolkata,D006,Kolkata Enterprises,Distributor,OUT0078,Kirana/General Store,SP013_Manoj,Dairy & Food Staples,PureDrop Milk 500ml,35.09,18,631.62,5,31.58,600.04,681.52,Delivered,0,0.0,Indirect,Credit
ORD102191,2024-05-03,May-2024,Central,Chhattisgarh,Raipur,D005,Raipur Enterprises,Wholesaler,OUT0136,Kirana/General Store,SP005_Vikram,Beverages,OrangeZest Juice 1L,264.73,11,2912.03,5,145.6,2766.43,3321.36,Delivered,0,0.0,Direct,Cash
ORD102908,2024-05-03,May-2024,North,Delhi,New Delhi,D001,New Delhi Traders,Super Stockist,OUT0024,Wholesale Shop,SP024_Sneha,Snacks & Confectionery,SweetPuff Biscuit 100g,257.43,39,10039.77,0,0.0,10039.77,10443.65,Delivered,0,0.0,Direct,UPI/Online
ORD101618,2024-05-03,May-2024,North,Uttar Pradesh,Lucknow,D008,Lucknow Distribution Co,Distributor,OUT0005,Wholesale Shop,SP034_Kavita,Home Care,SparkleShine Dishwash 500ml,59.35,35,2077.25,0,0.0,2077.25,2533.93,Delivered,0,0.0,Direct,Credit
ORD100035,2024-05-03,May-2024,South,Tamil Nadu,Coimbatore,D020,Coimbatore Marketing,Distributor,OUT0185,Convenience Store,SP031_Ravi,Home Care,ShineFloor Cleaner 1L,266.34,44,11718.96,8,937.52,10781.44,11615.1,Delivered,0,0.0,Indirect,Cash
ORD102047,2024-05-04,May-2024,South,Karnataka,Mysuru,D017,Mysuru Enterprises,Distributor,OUT0101,Convenience Store,SP023_Priya,Snacks & Confectionery,SweetPuff Biscuit 100g,284.11,15,4261.65,0,0.0,4261.65,4508.98,Returned,4,1136.44,Indirect,Cash
ORD102714,2024-05-04,May-2024,Central,Chhattisgarh,Raipur,D022,Raipur Agencies,Super Stockist,OUT0034,Modern Trade,SP009_Karan,Snacks & Confectionery,CrispBite Chips 50g,202.94,65,13191.1,0,0.0,13191.1,12461.13,Delivered,0,0.0,Indirect,Cash
ORD102303,2024-05-04,May-2024,West,Gujarat,Surat,D027,Surat Agencies,Wholesaler,OUT0123,Convenience Store,SP031_Ravi,Snacks & Confectionery,CrispBite Chips 100g,168.9,17,2871.3,10,287.13,2584.17,2738.3,Delivered,0,0.0,Indirect,Credit
ORD102396,2024-05-04,May-2024,North,Uttar Pradesh,Lucknow,D008,Lucknow Distribution Co,Distributor,OUT0157,Supermarket,SP038_Rina,Snacks & Confectionery,ChocoNut Bar 40g,327.49,15,4912.35,0,0.0,4912.35,5491.86,Delivered,0,0.0,Direct,Credit
ORD102983,2024-05-04,May-2024,Central,Madhya Pradesh,Jabalpur,D030,Jabalpur Distribution Co,Distributor,OUT0096,Kirana/General Store,SP033_Manoj,Snacks & Confectionery,CrispBite Chips 50g,36.7,6,220.2,8,17.62,202.58,190.32,Delivered,0,0.0,Indirect,Cash
ORD102946,2024-05-04,May-2024,Central,Madhya Pradesh,Jabalpur,D030,Jabalpur Distribution Co,Distributor,OUT0096,Kirana/General Store,SP025_Vikram,Dairy & Food Staples,DailyFresh Ghee 500ml,150.45,21,3159.45,0,0.0,3159.45,3104.83,Delivered,0,0.0,Direct,Credit
ORD100627,2024-05-04,May-2024,North,Punjab,Amritsar,D018,Amritsar Traders,Wholesaler,OUT0012,Supermarket,SP037_Sanjay,Snacks & Confectionery,CrispBite Chips 100g,152.07,14,2128.98,0,0.0,2128.98,1831.58,Returned,2,304.14,Indirect,Cash
ORD101981,2024-05-04,May-2024,South,Telangana,Hyderabad,D012,Hyderabad Traders,Super Stockist,OUT0042,Modern Trade,SP031_Ravi,Personal Care,SilkTouch Lotion 200ml,187.59,33,6190.47,0,0.0,6190.47,6006.06,Delivered,0,0.0,Indirect,UPI/Online
ORD100911,2024-05-04,May-2024,North,Delhi,New Delhi,D001,New Delhi Traders,Super Stockist,OUT0180,Wholesale Shop,SP020_Shreya,Snacks & Confectionery,CrispBite Chips 50g,68.38,9,615.42,5,30.77,584.65,673.48,Delivered,0,0.0,Direct,Cash
ORD102180,2024-05-04,May-2024,North,Punjab,Ludhiana,D015,Ludhiana Traders,Distributor,OUT0020,Wholesale Shop,SP016_Meera,Snacks & Confectionery,ChocoNut Bar 40g,47.94,19,910.86,5,45.54,865.32,811.64,Delivered,0,0.0,Direct,UPI/Online
ORD101901,2024-05-04,May-2024,South,Karnataka,Mysuru,D017,Mysuru Enterprises,Distributor,OUT0188,Convenience Store,SP024_Sneha,Dairy & Food Staples,SunRice Basmati 1kg,247.65,13,3219.45,2,64.39,3155.06,3681.6,Delivered,0,0.0,Direct,Credit
ORD103500,2024-05-04,May-2024,North,Punjab,Amritsar,D018,Amritsar Traders,Wholesaler,OUT0128,Modern Trade,SP020_Shreya,Home Care,SparkleShine Dishwash 500ml,323.75,7,2266.25,5,113.31,2152.94,2155.9,Delivered,0,0.0,Direct,Credit
ORD101500,2024-05-04,May-2024,North,Uttar Pradesh,Lucknow,D008,Lucknow Distribution Co,Distributor,OUT0054,Kirana/General Store,SP010_Pooja,Snacks & Confectionery,CrispBite Chips 50g,97.68,13,1269.84,0,0.0,1269.84,1327.41,Delivered,0,0.0,Indirect,Cash
ORD100248,2024-05-04,May-2024,Central,Chhattisgarh,Raipur,D009,Raipur Enterprises,Wholesaler,OUT0013,Wholesale Shop,SP007_Suresh,Dairy & Food Staples,GoldenGrain Atta 5kg,290.33,18,5225.94,5,261.3,4964.64,5887.79,Delivered,0,0.0,Indirect,Cash
ORD102848,2024-05-04,May-2024,Central,Chhattisgarh,Raipur,D009,Raipur Enterprises,Wholesaler,OUT0171,Kirana/General Store,SP013_Manoj,Personal Care,ShinyLocks Shampoo 200ml,26.12,32,835.84,10,83.58,752.26,702.9,Delivered,0,0.0,Indirect,Cash
ORD103377,2024-05-04,May-2024,West,Goa,Panaji,D019,Panaji Traders,Distributor,OUT0134,Wholesale Shop,SP012_Divya,Snacks & Confectionery,SweetPuff Biscuit 100g,28.61,97,2775.17,5,138.76,2636.41,2460.65,Delivered,0,0.0,Direct,Cash
ORD103052,2024-05-05,May-2024,South,Tamil Nadu,Coimbatore,D023,Coimbatore Marketing,Super Stockist,OUT0018,Convenience Store,SP032_Divya,Beverages,FreshSip Cola 250ml,127.58,26,3317.08,0,0.0,3317.08,3266.64,Delivered,0,0.0,Direct,UPI/Online
ORD102158,2024-05-05,May-2024,Central,Chhattisgarh,Raipur,D011,Raipur Agencies,Super Stockist,OUT0190,Modern Trade,SP034_Kavita,Snacks & Confectionery,SweetPuff Biscuit 100g,63.96,39,2494.44,8,199.56,2294.88,1970.28,Delivered,0,0.0,Direct,UPI/Online
ORD102490,2024-05-05,May-2024,Central,Madhya Pradesh,Bhopal,D029,Bhopal Distribution Co,Super Stockist,OUT0084,Wholesale Shop,SP035_Arjun,Beverages,OrangeZest Juice 1L,223.4,11,2457.4,10,245.74,2211.66,2149.83,Delivered,0,0.0,Direct,Cash
ORD100436,2024-05-05,May-2024,South,Telangana,Hyderabad,D012,Hyderabad Traders,Super Stockist,OUT0166,Wholesale Shop,SP031_Ravi,Personal Care,SilkTouch Lotion 200ml,39.09,30,1172.7,2,23.45,1149.25,1066.89,Delivered,0,0.0,Indirect,UPI/Online
ORD102078,2024-05-05,May-2024,Central,Chhattisgarh,Raipur,D022,Raipur Agencies,Super Stockist,OUT0141,Kirana/General Store,SP015_Arjun,Snacks & Confectionery,ChocoNut Bar 40g,290.88,35,10180.8,0,0.0,10180.8,10126.42,Returned,1,290.88,Indirect,UPI/Online
ORD103571,2024-05-05,May-2024,North,Punjab,Ludhiana,D015,Ludhiana Traders,Distributor,OUT0055,Wholesale Shop,SP014_Kavita,Beverages,MintCool Soda 300ml,101.69,18,1830.42,5,91.52,1738.9,1605.21,Delivered,0,0.0,Indirect,Credit
ORD102079,2024-05-05,May-2024,West,Gujarat,Surat,D027,Surat Agencies,Wholesaler,OUT0058,Kirana/General Store,SP016_Meera,Home Care,SparkleShine Dishwash 500ml,218.45,14,3058.3,5,152.92,2905.38,3253.38,Cancelled,0,0.0,Direct,Credit
ORD102283,2024-05-05,May-2024,Central,Chhattisgarh,Raipur,D022,Raipur Agencies,Super Stockist,OUT0186,Kirana/General Store,SP016_Meera,Beverages,MintCool Soda 300ml,273.97,40,10958.8,8,876.7,10082.1,11419.11,Pending,0,0.0,Direct,Credit
ORD101247,2024-05-05,May-2024,South,Karnataka,Bengaluru,D002,Bengaluru Marketing,Distributor,OUT0046,Modern Trade,SP007_Suresh,Snacks & Confectionery,CrispBite Chips 50g,58.05,26,1509.3,0,0.0,1509.3,1417.59,Delivered,0,0.0,Direct,Credit
ORD101805,2024-05-05,May-2024,South,Tamil Nadu,Coimbatore,D020,Coimbatore Marketing,Distributor,OUT0098,Wholesale Shop,SP035_Arjun,Beverages,MintCool Soda 300ml,166.05,13,2158.65,0,0.0,2158.65,2576.72,Delivered,0,0.0,Indirect,Credit
ORD101385,2024-05-05,May-2024,Central,Madhya Pradesh,Jabalpur,D025,Jabalpur Agencies,Wholesaler,OUT0009,Wholesale Shop,SP039_Deepak,Beverages,FreshSip Cola 500ml,254.28,10,2542.8,0,0.0,2542.8,2983.37,Delivered,0,0.0,Direct,Credit
ORD103006,2024-05-05,May-2024,North,Uttar Pradesh,Lucknow,D010,Lucknow Marketing,Distributor,OUT0067,Modern Trade,SP005_Vikram,Snacks & Confectionery,CrispBite Chips 50g,177.4,27,4789.8,2,95.8,4694.0,4892.15,Cancelled,0,0.0,Indirect,Cash
ORD103645,2024-05-06,May-2024,South,Karnataka,Mysuru,D017,Mysuru Enterprises,Distributor,OUT0079,Kirana/General Store,SP021_Rahul,Home Care,PureAir Freshener 250ml,225.77,29,6547.33,2,130.95,6416.38,7619.09,Delivered,0,0.0,Direct,Cash
ORD103490,2024-05-06,May-2024,Central,Chhattisgarh,Raipur,D009,Raipur Enterprises,Wholesaler,OUT0053,Modern Trade,SP023_Priya,Snacks & Confectionery,CrispBite Chips 50g,134.85,5,674.25,2,13.48,660.77,757.76,Delivered,0,0.0,Indirect,Cash
ORD100372,2024-05-06,May-2024,Central,Chhattisgarh,Raipur,D022,Raipur Agencies,Super Stockist,OUT0195,Supermarket,SP018_Rina,Home Care,ShineFloor Cleaner 1L,57.78,13,751.14,0,0.0,751.14,864.16,Delivered,0,0.0,Direct,UPI/Online
ORD103131,2024-05-06,May-2024,Central,Chhattisgarh,Raipur,D011,Raipur Agencies,Super Stockist,OUT0125,Supermarket,SP012_Divya,Snacks & Confectionery,CrispBite Chips 100g,160.86,36,5790.96,2,115.82,5675.14,6079.58,Delivered,0,0.0,Indirect,Cash
ORD101285,2024-05-06,May-2024,Central,Chhattisgarh,Raipur,D005,Raipur Enterprises,Wholesaler,OUT0135,Modern Trade,SP003_Priya,Personal Care,SilkTouch Lotion 200ml,134.33,17,2283.61,5,114.18,2169.43,2599.15,Delivered,0,0.0,Indirect,UPI/Online
ORD100265,2024-05-06,May-2024,East,Bihar,Patna,D014,Patna Distribution Co,Wholesaler,OUT0175,Wholesale Shop,SP005_Vikram,Dairy & Food Staples,PureDrop Milk 500ml,323.4,25,8085.0,0,0.0,8085.0,7248.58,Returned,8,2587.2,Indirect,Credit
ORD100939,2024-05-06,May-2024,East,West Bengal,Kolkata,D006,Kolkata Enterprises,Distributor,OUT0064,Modern Trade,SP010_Pooja,Personal Care,SilkTouch Lotion 200ml,170.28,19,3235.32,5,161.77,3073.55,3512.72,Delivered,0,0.0,Indirect,UPI/Online
ORD102709,2024-05-06,May-2024,North,Delhi,New Delhi,D003,New Delhi Traders,Super Stockist,OUT0006,Kirana/General Store,SP037_Sanjay,Dairy & Food Staples,DailyFresh Ghee 500ml,54.72,26,1422.72,0,0.0,1422.72,1257.56,Delivered,0,0.0,Direct,Credit
ORD102712,2024-05-06,May-2024,Central,Chhattisgarh,Raipur,D009,Raipur Enterprises,Wholesaler,OUT0171,Kirana/General Store,SP008_Neha,Dairy & Food Staples,SunRice Basmati 1kg,45.55,16,728.8,5,36.44,692.36,597.62,Cancelled,0,0.0,Indirect,Credit
ORD102027,2024-05-07,May-2024,West,Gujarat,Surat,D027,Surat Agencies,Wholesaler,OUT0058,Kirana/General Store,SP022_Amit,Personal Care,ShinyLocks Shampoo 200ml,105.35,7,737.45,10,73.74,663.71,741.08,Delivered,0,0.0,Indirect,Credit
ORD101728,2024-05-07,May-2024,North,Punjab,Amritsar,D018,Amritsar Traders,Wholesaler,OUT0198,Kirana/General Store,SP003_Priya,Dairy & Food Staples,DailyFresh Ghee 500ml,302.02,40,12080.8,0,0.0,12080.8,13107.26,Pending,0,0.0,Direct,Credit
ORD100438,2024-05-07,May-2024,Central,Chhattisgarh,Raipur,D022,Raipur Agencies,Super Stockist,OUT0162,Supermarket,SP023_Priya,Dairy & Food Staples,PureDrop Milk 500ml,287.67,9,2589.03,0,0.0,2589.03,3150.83,Delivered,0,0.0,Indirect,UPI/Online
ORD101929,2024-05-07,May-2024,East,Bihar,Patna,D014,Patna Distribution Co,Wholesaler,OUT0043,Modern Trade,SP002_Amit,Dairy & Food Staples,SunRice Basmati 1kg,160.76,22,3536.72,0,0.0,3536.72,4414.69,Pending,0,0.0,Indirect,Credit
ORD103899,2024-05-07,May-2024,Central,Madhya Pradesh,Bhopal,D029,Bhopal Distribution Co,Super Stockist,OUT0104,Supermarket,SP018_Rina,Dairy & Food Staples,DailyFresh Ghee 500ml,121.91,33,4023.03,2,80.46,3942.57,4901.75,Returned,3,365.73,Direct,Credit
ORD100489,2024-05-07,May-2024,Central,Madhya Pradesh,Jabalpur,D025,Jabalpur Agencies,Wholesaler,OUT0009,Wholesale Shop,SP013_Manoj,Home Care,CleanWave Detergent 1kg,243.09,43,10452.87,5,522.64,9930.23,9517.51,Delivered,0,0.0,Indirect,UPI/Online
ORD103883,2024-05-07,May-2024,Central,Chhattisgarh,Raipur,D009,Raipur Enterprises,Wholesaler,OUT0053,Modern Trade,SP018_Rina,Dairy & Food Staples,GoldenGrain Atta 5kg,227.12,42,9539.04,0,0.0,9539.04,9585.43,Delivered,0,0.0,Direct,Cash
ORD100429,2024-05-07,May-2024,North,Punjab,Amritsar,D018,Amritsar Traders,Wholesaler,OUT0025,Supermarket,SP008_Neha,Home Care,CleanWave Detergent 1kg,153.42,10,1534.2,5,76.71,1457.49,1509.43,Delivered,0,0.0,Indirect,Cash
ORD102466,2024-05-07,May-2024,West,Gujarat,Surat,D027,Surat Agencies,Wholesaler,OUT0158,Modern Trade,SP032_Divya,Beverages,MintCool Soda 300ml,196.54,26,5110.04,2,102.2,5007.84,4431.9,Delivered,0,0.0,Direct,UPI/Online
ORD101074,2024-05-07,May-2024,West,Gujarat,Surat,D027,Surat Agencies,Wholesaler,OUT0133,Convenience Store,SP029_Karan,Snacks & Confectionery,SweetPuff Biscuit 100g,52.52,33,1733.16,10,173.32,1559.84,1381.61,Delivered,0,0.0,Indirect,Credit
ORD102539,2024-05-07,May-2024,West,Gujarat,Surat,D027,Surat Agencies,Wholesaler,OUT0133,Convenience Store,SP034_Kavita,Snacks & Confectionery,SweetPuff Biscuit 100g,188.8,19,3587.2,10,358.72,3228.48,3822.49,Delivered,0,0.0,Indirect,Cash
ORD103614,2024-05-07,May-2024,North,Uttar Pradesh,Lucknow,D008,Lucknow Distribution Co,Distributor,OUT0157,Supermarket,SP016_Meera,Home Care,ShineFloor Cleaner 1L,271.14,11,2982.54,0,0.0,2982.54,2886.78,Delivered,0,0.0,Direct,Credit
ORD101287,2024-05-07,May-2024,South,Karnataka,Bengaluru,D002,Bengaluru Marketing,Distributor,OUT0046,Modern Trade,SP012_Divya,Dairy & Food Staples,SunRice Basmati 1kg,284.45,7,1991.15,2,39.82,1951.33,2151.75,Delivered,0,0.0,Indirect,UPI/Online
ORD101022,2024-05-08,May-2024,Central,Chhattisgarh,Raipur,D021,Raipur Traders,Super Stockist,OUT0126,Convenience Store,SP002_Amit,Home Care,SparkleShine Dishwash 500ml,339.4,25,8485.0,0,0.0,8485.0,8772.18,Delivered,0,0.0,Indirect,Cash
ORD101059,2024-05-08,May-2024,North,Punjab,Amritsar,D018,Amritsar Traders,Wholesaler,OUT0128,Modern Trade,SP022_Amit,Beverages,FreshSip Cola 500ml,154.1,31,4777.1,2,95.54,4681.56,4300.81,Delivered,0,0.0,Indirect,Credit
ORD101654,2024-05-08,May-2024,East,Odisha,Bhubaneswar,D007,Bhubaneswar Distribution Co,Super Stockist,OUT0035,Wholesale Shop,SP020_Shreya,Home Care,SparkleShine Dishwash 500ml,310.44,41,12728.04,5,636.4,12091.64,12043.4,Delivered,0,0.0,Direct,Cash
ORD100092,2024-05-08,May-2024,West,Goa,Panaji,D024,Panaji Marketing,Distributor,OUT0174,Convenience Store,SP029_Karan,Snacks & Confectionery,CrispBite Chips 50g,68.53,22,1507.66,2,30.15,1477.51,1547.02,Returned,6,411.18,Indirect,Credit
ORD102057,2024-05-08,May-2024,Central,Chhattisgarh,Raipur,D009,Raipur Enterprises,Wholesaler,OUT0164,Kirana/General Store,SP023_Priya,Dairy & Food Staples,DailyFresh Ghee 500ml,90.44,22,1989.68,10,198.97,1790.71,1778.8,Delivered,0,0.0,Indirect,Credit
ORD102924,2024-05-08,May-2024,South,Karnataka,Mysuru,D017,Mysuru Enterprises,Distributor,OUT0077,Wholesale Shop,SP021_Rahul,Dairy & Food Staples,GoldenGrain Atta 5kg,196.34,37,7264.58,8,581.17,6683.41,5716.09,Delivered,0,0.0,Indirect,Cash
ORD100328,2024-05-08,May-2024,East,West Bengal,Kolkata,D006,Kolkata Enterprises,Distributor,OUT0064,Modern Trade,SP020_Shreya,Home Care,SparkleShine Dishwash 500ml,189.13,60,11347.8,2,226.96,11120.84,12950.34,Delivered,0,0.0,Indirect,Cash
ORD100592,2024-05-08,May-2024,Central,Madhya Pradesh,Bhopal,D029,Bhopal Distribution Co,Super Stockist,OUT0143,Modern Trade,SP026_Anjali,Beverages,FreshSip Cola 500ml,332.56,26,8646.56,0,0.0,8646.56,7385.15,Returned,5,1662.8,Indirect,Credit
ORD101266,2024-05-08,May-2024,East,West Bengal,Kolkata,D006,Kolkata Enterprises,Distributor,OUT0078,Kirana/General Store,SP035_Arjun,Personal Care,ShinyLocks Shampoo 200ml,106.02,11,1166.22,10,116.62,1049.6,963.04,Delivered,0,0.0,Indirect,Cash
ORD100170,2024-05-08,May-2024,East,Odisha,Bhubaneswar,D028,Bhubaneswar Distribution Co,Wholesaler,OUT0014,Wholesale Shop,SP034_Kavita,Home Care,PureAir Freshener 250ml,98.8,18,1778.4,0,0.0,1778.4,1541.58,Delivered,0,0.0,Indirect,Cash
ORD103977,2024-05-08,May-2024,East,Odisha,Bhubaneswar,D007,Bhubaneswar Distribution Co,Super Stockist,OUT0062,Modern Trade,SP036_Meera,Home Care,CleanWave Detergent 1kg,152.28,71,10811.88,5,540.59,10271.29,11179.15,Delivered,0,0.0,Direct,Credit
ORD100188,2024-05-09,May-2024,Central,Madhya Pradesh,Jabalpur,D025,Jabalpur Agencies,Wholesaler,OUT0010,Supermarket,SP022_Amit,Snacks & Confectionery,ChocoNut Bar 40g,277.35,26,7211.1,12,865.33,6345.77,6999.69,Delivered,0,0.0,Direct,Cash
ORD100601,2024-05-09,May-2024,East,Odisha,Bhubaneswar,D007,Bhubaneswar Distribution Co,Super Stockist,OUT0050,Wholesale Shop,SP004_Sneha,Beverages,FreshSip Cola 500ml,294.21,36,10591.56,5,529.58,10061.98,9711.6,Delivered,0,0.0,Indirect,UPI/Online
ORD100891,2024-05-09,May-2024,West,Goa,Panaji,D019,Panaji Traders,Distributor,OUT0076,Modern Trade,SP028_Neha,Home Care,CleanWave Detergent 1kg,327.12,33,10794.96,12,1295.4,9499.56,11197.47,Delivered,0,0.0,Indirect,Credit
ORD103049,2024-05-09,May-2024,East,Odisha,Bhubaneswar,D007,Bhubaneswar Distribution Co,Super Stockist,OUT0040,Kirana/General Store,SP012_Divya,Personal Care,ShinyLocks Shampoo 200ml,255.91,43,11004.13,10,1100.41,9903.72,12059.95,Returned,12,3070.92,Indirect,UPI/Online
ORD102066,2024-05-09,May-2024,North,Uttar Pradesh,Lucknow,D008,Lucknow Distribution Co,Distributor,OUT0092,Convenience Store,SP018_Rina,Personal Care,FreshBreath Toothpaste 150g,40.61,13,527.93,0,0.0,527.93,521.38,Cancelled,0,0.0,Indirect,Cash
ORD102265,2024-05-09,May-2024,Central,Chhattisgarh,Raipur,D005,Raipur Enterprises,Wholesaler,OUT0036,Wholesale Shop,SP035_Arjun,Personal Care,FreshBreath Toothpaste 150g,333.43,41,13670.63,0,0.0,13670.63,16149.51,Delivered,0,0.0,Indirect,Credit
ORD103394,2024-05-09,May-2024,West,Rajasthan,Jodhpur,D013,Jodhpur Distribution Co,Super Stockist,OUT0155,Kirana/General Store,SP012_Divya,Personal Care,ShinyLocks Shampoo 200ml,89.77,34,3052.18,0,0.0,3052.18,2696.47,Delivered,0,0.0,Direct,UPI/Online
ORD102288,2024-05-09,May-2024,West,Goa,Panaji,D024,Panaji Marketing,Distributor,OUT0150,Convenience Store,SP019_Deepak,Beverages,MintCool Soda 300ml,325.82,14,4561.48,2,91.23,4470.25,3872.13,Delivered,0,0.0,Direct,Credit
ORD100525,2024-05-09,May-2024,North,Delhi,New Delhi,D003,New Delhi Traders,Super Stockist,OUT0122,Modern Trade,SP001_Rahul,Snacks & Confectionery,CrispBite Chips 100g,44.45,37,1644.65,8,131.57,1513.08,1889.64,Delivered,0,0.0,Indirect,UPI/Online
ORD101896,2024-05-09,May-2024,South,Tamil Nadu,Coimbatore,D020,Coimbatore Marketing,Distributor,OUT0109,Wholesale Shop,SP035_Arjun,Personal Care,FreshBreath Toothpaste 150g,60.13,22,1322.86,12,158.74,1164.12,1183.89,Delivered,0,0.0,Indirect,Cash
ORD102369,2024-05-09,May-2024,Central,Chhattisgarh,Raipur,D011,Raipur Agencies,Super Stockist,OUT0125,Supermarket,SP014_Kavita,Home Care,ShineFloor Cleaner 1L,169.34,16,2709.44,0,0.0,2709.44,3104.53,Delivered,0,0.0,Indirect,Credit
ORD102126,2024-05-09,May-2024,Central,Chhattisgarh,Raipur,D026,Raipur Agencies,Distributor,OUT0154,Kirana/General Store,SP009_Karan,Beverages,MintCool Soda 300ml,272.14,66,17961.24,0,0.0,17961.24,18366.2,Delivered,0,0.0,Direct,Credit
ORD102978,2024-05-09,May-2024,North,Delhi,New Delhi,D003,New Delhi Traders,Super Stockist,OUT0023,Convenience Store,SP014_Kavita,Personal Care,FreshBreath Toothpaste 150g,255.38,20,5107.6,0,0.0,5107.6,6224.64,Delivered,0,0.0,Indirect,Credit
ORD102053,2024-05-10,May-2024,North,Uttar Pradesh,Lucknow,D008,Lucknow Distribution Co,Distributor,OUT0029,Kirana/General Store,SP032_Divya,Home Care,ShineFloor Cleaner 1L,75.23,21,1579.83,2,31.6,1548.23,1865.49,Pending,0,0.0,Indirect,UPI/Online
ORD101337,2024-05-10,May-2024,East,West Bengal,Kolkata,D006,Kolkata Enterprises,Distributor,OUT0064,Modern Trade,SP025_Vikram,Dairy & Food Staples,GoldenGrain Atta 5kg,94.86,9,853.74,2,17.07,836.67,768.29,Delivered,0,0.0,Direct,Cash
ORD102586,2024-05-10,May-2024,West,Goa,Panaji,D024,Panaji Marketing,Distributor,OUT0150,Convenience Store,SP037_Sanjay,Snacks & Confectionery,SweetPuff Biscuit 100g,145.9,26,3793.4,8,303.47,3489.93,3262.33,Delivered,0,0.0,Indirect,UPI/Online
ORD102425,2024-05-10,May-2024,Central,Chhattisgarh,Raipur,D005,Raipur Enterprises,Wholesaler,OUT0102,Convenience Store,SP015_Arjun,Personal Care,GlowSoft Soap 100g,231.77,43,9966.11,8,797.29,9168.82,9502.58,Delivered,0,0.0,Indirect,Cash
ORD101990,2024-05-10,May-2024,West,Rajasthan,Jodhpur,D013,Jodhpur Distribution Co,Super Stockist,OUT0155,Kirana/General Store,SP028_Neha,Beverages,FreshSip Cola 500ml,305.11,48,14645.28,12,1757.43,12887.85,13616.48,Delivered,0,0.0,Direct,Credit
ORD100816,2024-05-10,May-2024,South,Tamil Nadu,Coimbatore,D023,Coimbatore Marketing,Super Stockist,OUT0018,Convenience Store,SP001_Rahul,Personal Care,FreshBreath Toothpaste 150g,210.35,41,8624.35,2,172.49,8451.86,8702.3,Delivered,0,0.0,Indirect,Credit
ORD101914,2024-05-10,May-2024,Central,Madhya Pradesh,Bhopal,D029,Bhopal Distribution Co,Super Stockist,OUT0104,Supermarket,SP023_Priya,Beverages,FreshSip Cola 250ml,296.11,18,5329.98,0,0.0,5329.98,5760.48,Delivered,0,0.0,Indirect,UPI/Online
ORD101636,2024-05-11,May-2024,East,West Bengal,Kolkata,D006,Kolkata Enterprises,Distributor,OUT0170,Wholesale Shop,SP023_Priya,Home Care,PureAir Freshener 250ml,344.77,32,11032.64,5,551.63,10481.01,12570.44,Delivered,0,0.0,Direct,Cash
ORD100457,2024-05-11,May-2024,South,Tamil Nadu,Coimbatore,D023,Coimbatore Marketing,Super Stockist,OUT0028,Kirana/General Store,SP027_Suresh,Beverages,FreshSip Cola 250ml,136.51,60,8190.6,10,819.06,7371.54,7502.6,Cancelled,0,0.0,Direct,UPI/Online
ORD101086,2024-05-11,May-2024,West,Rajasthan,Jodhpur,D013,Jodhpur Distribution Co,Super Stockist,OUT0019,Convenience Store,SP031_Ravi,Beverages,FreshSip Cola 250ml,260.65,28,7298.2,8,583.86,6714.34,6777.4,Delivered,0,0.0,Direct,Cash
ORD101233,2024-05-11,May-2024,East,Odisha,Bhubaneswar,D007,Bhubaneswar Distribution Co,Super Stockist,OUT0091,Convenience Store,SP016_Meera,Home Care,ShineFloor Cleaner 1L,93.67,20,1873.4,5,93.67,1779.73,1516.58,Returned,6,562.02,Indirect,Cash
ORD103887,2024-05-11,May-2024,North,Uttar Pradesh,Lucknow,D010,Lucknow Marketing,Distributor,OUT0137,Convenience Store,SP013_Manoj,Personal Care,ShinyLocks Shampoo 200ml,92.62,17,1574.54,5,78.73,1495.81,1291.86,Delivered,0,0.0,Direct,Cash
ORD100298,2024-05-11,May-2024,South,Tamil Nadu,Coimbatore,D020,Coimbatore Marketing,Distributor,OUT0196,Wholesale Shop,SP023_Priya,Home Care,ShineFloor Cleaner 1L,297.43,21,6246.03,2,124.92,6121.11,6447.64,Delivered,0,0.0,Indirect,UPI/Online
ORD101469,2024-05-11,May-2024,North,Uttar Pradesh,Lucknow,D008,Lucknow Distribution Co,Distributor,OUT0005,Wholesale Shop,SP025_Vikram,Dairy & Food Staples,PureDrop Milk 500ml,208.29,28,5832.12,2,116.64,5715.48,5947.16,Delivered,0,0.0,Indirect,UPI/Online
ORD100745,2024-05-11,May-2024,South,Karnataka,Mysuru,D017,Mysuru Enterprises,Distributor,OUT0077,Wholesale Shop,SP005_Vikram,Beverages,MintCool Soda 300ml,300.2,17,5103.4,0,0.0,5103.4,5458.41,Pending,0,0.0,Indirect,Cash
ORD103146,2024-05-11,May-2024,West,Gujarat,Surat,D027,Surat Agencies,Wholesaler,OUT0160,Supermarket,SP014_Kavita,Snacks & Confectionery,SweetPuff Biscuit 100g,332.35,22,7311.7,0,0.0,7311.7,8048.41,Delivered,0,0.0,Indirect,UPI/Online
ORD101734,2024-05-12,May-2024,East,West Bengal,Kolkata,D006,Kolkata Enterprises,Distributor,OUT0127,Modern Trade,SP040_Shreya,Snacks & Confectionery,CrispBite Chips 100g,53.08,20,1061.6,2,21.23,1040.37,1098.07,Delivered,0,0.0,Indirect,Cash
ORD101529,2024-05-12,May-2024,North,Delhi,New Delhi,D003,New Delhi Traders,Super Stockist,OUT0122,Modern Trade,SP008_Neha,Personal Care,SilkTouch Lotion 200ml,131.29,42,5514.18,5,275.71,5238.47,4916.04,Delivered,0,0.0,Indirect,Cash
ORD101894,2024-05-12,May-2024,North,Punjab,Ludhiana,D015,Ludhiana Traders,Distributor,OUT0051,Supermarket,SP019_Deepak,Dairy & Food Staples,SunRice Basmati 1kg,56.66,41,2323.06,0,0.0,2323.06,2344.39,Delivered,0,0.0,Indirect,Credit
ORD101891,2024-05-12,May-2024,Central,Chhattisgarh,Raipur,D011,Raipur Agencies,Super Stockist,OUT0190,Modern Trade,SP022_Amit,Beverages,MintCool Soda 300ml,280.47,22,6170.34,12,740.44,5429.9,5336.3,Delivered,0,0.0,Indirect,Credit
ORD103457,2024-05-12,May-2024,Central,Madhya Pradesh,Jabalpur,D030,Jabalpur Distribution Co,Distributor,OUT0002,Convenience Store,SP010_Pooja,Personal Care,GlowSoft Soap 100g,80.2,22,1764.4,12,211.73,1552.67,1772.79,Returned,6,481.2,Indirect,UPI/Online
ORD101159,2024-05-12,May-2024,East,Odisha,Bhubaneswar,D007,Bhubaneswar Distribution Co,Super Stockist,OUT0062,Modern Trade,SP004_Sneha,Personal Care,SilkTouch Lotion 200ml,318.3,24,7639.2,5,381.96,7257.24,6296.04,Delivered,0,0.0,Indirect,Cash
ORD103450,2024-05-12,May-2024,North,Punjab,Amritsar,D018,Amritsar Traders,Wholesaler,OUT0198,Kirana/General Store,SP012_Divya,Home Care,ShineFloor Cleaner 1L,339.96,29,9858.84,2,197.18,9661.66,10753.64,Delivered,0,0.0,Indirect,Credit
ORD100506,2024-05-12,May-2024,Central,Chhattisgarh,Raipur,D022,Raipur Agencies,Super Stockist,OUT0186,Kirana/General Store,SP006_Anjali,Dairy & Food Staples,GoldenGrain Atta 5kg,122.24,23,2811.52,2,56.23,2755.29,3255.16,Delivered,0,0.0,Indirect,Credit
ORD102800,2024-05-12,May-2024,Central,Chhattisgarh,Raipur,D005,Raipur Enterprises,Wholesaler,OUT0102,Convenience Store,SP029_Karan,Home Care,SparkleShine Dishwash 500ml,256.01,10,2560.1,12,307.21,2252.89,1944.62,Delivered,0,0.0,Indirect,UPI/Online
ORD100508,2024-05-13,May-2024,West,Goa,Panaji,D024,Panaji Marketing,Distributor,OUT0150,Convenience Store,SP004_Sneha,Personal Care,SilkTouch Lotion 200ml,136.96,32,4382.72,0,0.0,4382.72,4695.42,Delivered,0,0.0,Indirect,Credit
ORD102538,2024-05-13,May-2024,North,Uttar Pradesh,Lucknow,D008,Lucknow Distribution Co,Distributor,OUT0161,Kirana/General Store,SP032_Divya,Personal Care,ShinyLocks Shampoo 200ml,199.81,3,599.43,10,59.94,539.49,660.04,Delivered,0,0.0,Indirect,Credit
ORD101267,2024-05-13,May-2024,Central,Madhya Pradesh,Bhopal,D029,Bhopal Distribution Co,Super Stockist,OUT0003,Convenience Store,SP026_Anjali,Personal Care,FreshBreath Toothpaste 150g,291.19,29,8444.51,0,0.0,8444.51,8899.69,Delivered,0,0.0,Indirect,Credit
ORD100642,2024-05-13,May-2024,Central,Madhya Pradesh,Bhopal,D029,Bhopal Distribution Co,Super Stockist,OUT0138,Kirana/General Store,SP026_Anjali,Home Care,PureAir Freshener 250ml,231.7,29,6719.3,0,0.0,6719.3,6816.87,Delivered,0,0.0,Indirect,UPI/Online
ORD101905,2024-05-13,May-2024,East,West Bengal,Kolkata,D006,Kolkata Enterprises,Distributor,OUT0078,Kirana/General Store,SP024_Sneha,Dairy & Food Staples,GoldenGrain Atta 5kg,243.89,22,5365.58,12,643.87,4721.71,4598.49,Pending,0,0.0,Indirect,Cash
ORD102130,2024-05-13,May-2024,South,Tamil Nadu,Coimbatore,D023,Coimbatore Marketing,Super Stockist,OUT0028,Kirana/General Store,SP006_Anjali,Beverages,MintCool Soda 300ml,175.24,21,3680.04,0,0.0,3680.04,4427.55,Delivered,0,0.0,Indirect,Cash
ORD100428,2024-05-13,May-2024,Central,Chhattisgarh,Raipur,D022,Raipur Agencies,Super Stockist,OUT0045,Kirana/General Store,SP036_Meera,Beverages,MintCool Soda 300ml,108.31,7,758.17,0,0.0,758.17,793.91,Delivered,0,0.0,Indirect,UPI/Online
ORD100876,2024-05-13,May-2024,North,Delhi,New Delhi,D001,New Delhi Traders,Super Stockist,OUT0180,Wholesale Shop,SP003_Priya,Snacks & Confectionery,SweetPuff Biscuit 100g,155.03,11,1705.33,5,85.27,1620.06,1574.11,Delivered,0,0.0,Direct,UPI/Online
ORD103957,2024-05-13,May-2024,Central,Chhattisgarh,Raipur,D005,Raipur Enterprises,Wholesaler,OUT0011,Modern Trade,SP001_Rahul,Dairy & Food Staples,SunRice Basmati 1kg,172.37,16,2757.92,2,55.16,2702.76,3370.51,Delivered,0,0.0,Indirect,Cash
ORD102404,2024-05-13,May-2024,Central,Madhya Pradesh,Jabalpur,D004,Jabalpur Traders,Wholesaler,OUT0041,Modern Trade,SP019_Deepak,Dairy & Food Staples,PureDrop Milk 500ml,189.46,9,1705.14,5,85.26,1619.88,1932.85,Delivered,0,0.0,Indirect,Cash
ORD102856,2024-05-13,May-2024,South,Tamil Nadu,Coimbatore,D023,Coimbatore Marketing,Super Stockist,OUT0068,Wholesale Shop,SP035_Arjun,Home Care,CleanWave Detergent 1kg,337.21,18,6069.78,0,0.0,6069.78,6030.86,Delivered,0,0.0,Indirect,Cash
ORD100366,2024-05-14,May-2024,Central,Chhattisgarh,Raipur,D011,Raipur Agencies,Super Stockist,OUT0090,Convenience Store,SP016_Meera,Beverages,MintCool Soda 300ml,55.65,39,2170.35,2,43.41,2126.94,2600.61,Delivered,0,0.0,Indirect,Cash
ORD101078,2024-05-14,May-2024,North,Delhi,New Delhi,D001,New Delhi Traders,Super Stockist,OUT0180,Wholesale Shop,SP017_Sanjay,Snacks & Confectionery,CrispBite Chips 50g,73.12,32,2339.84,0,0.0,2339.84,2148.99,Returned,7,511.84,Indirect,UPI/Online
ORD103253,2024-05-14,May-2024,East,Bihar,Patna,D014,Patna Distribution Co,Wholesaler,OUT0088,Wholesale Shop,SP004_Sneha,Beverages,FreshSip Cola 250ml,37.17,38,1412.46,8,113.0,1299.46,1419.71,Delivered,0,0.0,Indirect,Cash
ORD101975,2024-05-14,May-2024,Central,Chhattisgarh,Raipur,D009,Raipur Enterprises,Wholesaler,OUT0121,Kirana/General Store,SP023_Priya,Personal Care,FreshBreath Toothpaste 150g,108.7,19,2065.3,0,0.0,2065.3,1848.21,Delivered,0,0.0,Direct,Credit
ORD103586,2024-05-14,May-2024,East,Odisha,Bhubaneswar,D028,Bhubaneswar Distribution Co,Wholesaler,OUT0044,Kirana/General Store,SP038_Rina,Home Care,PureAir Freshener 250ml,211.35,28,5917.8,8,473.42,5444.38,5908.95,Returned,3,634.05,Direct,UPI/Online
ORD102616,2024-05-14,May-2024,South,Tamil Nadu,Coimbatore,D023,Coimbatore Marketing,Super Stockist,OUT0018,Convenience Store,SP006_Anjali,Snacks & Confectionery,CrispBite Chips 100g,27.14,13,352.82,0,0.0,352.82,323.84,Pending,0,0.0,Direct,Cash
ORD100620,2024-05-14,May-2024,North,Delhi,New Delhi,D001,New Delhi Traders,Super Stockist,OUT0149,Supermarket,SP024_Sneha,Dairy & Food Staples,GoldenGrain Atta 5kg,75.51,24,1812.24,2,36.24,1776.0,2190.25,Delivered,0,0.0,Direct,Credit
ORD100352,2024-05-14,May-2024,Central,Madhya Pradesh,Jabalpur,D004,Jabalpur Traders,Wholesaler,OUT0172,Wholesale Shop,SP026_Anjali,Home Care,PureAir Freshener 250ml,285.62,28,7997.36,12,959.68,7037.68,6839.92,Delivered,0,0.0,Indirect,UPI/Online
ORD103370,2024-05-14,May-2024,West,Rajasthan,Jodhpur,D013,Jodhpur Distribution Co,Super Stockist,OUT0177,Wholesale Shop,SP013_Manoj,Personal Care,ShinyLocks Shampoo 200ml,168.77,13,2194.01,5,109.7,2084.31,2376.46,Delivered,0,0.0,Indirect,Credit
ORD103111,2024-05-14,May-2024,North,Uttar Pradesh,Lucknow,D008,Lucknow Distribution Co,Distributor,OUT0049,Supermarket,SP004_Sneha,Beverages,OrangeZest Juice 1L,257.24,52,13376.48,0,0.0,13376.48,15828.28,Delivered,0,0.0,Direct,Credit
ORD100986,2024-05-14,May-2024,South,Karnataka,Mysuru,D017,Mysuru Enterprises,Distributor,OUT0077,Wholesale Shop,SP027_Suresh,Home Care,CleanWave Detergent 1kg,71.08,11,781.88,0,0.0,781.88,792.02,Delivered,0,0.0,Indirect,Credit
ORD102033,2024-05-14,May-2024,East,Odisha,Bhubaneswar,D007,Bhubaneswar Distribution Co,Super Stockist,OUT0140,Supermarket,SP033_Manoj,Home Care,CleanWave Detergent 1kg,256.84,10,2568.4,2,51.37,2517.03,2318.96,Delivered,0,0.0,Indirect,UPI/Online
ORD103004,2024-05-14,May-2024,Central,Chhattisgarh,Raipur,D021,Raipur Traders,Super Stockist,OUT0057,Wholesale Shop,SP019_Deepak,Snacks & Confectionery,ChocoNut Bar 40g,262.32,9,2360.88,0,0.0,2360.88,2444.29,Delivered,0,0.0,Indirect,Cash
ORD103090,2024-05-15,May-2024,North,Uttar Pradesh,Lucknow,D008,Lucknow Distribution Co,Distributor,OUT0005,Wholesale Shop,SP038_Rina,Dairy & Food Staples,GoldenGrain Atta 5kg,73.77,14,1032.78,10,103.28,929.5,861.5,Delivered,0,0.0,Direct,Cash
ORD103716,2024-05-15,May-2024,Central,Madhya Pradesh,Bhopal,D029,Bhopal Distribution Co,Super Stockist,OUT0063,Kirana/General Store,SP002_Amit,Beverages,FreshSip Cola 250ml,251.78,27,6798.06,12,815.77,5982.29,6428.75,Delivered,0,0.0,Indirect,Cash
ORD103292,2024-05-15,May-2024,West,Goa,Panaji,D019,Panaji Traders,Distributor,OUT0037,Modern Trade,SP033_Manoj,Home Care,ShineFloor Cleaner 1L,186.66,30,5599.8,2,112.0,5487.8,5836.17,Delivered,0,0.0,Direct,Cash
ORD101092,2024-05-15,May-2024,West,Gujarat,Surat,D027,Surat Agencies,Wholesaler,OUT0133,Convenience Store,SP032_Divya,Personal Care,SilkTouch Lotion 200ml,91.04,16,1456.64,5,72.83,1383.81,1691.87,Delivered,0,0.0,Indirect,Credit
ORD103205,2024-05-15,May-2024,South,Karnataka,Bengaluru,D002,Bengaluru Marketing,Distributor,OUT0075,Kirana/General Store,SP033_Manoj,Personal Care,GlowSoft Soap 100g,80.95,11,890.45,5,44.52,845.93,1048.05,Cancelled,0,0.0,Indirect,Cash
ORD101642,2024-05-15,May-2024,West,Goa,Panaji,D024,Panaji Marketing,Distributor,OUT0174,Convenience Store,SP018_Rina,Personal Care,FreshBreath Toothpaste 150g,224.3,23,5158.9,0,0.0,5158.9,5383.91,Delivered,0,0.0,Direct,Credit
ORD100664,2024-05-15,May-2024,Central,Chhattisgarh,Raipur,D009,Raipur Enterprises,Wholesaler,OUT0053,Modern Trade,SP023_Priya,Snacks & Confectionery,CrispBite Chips 100g,260.55,17,4429.35,5,221.47,4207.88,4005.03,Delivered,0,0.0,Indirect,UPI/Online
ORD101263,2024-05-15,May-2024,South,Telangana,Hyderabad,D012,Hyderabad Traders,Super Stockist,OUT0166,Wholesale Shop,SP033_Manoj,Beverages,OrangeZest Juice 1L,34.57,16,553.12,10,55.31,497.81,530.17,Delivered,0,0.0,Indirect,Credit
ORD101426,2024-05-15,May-2024,North,Punjab,Ludhiana,D015,Ludhiana Traders,Distributor,OUT0055,Wholesale Shop,SP033_Manoj,Beverages,MintCool Soda 300ml,215.89,21,4533.69,0,0.0,4533.69,4958.85,Delivered,0,0.0,Direct,Credit
ORD102071,2024-05-15,May-2024,Central,Chhattisgarh,Raipur,D022,Raipur Agencies,Super Stockist,OUT0182,Supermarket,SP024_Sneha,Home Care,PureAir Freshener 250ml,230.78,9,2077.02,2,41.54,2035.48,2525.77,Delivered,0,0.0,Direct,Credit
ORD101490,2024-05-15,May-2024,South,Telangana,Hyderabad,D012,Hyderabad Traders,Super Stockist,OUT0183,Modern Trade,SP010_Pooja,Beverages,FreshSip Cola 250ml,131.44,31,4074.64,2,81.49,3993.15,4011.51,Delivered,0,0.0,Indirect,Cash
ORD100050,2024-05-15,May-2024,East,West Bengal,Kolkata,D006,Kolkata Enterprises,Distributor,OUT0170,Wholesale Shop,SP005_Vikram,Beverages,FreshSip Cola 500ml,28.37,13,368.81,0,0.0,368.81,394.51,Delivered,0,0.0,Direct,UPI/Online
ORD101467,2024-05-15,May-2024,South,Tamil Nadu,Coimbatore,D020,Coimbatore Marketing,Distributor,OUT0185,Convenience Store,SP021_Rahul,Snacks & Confectionery,SweetPuff Biscuit 100g,20.02,19,380.38,8,30.43,349.95,299.65,Cancelled,0,0.0,Indirect,Credit
ORD103376,2024-05-15,May-2024,North,Delhi,New Delhi,D001,New Delhi Traders,Super Stockist,OUT0110,Wholesale Shop,SP036_Meera,Home Care,CleanWave Detergent 1kg,48.99,20,979.8,5,48.99,930.81,1033.92,Delivered,0,0.0,Direct,Cash
ORD103613,2024-05-16,May-2024,East,Odisha,Bhubaneswar,D028,Bhubaneswar Distribution Co,Wholesaler,OUT0146,Supermarket,SP004_Sneha,Home Care,ShineFloor Cleaner 1L,138.53,19,2632.07,10,263.21,2368.86,2437.02,Delivered,0,0.0,Indirect,UPI/Online
ORD103523,2024-05-16,May-2024,Central,Chhattisgarh,Raipur,D005,Raipur Enterprises,Wholesaler,OUT0102,Convenience Store,SP024_Sneha,Home Care,SparkleShine Dishwash 500ml,237.09,20,4741.8,5,237.09,4504.71,4695.93,Delivered,0,0.0,Indirect,Cash
ORD101141,2024-05-16,May-2024,Central,Chhattisgarh,Raipur,D026,Raipur Agencies,Distributor,OUT0039,Modern Trade,SP030_Pooja,Dairy & Food Staples,PureDrop Milk 500ml,332.11,27,8966.97,10,896.7,8070.27,9293.12,Delivered,0,0.0,Indirect,Credit
ORD102332,2024-05-16,May-2024,South,Telangana,Hyderabad,D012,Hyderabad Traders,Super Stockist,OUT0142,Wholesale Shop,SP038_Rina,Personal Care,ShinyLocks Shampoo 200ml,307.93,29,8929.97,0,0.0,8929.97,7984.23,Delivered,0,0.0,Direct,UPI/Online
ORD102326,2024-05-16,May-2024,East,Odisha,Bhubaneswar,D028,Bhubaneswar Distribution Co,Wholesaler,OUT0014,Wholesale Shop,SP028_Neha,Home Care,ShineFloor Cleaner 1L,223.89,13,2910.57,0,0.0,2910.57,3189.88,Cancelled,0,0.0,Indirect,Credit
ORD100191,2024-05-16,May-2024,North,Uttar Pradesh,Lucknow,D008,Lucknow Distribution Co,Distributor,OUT0022,Supermarket,SP035_Arjun,Home Care,CleanWave Detergent 1kg,307.61,24,7382.64,12,885.92,6496.72,5860.27,Delivered,0,0.0,Indirect,Cash
ORD101897,2024-05-16,May-2024,South,Karnataka,Bengaluru,D002,Bengaluru Marketing,Distributor,OUT0046,Modern Trade,SP021_Rahul,Personal Care,FreshBreath Toothpaste 150g,251.57,34,8553.38,2,171.07,8382.31,10231.64,Delivered,0,0.0,Indirect,Credit
ORD101850,2024-05-16,May-2024,North,Uttar Pradesh,Lucknow,D008,Lucknow Distribution Co,Distributor,OUT0022,Supermarket,SP013_Manoj,Snacks & Confectionery,SweetPuff Biscuit 100g,147.29,42,6186.18,0,0.0,6186.18,7658.05,Delivered,0,0.0,Direct,UPI/Online
ORD103001,2024-05-16,May-2024,East,Bihar,Patna,D014,Patna Distribution Co,Wholesaler,OUT0173,Convenience Store,SP003_Priya,Snacks & Confectionery,CrispBite Chips 50g,266.11,15,3991.65,0,0.0,3991.65,3429.73,Delivered,0,0.0,Indirect,UPI/Online
ORD100733,2024-05-16,May-2024,Central,Chhattisgarh,Raipur,D005,Raipur Enterprises,Wholesaler,OUT0136,Kirana/General Store,SP014_Kavita,Beverages,FreshSip Cola 250ml,233.05,34,7923.7,0,0.0,7923.7,9162.52,Delivered,0,0.0,Indirect,Cash
ORD102799,2024-05-16,May-2024,North,Uttar Pradesh,Lucknow,D010,Lucknow Marketing,Distributor,OUT0137,Convenience Store,SP009_Karan,Home Care,SparkleShine Dishwash 500ml,166.65,22,3666.3,2,73.33,3592.97,3584.22,Delivered,0,0.0,Indirect,Credit
ORD100054,2024-05-16,May-2024,West,Goa,Panaji,D019,Panaji Traders,Distributor,OUT0037,Modern Trade,SP039_Deepak,Beverages,FreshSip Cola 250ml,176.48,22,3882.56,0,0.0,3882.56,3919.06,Delivered,0,0.0,Direct,Credit
ORD100031,2024-05-17,May-2024,West,Rajasthan,Jodhpur,D013,Jodhpur Distribution Co,Super Stockist,OUT0083,Kirana/General Store,SP016_Meera,Snacks & Confectionery,CrispBite Chips 50g,316.08,29,9166.32,5,458.32,8708.0,8618.17,Delivered,0,0.0,Direct,Credit
ORD100536,2024-05-17,May-2024,South,Karnataka,Mysuru,D017,Mysuru Enterprises,Distributor,OUT0188,Convenience Store,SP008_Neha,Beverages,OrangeZest Juice 1L,248.48,23,5715.04,0,0.0,5715.04,5294.25,Delivered,0,0.0,Indirect,Cash
ORD102658,2024-05-17,May-2024,South,Karnataka,Mysuru,D017,Mysuru Enterprises,Distributor,OUT0101,Convenience Store,SP007_Suresh,Snacks & Confectionery,CrispBite Chips 100g,143.49,25,3587.25,8,286.98,3300.27,3880.36,Delivered,0,0.0,Indirect,UPI/Online
ORD101863,2024-05-17,May-2024,North,Delhi,New Delhi,D001,New Delhi Traders,Super Stockist,OUT0024,Wholesale Shop,SP017_Sanjay,Dairy & Food Staples,GoldenGrain Atta 5kg,39.4,12,472.8,0,0.0,472.8,547.91,Delivered,0,0.0,Direct,Credit
ORD100702,2024-05-17,May-2024,East,West Bengal,Kolkata,D006,Kolkata Enterprises,Distributor,OUT0106,Modern Trade,SP008_Neha,Snacks & Confectionery,CrispBite Chips 50g,40.47,24,971.28,10,97.13,874.15,1078.63,Delivered,0,0.0,Direct,Credit
ORD100663,2024-05-17,May-2024,West,Goa,Panaji,D024,Panaji Marketing,Distributor,OUT0047,Convenience Store,SP016_Meera,Snacks & Confectionery,SweetPuff Biscuit 100g,294.4,9,2649.6,5,132.48,2517.12,2544.33,Delivered,0,0.0,Indirect,Cash
ORD101048,2024-05-17,May-2024,Central,Chhattisgarh,Raipur,D009,Raipur Enterprises,Wholesaler,OUT0164,Kirana/General Store,SP004_Sneha,Dairy & Food Staples,SunRice Basmati 1kg,204.52,10,2045.2,0,0.0,2045.2,2217.53,Delivered,0,0.0,Indirect,UPI/Online
ORD103238,2024-05-17,May-2024,Central,Chhattisgarh,Raipur,D009,Raipur Enterprises,Wholesaler,OUT0121,Kirana/General Store,SP010_Pooja,Snacks & Confectionery,ChocoNut Bar 40g,121.76,25,3044.0,0,0.0,3044.0,3345.59,Delivered,0,0.0,Indirect,Credit
ORD103773,2024-05-17,May-2024,East,Odisha,Bhubaneswar,D007,Bhubaneswar Distribution Co,Super Stockist,OUT0040,Kirana/General Store,SP022_Amit,Snacks & Confectionery,SweetPuff Biscuit 100g,242.05,34,8229.7,2,164.59,8065.11,9069.14,Delivered,0,0.0,Direct,Cash
ORD101257,2024-05-17,May-2024,North,Delhi,New Delhi,D001,New Delhi Traders,Super Stockist,OUT0149,Supermarket,SP029_Karan,Home Care,CleanWave Detergent 1kg,83.93,9,755.37,8,60.43,694.94,852.05,Delivered,0,0.0,Direct,Cash
ORD101341,2024-05-17,May-2024,North,Punjab,Amritsar,D018,Amritsar Traders,Wholesaler,OUT0192,Supermarket,SP011_Ravi,Snacks & Confectionery,SweetPuff Biscuit 100g,327.41,51,16697.91,2,333.96,16363.95,15279.27,Delivered,0,0.0,Indirect,Cash
ORD100377,2024-05-17,May-2024,West,Rajasthan,Jodhpur,D013,Jodhpur Distribution Co,Super Stockist,OUT0083,Kirana/General Store,SP037_Sanjay,Personal Care,FreshBreath Toothpaste 150g,204.35,14,2860.9,5,143.04,2717.86,3229.47,Delivered,0,0.0,Indirect,Cash
ORD101471,2024-05-17,May-2024,Central,Chhattisgarh,Raipur,D009,Raipur Enterprises,Wholesaler,OUT0053,Modern Trade,SP028_Neha,Dairy & Food Staples,SunRice Basmati 1kg,330.86,13,4301.18,2,86.02,4215.16,4138.3,Delivered,0,0.0,Direct,Cash
ORD101516,2024-05-17,May-2024,North,Uttar Pradesh,Lucknow,D008,Lucknow Distribution Co,Distributor,OUT0022,Supermarket,SP003_Priya,Dairy & Food Staples,PureDrop Milk 500ml,135.0,29,3915.0,2,78.3,3836.7,4728.38,Delivered,0,0.0,Indirect,Credit
ORD103862,2024-05-18,May-2024,East,Odisha,Bhubaneswar,D007,Bhubaneswar Distribution Co,Super Stockist,OUT0200,Modern Trade,SP031_Ravi,Personal Care,FreshBreath Toothpaste 150g,84.64,31,2623.84,5,131.19,2492.65,2784.76,Delivered,0,0.0,Indirect,Credit
ORD103511,2024-05-18,May-2024,North,Uttar Pradesh,Lucknow,D008,Lucknow Distribution Co,Distributor,OUT0054,Kirana/General Store,SP020_Shreya,Snacks & Confectionery,CrispBite Chips 50g,185.22,40,7408.8,2,148.18,7260.62,7187.58,Delivered,0,0.0,Indirect,Cash
ORD102788,2024-05-18,May-2024,East,Bihar,Patna,D014,Patna Distribution Co,Wholesaler,OUT0043,Modern Trade,SP038_Rina,Dairy & Food Staples,SunRice Basmati 1kg,327.13,26,8505.38,5,425.27,8080.11,8340.98,Returned,3,981.39,Indirect,Credit
ORD102812,2024-05-18,May-2024,East,West Bengal,Kolkata,D006,Kolkata Enterprises,Distributor,OUT0106,Modern Trade,SP040_Shreya,Dairy & Food Staples,PureDrop Milk 500ml,275.42,12,3305.04,0,0.0,3305.04,3284.99,Cancelled,0,0.0,Indirect,Credit
ORD100994,2024-05-18,May-2024,South,Karnataka,Mysuru,D017,Mysuru Enterprises,Distributor,OUT0176,Kirana/General Store,SP010_Pooja,Personal Care,GlowSoft Soap 100g,152.75,22,3360.5,2,67.21,3293.29,3817.37,Delivered,0,0.0,Indirect,Credit
ORD101607,2024-05-18,May-2024,South,Karnataka,Bengaluru,D002,Bengaluru Marketing,Distributor,OUT0179,Modern Trade,SP021_Rahul,Snacks & Confectionery,CrispBite Chips 100g,286.43,40,11457.2,0,0.0,11457.2,10994.95,Returned,10,2864.3,Indirect,Cash
ORD101465,2024-05-18,May-2024,East,Odisha,Bhubaneswar,D028,Bhubaneswar Distribution Co,Wholesaler,OUT0014,Wholesale Shop,SP023_Priya,Snacks & Confectionery,CrispBite Chips 100g,85.96,12,1031.52,8,82.52,949.0,808.84,Delivered,0,0.0,Indirect,Cash
ORD103346,2024-05-18,May-2024,West,Goa,Panaji,D024,Panaji Marketing,Distributor,OUT0115,Wholesale Shop,SP034_Kavita,Beverages,FreshSip Cola 500ml,321.33,14,4498.62,0,0.0,4498.62,5612.58,Delivered,0,0.0,Direct,UPI/Online
ORD103336,2024-05-18,May-2024,West,Goa,Panaji,D019,Panaji Traders,Distributor,OUT0089,Wholesale Shop,SP009_Karan,Personal Care,FreshBreath Toothpaste 150g,119.01,11,1309.11,5,65.46,1243.65,1526.61,Delivered,0,0.0,Direct,Cash
ORD102335,2024-05-18,May-2024,Central,Chhattisgarh,Raipur,D011,Raipur Agencies,Super Stockist,OUT0125,Supermarket,SP015_Arjun,Beverages,FreshSip Cola 250ml,63.48,9,571.32,12,68.56,502.76,536.13,Delivered,0,0.0,Direct,Credit
ORD100410,2024-05-18,May-2024,North,Punjab,Ludhiana,D015,Ludhiana Traders,Distributor,OUT0020,Wholesale Shop,SP004_Sneha,Dairy & Food Staples,DailyFresh Ghee 500ml,153.68,18,2766.24,0,0.0,2766.24,3434.54,Delivered,0,0.0,Direct,UPI/Online
ORD101020,2024-05-19,May-2024,Central,Chhattisgarh,Raipur,D022,Raipur Agencies,Super Stockist,OUT0194,Modern Trade,SP026_Anjali,Home Care,PureAir Freshener 250ml,137.73,22,3030.06,5,151.5,2878.56,3523.96,Delivered,0,0.0,Indirect,UPI/Online
ORD100693,2024-05-19,May-2024,Central,Chhattisgarh,Raipur,D022,Raipur Agencies,Super Stockist,OUT0141,Kirana/General Store,SP035_Arjun,Home Care,SparkleShine Dishwash 500ml,344.23,29,9982.67,8,798.61,9184.06,8292.03,Delivered,0,0.0,Indirect,UPI/Online
ORD100189,2024-05-19,May-2024,North,Delhi,New Delhi,D003,New Delhi Traders,Super Stockist,OUT0032,Wholesale Shop,SP029_Karan,Personal Care,SilkTouch Lotion 200ml,327.57,17,5568.69,10,556.87,5011.82,4396.04,Delivered,0,0.0,Indirect,UPI/Online
ORD101908,2024-05-19,May-2024,Central,Madhya Pradesh,Jabalpur,D030,Jabalpur Distribution Co,Distributor,OUT0002,Convenience Store,SP009_Karan,Home Care,SparkleShine Dishwash 500ml,304.0,25,7600.0,10,760.0,6840.0,6566.51,Delivered,0,0.0,Direct,Credit
ORD101509,2024-05-19,May-2024,North,Delhi,New Delhi,D001,New Delhi Traders,Super Stockist,OUT0024,Wholesale Shop,SP014_Kavita,Dairy & Food Staples,SunRice Basmati 1kg,256.3,17,4357.1,0,0.0,4357.1,4794.98,Delivered,0,0.0,Indirect,Cash
ORD100056,2024-05-19,May-2024,North,Punjab,Amritsar,D018,Amritsar Traders,Wholesaler,OUT0129,Kirana/General Store,SP003_Priya,Dairy & Food Staples,SunRice Basmati 1kg,186.03,28,5208.84,0,0.0,5208.84,4482.75,Delivered,0,0.0,Indirect,UPI/Online
ORD101098,2024-05-19,May-2024,Central,Madhya Pradesh,Jabalpur,D030,Jabalpur Distribution Co,Distributor,OUT0145,Supermarket,SP034_Kavita,Dairy & Food Staples,GoldenGrain Atta 5kg,149.64,26,3890.64,2,77.81,3812.83,4186.49,Delivered,0,0.0,Indirect,Cash
ORD100133,2024-05-19,May-2024,Central,Madhya Pradesh,Bhopal,D029,Bhopal Distribution Co,Super Stockist,OUT0114,Kirana/General Store,SP018_Rina,Home Care,ShineFloor Cleaner 1L,78.21,13,1016.73,2,20.33,996.4,991.38,Cancelled,0,0.0,Indirect,Credit
ORD101387,2024-05-20,May-2024,Central,Chhattisgarh,Raipur,D022,Raipur Agencies,Super Stockist,OUT0162,Supermarket,SP006_Anjali,Home Care,PureAir Freshener 250ml,82.06,39,3200.34,5,160.02,3040.32,2598.95,Delivered,0,0.0,Direct,Cash
ORD101909,2024-05-20,May-2024,Central,Chhattisgarh,Raipur,D022,Raipur Agencies,Super Stockist,OUT0069,Modern Trade,SP002_Amit,Home Care,PureAir Freshener 250ml,66.8,22,1469.6,2,29.39,1440.21,1383.0,Delivered,0,0.0,Direct,Cash
ORD100043,2024-05-20,May-2024,North,Punjab,Amritsar,D018,Amritsar Traders,Wholesaler,OUT0012,Supermarket,SP032_Divya,Beverages,OrangeZest Juice 1L,116.89,23,2688.47,8,215.08,2473.39,3005.9,Pending,0,0.0,Indirect,Cash
ORD101967,2024-05-20,May-2024,West,Goa,Panaji,D024,Panaji Marketing,Distributor,OUT0174,Convenience Store,SP012_Divya,Dairy & Food Staples,DailyFresh Ghee 500ml,89.82,11,988.02,8,79.04,908.98,941.28,Delivered,0,0.0,Indirect,Cash
ORD101572,2024-05-20,May-2024,North,Uttar Pradesh,Lucknow,D008,Lucknow Distribution Co,Distributor,OUT0022,Supermarket,SP007_Suresh,Snacks & Confectionery,CrispBite Chips 50g,303.47,15,4552.05,8,364.16,4187.89,4549.88,Delivered,0,0.0,Indirect,UPI/Online
ORD103652,2024-05-20,May-2024,West,Goa,Panaji,D024,Panaji Marketing,Distributor,OUT0115,Wholesale Shop,SP028_Neha,Personal Care,GlowSoft Soap 100g,161.61,6,969.66,0,0.0,969.66,1128.64,Delivered,0,0.0,Indirect,Credit
ORD100435,2024-05-20,May-2024,South,Karnataka,Bengaluru,D002,Bengaluru Marketing,Distributor,OUT0072,Wholesale Shop,SP040_Shreya,Home Care,SparkleShine Dishwash 500ml,95.32,32,3050.24,2,61.0,2989.24,3107.39,Delivered,0,0.0,Direct,UPI/Online
ORD101289,2024-05-20,May-2024,North,Uttar Pradesh,Lucknow,D008,Lucknow Distribution Co,Distributor,OUT0161,Kirana/General Store,SP014_Kavita,Dairy & Food Staples,DailyFresh Ghee 500ml,178.77,15,2681.55,2,53.63,2627.92,3003.95,Delivered,0,0.0,Indirect,Cash
ORD100490,2024-05-20,May-2024,North,Punjab,Ludhiana,D015,Ludhiana Traders,Distributor,OUT0095,Convenience Store,SP002_Amit,Home Care,ShineFloor Cleaner 1L,217.23,19,4127.37,5,206.37,3921.0,3973.0,Delivered,0,0.0,Indirect,Cash
ORD103854,2024-05-20,May-2024,West,Goa,Panaji,D019,Panaji Traders,Distributor,OUT0076,Modern Trade,SP005_Vikram,Beverages,FreshSip Cola 500ml,212.83,51,10854.33,0,0.0,10854.33,11023.66,Delivered,0,0.0,Direct,Credit
ORD102287,2024-05-20,May-2024,South,Karnataka,Bengaluru,D002,Bengaluru Marketing,Distributor,OUT0179,Modern Trade,SP004_Sneha,Dairy & Food Staples,SunRice Basmati 1kg,295.09,28,8262.52,5,413.13,7849.39,8325.66,Delivered,0,0.0,Indirect,UPI/Online
ORD101641,2024-05-20,May-2024,North,Uttar Pradesh,Lucknow,D008,Lucknow Distribution Co,Distributor,OUT0161,Kirana/General Store,SP012_Divya,Dairy & Food Staples,SunRice Basmati 1kg,293.55,39,11448.45,0,0.0,11448.45,10182.97,Delivered,0,0.0,Indirect,UPI/Online
ORD100090,2024-05-20,May-2024,Central,Madhya Pradesh,Bhopal,D029,Bhopal Distribution Co,Super Stockist,OUT0003,Convenience Store,SP032_Divya,Dairy & Food Staples,PureDrop Milk 500ml,135.69,6,814.14,10,81.41,732.73,773.47,Delivered,0,0.0,Indirect,UPI/Online
ORD101852,2024-05-20,May-2024,South,Tamil Nadu,Coimbatore,D020,Coimbatore Marketing,Distributor,OUT0144,Supermarket,SP006_Anjali,Personal Care,GlowSoft Soap 100g,110.44,39,4307.16,0,0.0,4307.16,3784.04,Delivered,0,0.0,Direct,UPI/Online
ORD103894,2024-05-21,May-2024,East,West Bengal,Kolkata,D006,Kolkata Enterprises,Distributor,OUT0170,Wholesale Shop,SP015_Arjun,Dairy & Food Staples,DailyFresh Ghee 500ml,302.15,32,9668.8,5,483.44,9185.36,8725.6,Delivered,0,0.0,Direct,Credit
ORD102991,2024-05-21,May-2024,South,Tamil Nadu,Coimbatore,D023,Coimbatore Marketing,Super Stockist,OUT0018,Convenience Store,SP037_Sanjay,Dairy & Food Staples,SunRice Basmati 1kg,188.99,19,3590.81,0,0.0,3590.81,4468.14,Delivered,0,0.0,Direct,Cash
ORD101996,2024-05-21,May-2024,South,Karnataka,Mysuru,D017,Mysuru Enterprises,Distributor,OUT0120,Modern Trade,SP012_Divya,Home Care,SparkleShine Dishwash 500ml,244.36,21,5131.56,10,513.16,4618.4,4174.03,Delivered,0,0.0,Indirect,Cash
ORD100371,2024-05-21,May-2024,Central,Chhattisgarh,Raipur,D011,Raipur Agencies,Super Stockist,OUT0168,Kirana/General Store,SP021_Rahul,Snacks & Confectionery,CrispBite Chips 100g,36.87,16,589.92,0,0.0,589.92,663.45,Delivered,0,0.0,Direct,UPI/Online
ORD101284,2024-05-21,May-2024,East,Bihar,Patna,D014,Patna Distribution Co,Wholesaler,OUT0052,Supermarket,SP039_Deepak,Beverages,FreshSip Cola 500ml,56.06,7,392.42,0,0.0,392.42,467.78,Delivered,0,0.0,Indirect,Credit
ORD102223,2024-05-21,May-2024,North,Punjab,Ludhiana,D015,Ludhiana Traders,Distributor,OUT0051,Supermarket,SP009_Karan,Dairy & Food Staples,SunRice Basmati 1kg,82.48,37,3051.76,10,305.18,2746.58,2772.77,Delivered,0,0.0,Direct,UPI/Online
ORD103562,2024-05-21,May-2024,North,Punjab,Ludhiana,D015,Ludhiana Traders,Distributor,OUT0055,Wholesale Shop,SP006_Anjali,Home Care,CleanWave Detergent 1kg,249.75,19,4745.25,5,237.26,4507.99,4589.05,Delivered,0,0.0,Direct,Credit
ORD101907,2024-05-21,May-2024,North,Punjab,Amritsar,D018,Amritsar Traders,Wholesaler,OUT0129,Kirana/General Store,SP019_Deepak,Beverages,MintCool Soda 300ml,105.05,17,1785.85,2,35.72,1750.13,1598.31,Delivered,0,0.0,Indirect,UPI/Online
ORD100041,2024-05-21,May-2024,Central,Chhattisgarh,Raipur,D022,Raipur Agencies,Super Stockist,OUT0186,Kirana/General Store,SP019_Deepak,Dairy & Food Staples,DailyFresh Ghee 500ml,203.74,34,6927.16,5,346.36,6580.8,5849.48,Delivered,0,0.0,Indirect,Cash
ORD100925,2024-05-21,May-2024,East,Odisha,Bhubaneswar,D028,Bhubaneswar Distribution Co,Wholesaler,OUT0014,Wholesale Shop,SP031_Ravi,Snacks & Confectionery,CrispBite Chips 50g,29.28,47,1376.16,8,110.09,1266.07,1406.49,Delivered,0,0.0,Indirect,UPI/Online
ORD100071,2024-05-21,May-2024,North,Punjab,Amritsar,D018,Amritsar Traders,Wholesaler,OUT0198,Kirana/General Store,SP019_Deepak,Home Care,PureAir Freshener 250ml,142.31,35,4980.85,10,498.08,4482.77,5161.24,Returned,9,1280.79,Direct,Cash
ORD100608,2024-05-21,May-2024,West,Rajasthan,Jodhpur,D013,Jodhpur Distribution Co,Super Stockist,OUT0093,Supermarket,SP029_Karan,Snacks & Confectionery,ChocoNut Bar 40g,290.18,21,6093.78,0,0.0,6093.78,6866.5,Delivered,0,0.0,Indirect,Credit
ORD103053,2024-05-21,May-2024,North,Delhi,New Delhi,D001,New Delhi Traders,Super Stockist,OUT0027,Kirana/General Store,SP036_Meera,Snacks & Confectionery,CrispBite Chips 50g,305.57,21,6416.97,12,770.04,5646.93,5753.02,Returned,4,1222.28,Indirect,Cash
ORD102738,2024-05-21,May-2024,North,Uttar Pradesh,Lucknow,D008,Lucknow Distribution Co,Distributor,OUT0049,Supermarket,SP024_Sneha,Home Care,PureAir Freshener 250ml,340.64,25,8516.0,2,170.32,8345.68,9039.66,Delivered,0,0.0,Indirect,UPI/Online
ORD101830,2024-05-21,May-2024,Central,Chhattisgarh,Raipur,D022,Raipur Agencies,Super Stockist,OUT0189,Modern Trade,SP015_Arjun,Dairy & Food Staples,SunRice Basmati 1kg,152.9,41,6268.9,2,125.38,6143.52,6407.79,Delivered,0,0.0,Direct,Cash
ORD103089,2024-05-21,May-2024,North,Delhi,New Delhi,D001,New Delhi Traders,Super Stockist,OUT0149,Supermarket,SP027_Suresh,Home Care,PureAir Freshener 250ml,28.96,15,434.4,10,43.44,390.96,423.19,Delivered,0,0.0,Direct,Credit
ORD100874,2024-05-22,May-2024,North,Delhi,New Delhi,D001,New Delhi Traders,Super Stockist,OUT0065,Modern Trade,SP001_Rahul,Snacks & Confectionery,ChocoNut Bar 40g,124.58,21,2616.18,2,52.32,2563.86,3059.53,Delivered,0,0.0,Direct,Credit
ORD103363,2024-05-22,May-2024,East,West Bengal,Kolkata,D006,Kolkata Enterprises,Distributor,OUT0106,Modern Trade,SP037_Sanjay,Home Care,CleanWave Detergent 1kg,73.1,16,1169.6,0,0.0,1169.6,1430.95,Delivered,0,0.0,Indirect,Credit
ORD102318,2024-05-22,May-2024,South,Tamil Nadu,Coimbatore,D023,Coimbatore Marketing,Super Stockist,OUT0068,Wholesale Shop,SP009_Karan,Dairy & Food Staples,SunRice Basmati 1kg,203.38,9,1830.42,8,146.43,1683.99,2097.72,Returned,3,610.14,Indirect,UPI/Online
ORD101773,2024-05-22,May-2024,South,Karnataka,Mysuru,D017,Mysuru Enterprises,Distributor,OUT0188,Convenience Store,SP015_Arjun,Beverages,OrangeZest Juice 1L,229.3,24,5503.2,5,275.16,5228.04,5278.53,Pending,0,0.0,Indirect,UPI/Online
ORD101720,2024-05-22,May-2024,North,Uttar Pradesh,Lucknow,D008,Lucknow Distribution Co,Distributor,OUT0157,Supermarket,SP025_Vikram,Home Care,ShineFloor Cleaner 1L,290.38,20,5807.6,2,116.15,5691.45,6576.24,Delivered,0,0.0,Direct,Credit
ORD102437,2024-05-22,May-2024,North,Uttar Pradesh,Lucknow,D008,Lucknow Distribution Co,Distributor,OUT0022,Supermarket,SP013_Manoj,Personal Care,GlowSoft Soap 100g,193.31,19,3672.89,5,183.64,3489.25,3346.43,Delivered,0,0.0,Direct,Credit
ORD101594,2024-05-22,May-2024,North,Delhi,New Delhi,D003,New Delhi Traders,Super Stockist,OUT0184,Convenience Store,SP027_Suresh,Dairy & Food Staples,PureDrop Milk 500ml,307.23,5,1536.15,0,0.0,1536.15,1582.47,Delivered,0,0.0,Indirect,UPI/Online
ORD100441,2024-05-23,May-2024,East,Bihar,Patna,D014,Patna Distribution Co,Wholesaler,OUT0015,Supermarket,SP011_Ravi,Home Care,PureAir Freshener 250ml,244.27,20,4885.4,0,0.0,4885.4,5050.85,Delivered,0,0.0,Indirect,Cash
ORD103109,2024-05-23,May-2024,South,Tamil Nadu,Coimbatore,D020,Coimbatore Marketing,Distributor,OUT0098,Wholesale Shop,SP006_Anjali,Dairy & Food Staples,PureDrop Milk 500ml,47.31,16,756.96,8,60.56,696.4,807.86,Delivered,0,0.0,Direct,UPI/Online
ORD101716,2024-05-23,May-2024,North,Punjab,Ludhiana,D015,Ludhiana Traders,Distributor,OUT0021,Kirana/General Store,SP015_Arjun,Snacks & Confectionery,CrispBite Chips 100g,213.9,19,4064.1,2,81.28,3982.82,4076.33,Delivered,0,0.0,Indirect,UPI/Online
ORD100774,2024-05-23,May-2024,West,Gujarat,Surat,D027,Surat Agencies,Wholesaler,OUT0058,Kirana/General Store,SP009_Karan,Snacks & Confectionery,ChocoNut Bar 40g,233.03,24,5592.72,2,111.85,5480.87,4746.02,Delivered,0,0.0,Indirect,UPI/Online
ORD101447,2024-05-23,May-2024,Central,Chhattisgarh,Raipur,D011,Raipur Agencies,Super Stockist,OUT0090,Convenience Store,SP012_Divya,Home Care,SparkleShine Dishwash 500ml,149.6,14,2094.4,2,41.89,2052.51,2159.26,Delivered,0,0.0,Direct,Cash
ORD101362,2024-05-23,May-2024,Central,Chhattisgarh,Raipur,D021,Raipur Traders,Super Stockist,OUT0057,Wholesale Shop,SP008_Neha,Personal Care,SilkTouch Lotion 200ml,203.83,25,5095.75,0,0.0,5095.75,5290.94,Cancelled,0,0.0,Indirect,UPI/Online
ORD101528,2024-05-23,May-2024,Central,Madhya Pradesh,Bhopal,D029,Bhopal Distribution Co,Super Stockist,OUT0148,Modern Trade,SP030_Pooja,Personal Care,FreshBreath Toothpaste 150g,183.74,17,3123.58,0,0.0,3123.58,3130.01,Delivered,0,0.0,Direct,Cash
ORD101828,2024-05-23,May-2024,South,Karnataka,Bengaluru,D002,Bengaluru Marketing,Distributor,OUT0046,Modern Trade,SP038_Rina,Personal Care,GlowSoft Soap 100g,162.92,32,5213.44,0,0.0,5213.44,5945.63,Delivered,0,0.0,Direct,UPI/Online
ORD101202,2024-05-23,May-2024,North,Uttar Pradesh,Lucknow,D010,Lucknow Marketing,Distributor,OUT0111,Kirana/General Store,SP017_Sanjay,Snacks & Confectionery,ChocoNut Bar 40g,137.1,45,6169.5,5,308.48,5861.02,5180.32,Delivered,0,0.0,Indirect,Credit
ORD100412,2024-05-24,May-2024,North,Uttar Pradesh,Lucknow,D010,Lucknow Marketing,Distributor,OUT0199,Convenience Store,SP001_Rahul,Personal Care,FreshBreath Toothpaste 150g,186.02,65,12091.3,0,0.0,12091.3,11447.71,Delivered,0,0.0,Direct,Credit
ORD102239,2024-05-24,May-2024,Central,Chhattisgarh,Raipur,D022,Raipur Agencies,Super Stockist,OUT0069,Modern Trade,SP013_Manoj,Dairy & Food Staples,DailyFresh Ghee 500ml,249.22,29,7227.38,5,361.37,6866.01,7756.89,Cancelled,0,0.0,Indirect,Cash
ORD102744,2024-05-24,May-2024,Central,Chhattisgarh,Raipur,D005,Raipur Enterprises,Wholesaler,OUT0136,Kirana/General Store,SP001_Rahul,Beverages,OrangeZest Juice 1L,268.03,35,9381.05,0,0.0,9381.05,9171.71,Delivered,0,0.0,Direct,Cash
ORD101798,2024-05-24,May-2024,East,West Bengal,Kolkata,D006,Kolkata Enterprises,Distributor,OUT0078,Kirana/General Store,SP008_Neha,Beverages,FreshSip Cola 500ml,22.72,27,613.44,0,0.0,613.44,605.42,Returned,4,90.88,Direct,UPI/Online
ORD101410,2024-05-24,May-2024,South,Telangana,Hyderabad,D012,Hyderabad Traders,Super Stockist,OUT0142,Wholesale Shop,SP021_Rahul,Personal Care,GlowSoft Soap 100g,149.18,13,1939.34,5,96.97,1842.37,2261.37,Delivered,0,0.0,Indirect,Cash
ORD101076,2024-05-24,May-2024,North,Punjab,Ludhiana,D015,Ludhiana Traders,Distributor,OUT0051,Supermarket,SP025_Vikram,Beverages,MintCool Soda 300ml,293.1,58,16999.8,0,0.0,16999.8,20988.25,Delivered,0,0.0,Direct,Credit
ORD100844,2024-05-24,May-2024,North,Uttar Pradesh,Lucknow,D010,Lucknow Marketing,Distributor,OUT0197,Modern Trade,SP007_Suresh,Personal Care,ShinyLocks Shampoo 200ml,115.99,41,4755.59,0,0.0,4755.59,4608.85,Delivered,0,0.0,Indirect,Credit
ORD100727,2024-05-24,May-2024,West,Rajasthan,Jodhpur,D013,Jodhpur Distribution Co,Super Stockist,OUT0083,Kirana/General Store,SP005_Vikram,Home Care,PureAir Freshener 250ml,190.97,57,10885.29,0,0.0,10885.29,12787.46,Delivered,0,0.0,Direct,UPI/Online
ORD101779,2024-05-24,May-2024,Central,Chhattisgarh,Raipur,D022,Raipur Agencies,Super Stockist,OUT0034,Modern Trade,SP014_Kavita,Snacks & Confectionery,CrispBite Chips 50g,271.4,11,2985.4,2,59.71,2925.69,2731.13,Delivered,0,0.0,Indirect,UPI/Online
ORD103303,2024-05-25,May-2024,Central,Chhattisgarh,Raipur,D022,Raipur Agencies,Super Stockist,OUT0195,Supermarket,SP007_Suresh,Home Care,ShineFloor Cleaner 1L,21.05,26,547.3,10,54.73,492.57,512.84,Delivered,0,0.0,Direct,Credit
ORD100639,2024-05-25,May-2024,Central,Chhattisgarh,Raipur,D026,Raipur Agencies,Distributor,OUT0154,Kirana/General Store,SP001_Rahul,Dairy & Food Staples,SunRice Basmati 1kg,150.21,13,1952.73,0,0.0,1952.73,2288.94,Delivered,0,0.0,Direct,Cash
ORD101826,2024-05-25,May-2024,North,Delhi,New Delhi,D001,New Delhi Traders,Super Stockist,OUT0110,Wholesale Shop,SP017_Sanjay,Dairy & Food Staples,DailyFresh Ghee 500ml,46.79,12,561.48,0,0.0,561.48,484.47,Delivered,0,0.0,Direct,Credit
ORD102422,2024-05-25,May-2024,South,Tamil Nadu,Coimbatore,D020,Coimbatore Marketing,Distributor,OUT0086,Kirana/General Store,SP031_Ravi,Beverages,MintCool Soda 300ml,164.76,7,1153.32,0,0.0,1153.32,1353.08,Delivered,0,0.0,Indirect,Cash
ORD102331,2024-05-25,May-2024,North,Uttar Pradesh,Lucknow,D010,Lucknow Marketing,Distributor,OUT0111,Kirana/General Store,SP037_Sanjay,Snacks & Confectionery,CrispBite Chips 100g,55.83,16,893.28,0,0.0,893.28,904.04,Delivered,0,0.0,Direct,UPI/Online
ORD102673,2024-05-25,May-2024,North,Punjab,Amritsar,D018,Amritsar Traders,Wholesaler,OUT0198,Kirana/General Store,SP030_Pooja,Beverages,FreshSip Cola 250ml,318.93,42,13395.06,0,0.0,13395.06,14182.01,Delivered,0,0.0,Indirect,Cash
ORD100493,2024-05-25,May-2024,West,Gujarat,Surat,D027,Surat Agencies,Wholesaler,OUT0008,Kirana/General Store,SP014_Kavita,Home Care,CleanWave Detergent 1kg,163.08,28,4566.24,5,228.31,4337.93,4440.34,Cancelled,0,0.0,Direct,UPI/Online
ORD103494,2024-05-25,May-2024,East,Odisha,Bhubaneswar,D007,Bhubaneswar Distribution Co,Super Stockist,OUT0178,Convenience Store,SP013_Manoj,Snacks & Confectionery,CrispBite Chips 100g,164.57,53,8722.21,0,0.0,8722.21,8875.83,Delivered,0,0.0,Indirect,Cash
ORD101966,2024-05-25,May-2024,South,Telangana,Hyderabad,D012,Hyderabad Traders,Super Stockist,OUT0166,Wholesale Shop,SP022_Amit,Personal Care,FreshBreath Toothpaste 150g,41.2,30,1236.0,0,0.0,1236.0,1316.15,Delivered,0,0.0,Indirect,Cash
ORD102687,2024-05-25,May-2024,West,Goa,Panaji,D019,Panaji Traders,Distributor,OUT0134,Wholesale Shop,SP032_Divya,Dairy & Food Staples,SunRice Basmati 1kg,42.7,30,1281.0,0,0.0,1281.0,1318.96,Delivered,0,0.0,Direct,UPI/Online
ORD103730,2024-05-25,May-2024,Central,Madhya Pradesh,Bhopal,D029,Bhopal Distribution Co,Super Stockist,OUT0063,Kirana/General Store,SP010_Pooja,Snacks & Confectionery,CrispBite Chips 100g,177.33,21,3723.93,10,372.39,3351.54,3889.25,Delivered,0,0.0,Direct,Credit
ORD103962,2024-05-25,May-2024,North,Uttar Pradesh,Lucknow,D008,Lucknow Distribution Co,Distributor,OUT0004,Kirana/General Store,SP034_Kavita,Dairy & Food Staples,DailyFresh Ghee 500ml,79.78,21,1675.38,5,83.77,1591.61,1738.95,Returned,4,319.12,Direct,Cash
ORD102478,2024-05-25,May-2024,South,Karnataka,Bengaluru,D002,Bengaluru Marketing,Distributor,OUT0072,Wholesale Shop,SP005_Vikram,Snacks & Confectionery,SweetPuff Biscuit 100g,62.74,29,1819.46,0,0.0,1819.46,1978.96,Returned,1,62.74,Indirect,UPI/Online
ORD101051,2024-05-26,May-2024,South,Telangana,Hyderabad,D012,Hyderabad Traders,Super Stockist,OUT0166,Wholesale Shop,SP026_Anjali,Snacks & Confectionery,ChocoNut Bar 40g,204.84,15,3072.6,2,61.45,3011.15,2566.54,Delivered,0,0.0,Indirect,Cash
ORD100480,2024-05-26,May-2024,Central,Madhya Pradesh,Bhopal,D029,Bhopal Distribution Co,Super Stockist,OUT0138,Kirana/General Store,SP032_Divya,Personal Care,SilkTouch Lotion 200ml,225.03,42,9451.26,0,0.0,9451.26,9113.88,Delivered,0,0.0,Direct,UPI/Online
ORD101187,2024-05-26,May-2024,West,Goa,Panaji,D019,Panaji Traders,Distributor,OUT0037,Modern Trade,SP020_Shreya,Snacks & Confectionery,ChocoNut Bar 40g,122.18,50,6109.0,5,305.45,5803.55,6001.11,Delivered,0,0.0,Indirect,Cash
ORD101506,2024-05-26,May-2024,North,Uttar Pradesh,Lucknow,D008,Lucknow Distribution Co,Distributor,OUT0029,Kirana/General Store,SP039_Deepak,Snacks & Confectionery,CrispBite Chips 50g,162.69,28,4555.32,5,227.77,4327.55,4193.38,Delivered,0,0.0,Indirect,Cash
ORD100091,2024-05-26,May-2024,North,Uttar Pradesh,Lucknow,D010,Lucknow Marketing,Distributor,OUT0199,Convenience Store,SP040_Shreya,Snacks & Confectionery,ChocoNut Bar 40g,278.61,47,13094.67,5,654.73,12439.94,15298.74,Pending,0,0.0,Direct,Cash
ORD100791,2024-05-26,May-2024,East,Odisha,Bhubaneswar,D007,Bhubaneswar Distribution Co,Super Stockist,OUT0119,Convenience Store,SP034_Kavita,Snacks & Confectionery,SweetPuff Biscuit 100g,287.9,2,575.8,2,11.52,564.28,561.63,Pending,0,0.0,Direct,Cash
ORD102955,2024-05-26,May-2024,South,Tamil Nadu,Coimbatore,D023,Coimbatore Marketing,Super Stockist,OUT0028,Kirana/General Store,SP012_Divya,Home Care,PureAir Freshener 250ml,65.18,13,847.34,5,42.37,804.97,727.77,Delivered,0,0.0,Direct,Cash
ORD101628,2024-05-27,May-2024,South,Karnataka,Mysuru,D017,Mysuru Enterprises,Distributor,OUT0188,Convenience Store,SP040_Shreya,Beverages,FreshSip Cola 250ml,256.75,14,3594.5,2,71.89,3522.61,3424.59,Delivered,0,0.0,Direct,UPI/Online
ORD103880,2024-05-27,May-2024,Central,Chhattisgarh,Raipur,D011,Raipur Agencies,Super Stockist,OUT0190,Modern Trade,SP002_Amit,Beverages,FreshSip Cola 250ml,152.69,25,3817.25,0,0.0,3817.25,3456.95,Delivered,0,0.0,Direct,Cash
ORD101042,2024-05-27,May-2024,South,Tamil Nadu,Coimbatore,D023,Coimbatore Marketing,Super Stockist,OUT0068,Wholesale Shop,SP015_Arjun,Beverages,OrangeZest Juice 1L,274.59,18,4942.62,8,395.41,4547.21,4789.99,Delivered,0,0.0,Indirect,Credit
ORD103970,2024-05-27,May-2024,South,Telangana,Hyderabad,D012,Hyderabad Traders,Super Stockist,OUT0183,Modern Trade,SP022_Amit,Personal Care,ShinyLocks Shampoo 200ml,50.48,24,1211.52,2,24.23,1187.29,1114.26,Delivered,0,0.0,Direct,UPI/Online
ORD101925,2024-05-27,May-2024,North,Delhi,New Delhi,D001,New Delhi Traders,Super Stockist,OUT0001,Kirana/General Store,SP012_Divya,Dairy & Food Staples,DailyFresh Ghee 500ml,44.53,35,1558.55,5,77.93,1480.62,1420.23,Delivered,0,0.0,Indirect,UPI/Online
ORD103868,2024-05-28,May-2024,North,Uttar Pradesh,Lucknow,D008,Lucknow Distribution Co,Distributor,OUT0004,Kirana/General Store,SP032_Divya,Dairy & Food Staples,DailyFresh Ghee 500ml,255.46,29,7408.34,5,370.42,7037.92,7051.83,Pending,0,0.0,Direct,Credit
ORD103755,2024-05-28,May-2024,South,Tamil Nadu,Coimbatore,D023,Coimbatore Marketing,Super Stockist,OUT0018,Convenience Store,SP013_Manoj,Home Care,CleanWave Detergent 1kg,96.38,43,4144.34,2,82.89,4061.45,4676.17,Delivered,0,0.0,Direct,Cash
ORD100370,2024-05-28,May-2024,Central,Chhattisgarh,Raipur,D026,Raipur Agencies,Distributor,OUT0147,Supermarket,SP004_Sneha,Personal Care,GlowSoft Soap 100g,220.61,36,7941.96,8,635.36,7306.6,8070.58,Delivered,0,0.0,Direct,Credit
ORD101083,2024-05-28,May-2024,South,Tamil Nadu,Coimbatore,D023,Coimbatore Marketing,Super Stockist,OUT0068,Wholesale Shop,SP038_Rina,Snacks & Confectionery,SweetPuff Biscuit 100g,96.66,18,1739.88,0,0.0,1739.88,2084.39,Delivered,0,0.0,Indirect,Credit
ORD100992,2024-05-28,May-2024,South,Karnataka,Bengaluru,D002,Bengaluru Marketing,Distributor,OUT0075,Kirana/General Store,SP012_Divya,Dairy & Food Staples,PureDrop Milk 500ml,100.34,17,1705.78,5,85.29,1620.49,1973.78,Delivered,0,0.0,Indirect,UPI/Online
ORD101820,2024-05-28,May-2024,West,Goa,Panaji,D019,Panaji Traders,Distributor,OUT0134,Wholesale Shop,SP031_Ravi,Snacks & Confectionery,ChocoNut Bar 40g,140.47,26,3652.22,5,182.61,3469.61,3608.8,Delivered,0,0.0,Indirect,Credit
ORD102585,2024-05-28,May-2024,South,Karnataka,Bengaluru,D002,Bengaluru Marketing,Distributor,OUT0074,Convenience Store,SP029_Karan,Dairy & Food Staples,GoldenGrain Atta 5kg,278.12,53,14740.36,5,737.02,14003.34,13793.15,Delivered,0,0.0,Indirect,UPI/Online
ORD102552,2024-05-28,May-2024,South,Karnataka,Mysuru,D017,Mysuru Enterprises,Distributor,OUT0176,Kirana/General Store,SP014_Kavita,Beverages,OrangeZest Juice 1L,297.54,14,4165.56,2,83.31,4082.25,4062.03,Delivered,0,0.0,Direct,Cash
ORD101524,2024-05-28,May-2024,West,Rajasthan,Jodhpur,D013,Jodhpur Distribution Co,Super Stockist,OUT0093,Supermarket,SP025_Vikram,Dairy & Food Staples,SunRice Basmati 1kg,134.83,5,674.15,0,0.0,674.15,699.83,Delivered,0,0.0,Direct,UPI/Online
ORD101381,2024-05-29,May-2024,North,Uttar Pradesh,Lucknow,D008,Lucknow Distribution Co,Distributor,OUT0038,Modern Trade,SP001_Rahul,Snacks & Confectionery,CrispBite Chips 100g,156.21,6,937.26,5,46.86,890.4,916.72,Delivered,0,0.0,Indirect,Cash
ORD102054,2024-05-29,May-2024,West,Gujarat,Surat,D027,Surat Agencies,Wholesaler,OUT0058,Kirana/General Store,SP039_Deepak,Dairy & Food Staples,PureDrop Milk 500ml,23.62,25,590.5,0,0.0,590.5,702.17,Delivered,0,0.0,Direct,UPI/Online
ORD100421,2024-05-29,May-2024,North,Uttar Pradesh,Lucknow,D010,Lucknow Marketing,Distributor,OUT0067,Modern Trade,SP021_Rahul,Personal Care,SilkTouch Lotion 200ml,251.84,13,3273.92,0,0.0,3273.92,3626.39,Delivered,0,0.0,Indirect,UPI/Online
ORD103430,2024-05-29,May-2024,North,Punjab,Amritsar,D018,Amritsar Traders,Wholesaler,OUT0129,Kirana/General Store,SP007_Suresh,Beverages,FreshSip Cola 500ml,288.82,31,8953.42,2,179.07,8774.35,10670.76,Delivered,0,0.0,Direct,Credit
ORD103920,2024-05-29,May-2024,East,Odisha,Bhubaneswar,D028,Bhubaneswar Distribution Co,Wholesaler,OUT0146,Supermarket,SP002_Amit,Home Care,CleanWave Detergent 1kg,215.84,5,1079.2,0,0.0,1079.2,979.05,Delivered,0,0.0,Indirect,Credit
ORD101938,2024-05-29,May-2024,Central,Chhattisgarh,Raipur,D005,Raipur Enterprises,Wholesaler,OUT0102,Convenience Store,SP029_Karan,Beverages,OrangeZest Juice 1L,133.46,38,5071.48,5,253.57,4817.91,4798.74,Delivered,0,0.0,Direct,UPI/Online
ORD102106,2024-05-29,May-2024,South,Tamil Nadu,Coimbatore,D023,Coimbatore Marketing,Super Stockist,OUT0028,Kirana/General Store,SP007_Suresh,Personal Care,ShinyLocks Shampoo 200ml,341.78,39,13329.42,0,0.0,13329.42,14426.49,Delivered,0,0.0,Indirect,Cash
ORD100960,2024-05-29,May-2024,North,Uttar Pradesh,Lucknow,D008,Lucknow Distribution Co,Distributor,OUT0049,Supermarket,SP034_Kavita,Beverages,FreshSip Cola 250ml,186.06,21,3907.26,5,195.36,3711.9,4450.41,Delivered,0,0.0,Indirect,Cash
ORD102545,2024-05-29,May-2024,Central,Chhattisgarh,Raipur,D022,Raipur Agencies,Super Stockist,OUT0162,Supermarket,SP019_Deepak,Home Care,SparkleShine Dishwash 500ml,130.59,8,1044.72,12,125.37,919.35,981.78,Delivered,0,0.0,Direct,Credit
ORD100955,2024-05-29,May-2024,Central,Chhattisgarh,Raipur,D005,Raipur Enterprises,Wholesaler,OUT0116,Convenience Store,SP005_Vikram,Dairy & Food Staples,DailyFresh Ghee 500ml,274.71,15,4120.65,10,412.06,3708.59,3281.98,Cancelled,0,0.0,Indirect,UPI/Online
ORD103087,2024-05-29,May-2024,South,Tamil Nadu,Coimbatore,D023,Coimbatore Marketing,Super Stockist,OUT0191,Convenience Store,SP020_Shreya,Snacks & Confectionery,ChocoNut Bar 40g,170.82,25,4270.5,2,85.41,4185.09,4678.59,Delivered,0,0.0,Indirect,Cash
ORD102689,2024-05-29,May-2024,Central,Madhya Pradesh,Jabalpur,D025,Jabalpur Agencies,Wholesaler,OUT0165,Convenience Store,SP024_Sneha,Home Care,SparkleShine Dishwash 500ml,316.21,28,8853.88,0,0.0,8853.88,9121.7,Delivered,0,0.0,Indirect,Cash
ORD100118,2024-05-30,May-2024,North,Uttar Pradesh,Lucknow,D010,Lucknow Marketing,Distributor,OUT0117,Wholesale Shop,SP008_Neha,Dairy & Food Staples,SunRice Basmati 1kg,149.51,19,2840.69,2,56.81,2783.88,3198.8,Delivered,0,0.0,Direct,UPI/Online
ORD102448,2024-05-30,May-2024,Central,Madhya Pradesh,Jabalpur,D025,Jabalpur Agencies,Wholesaler,OUT0010,Supermarket,SP009_Karan,Beverages,FreshSip Cola 250ml,203.75,12,2445.0,0,0.0,2445.0,2814.63,Delivered,0,0.0,Indirect,UPI/Online
ORD103389,2024-05-30,May-2024,North,Delhi,New Delhi,D003,New Delhi Traders,Super Stockist,OUT0122,Modern Trade,SP004_Sneha,Home Care,CleanWave Detergent 1kg,349.36,62,21660.32,5,1083.02,20577.3,23099.63,Delivered,0,0.0,Indirect,UPI/Online
ORD101748,2024-05-30,May-2024,Central,Madhya Pradesh,Bhopal,D029,Bhopal Distribution Co,Super Stockist,OUT0063,Kirana/General Store,SP008_Neha,Personal Care,ShinyLocks Shampoo 200ml,69.34,56,3883.04,2,77.66,3805.38,3609.96,Returned,12,832.08,Direct,Credit
ORD100192,2024-05-30,May-2024,West,Rajasthan,Jodhpur,D013,Jodhpur Distribution Co,Super Stockist,OUT0083,Kirana/General Store,SP020_Shreya,Beverages,FreshSip Cola 250ml,270.23,20,5404.6,5,270.23,5134.37,4926.17,Delivered,0,0.0,Direct,Credit
ORD101660,2024-05-30,May-2024,East,Odisha,Bhubaneswar,D028,Bhubaneswar Distribution Co,Wholesaler,OUT0014,Wholesale Shop,SP030_Pooja,Home Care,SparkleShine Dishwash 500ml,72.42,16,1158.72,5,57.94,1100.78,1285.15,Delivered,0,0.0,Indirect,Cash
ORD102977,2024-05-30,May-2024,Central,Madhya Pradesh,Bhopal,D029,Bhopal Distribution Co,Super Stockist,OUT0138,Kirana/General Store,SP004_Sneha,Snacks & Confectionery,CrispBite Chips 100g,339.13,44,14921.72,12,1790.61,13131.11,11568.39,Delivered,0,0.0,Direct,Cash
ORD102371,2024-05-31,May-2024,Central,Madhya Pradesh,Jabalpur,D030,Jabalpur Distribution Co,Distributor,OUT0096,Kirana/General Store,SP028_Neha,Beverages,OrangeZest Juice 1L,262.9,53,13933.7,10,1393.37,12540.33,13225.07,Delivered,0,0.0,Indirect,Credit
ORD102622,2024-05-31,May-2024,South,Karnataka,Mysuru,D017,Mysuru Enterprises,Distributor,OUT0079,Kirana/General Store,SP038_Rina,Personal Care,GlowSoft Soap 100g,52.03,5,260.15,0,0.0,260.15,252.56,Cancelled,0,0.0,Indirect,Cash
ORD103638,2024-05-31,May-2024,Central,Madhya Pradesh,Bhopal,D029,Bhopal Distribution Co,Super Stockist,OUT0003,Convenience Store,SP015_Arjun,Personal Care,ShinyLocks Shampoo 200ml,125.68,9,1131.12,5,56.56,1074.56,1199.55,Delivered,0,0.0,Direct,Cash
ORD102190,2024-05-31,May-2024,Central,Chhattisgarh,Raipur,D026,Raipur Agencies,Distributor,OUT0154,Kirana/General Store,SP023_Priya,Home Care,PureAir Freshener 250ml,112.74,26,2931.24,0,0.0,2931.24,2590.93,Delivered,0,0.0,Direct,Credit
ORD102896,2024-05-31,May-2024,Central,Madhya Pradesh,Jabalpur,D004,Jabalpur Traders,Wholesaler,OUT0099,Kirana/General Store,SP035_Arjun,Dairy & Food Staples,GoldenGrain Atta 5kg,125.8,20,2516.0,5,125.8,2390.2,2783.27,Delivered,0,0.0,Indirect,Cash
ORD103999,2024-05-31,May-2024,Central,Madhya Pradesh,Jabalpur,D004,Jabalpur Traders,Wholesaler,OUT0041,Modern Trade,SP020_Shreya,Dairy & Food Staples,GoldenGrain Atta 5kg,342.18,26,8896.68,0,0.0,8896.68,9037.9,Delivered,0,0.0,Indirect,Cash
ORD100257,2024-05-31,May-2024,East,Odisha,Bhubaneswar,D028,Bhubaneswar Distribution Co,Wholesaler,OUT0146,Supermarket,SP026_Anjali,Snacks & Confectionery,CrispBite Chips 100g,195.88,10,1958.8,12,235.06,1723.74,1849.77,Delivered,0,0.0,Indirect,UPI/Online
ORD100089,2024-05-31,May-2024,North,Delhi,New Delhi,D001,New Delhi Traders,Super Stockist,OUT0180,Wholesale Shop,SP026_Anjali,Personal Care,GlowSoft Soap 100g,224.7,24,5392.8,0,0.0,5392.8,4615.25,Delivered,0,0.0,Indirect,UPI/Online
ORD103239,2024-06-01,Jun-2024,Central,Chhattisgarh,Raipur,D009,Raipur Enterprises,Wholesaler,OUT0113,Kirana/General Store,SP008_Neha,Dairy & Food Staples,DailyFresh Ghee 500ml,96.17,43,4135.31,5,206.77,3928.54,3412.18,Cancelled,0,0.0,Direct,Credit
ORD103860,2024-06-01,Jun-2024,East,Odisha,Bhubaneswar,D028,Bhubaneswar Distribution Co,Wholesaler,OUT0156,Modern Trade,SP021_Rahul,Beverages,FreshSip Cola 250ml,237.8,8,1902.4,2,38.05,1864.35,1891.22,Delivered,0,0.0,Direct,UPI/Online
ORD102220,2024-06-01,Jun-2024,North,Uttar Pradesh,Lucknow,D010,Lucknow Marketing,Distributor,OUT0067,Modern Trade,SP027_Suresh,Snacks & Confectionery,CrispBite Chips 100g,84.44,23,1942.12,0,0.0,1942.12,1806.34,Delivered,0,0.0,Direct,Cash
ORD101898,2024-06-01,Jun-2024,West,Rajasthan,Jodhpur,D013,Jodhpur Distribution Co,Super Stockist,OUT0163,Convenience Store,SP035_Arjun,Beverages,FreshSip Cola 250ml,219.09,32,7010.88,10,701.09,6309.79,7859.94,Cancelled,0,0.0,Direct,Cash
ORD103891,2024-06-01,Jun-2024,North,Uttar Pradesh,Lucknow,D008,Lucknow Distribution Co,Distributor,OUT0157,Supermarket,SP017_Sanjay,Home Care,ShineFloor Cleaner 1L,140.78,9,1267.02,2,25.34,1241.68,1295.67,Delivered,0,0.0,Indirect,Cash
ORD100072,2024-06-01,Jun-2024,Central,Chhattisgarh,Raipur,D026,Raipur Agencies,Distributor,OUT0151,Modern Trade,SP035_Arjun,Dairy & Food Staples,SunRice Basmati 1kg,144.17,5,720.85,0,0.0,720.85,616.0,Delivered,0,0.0,Indirect,Credit
ORD100217,2024-06-01,Jun-2024,North,Uttar Pradesh,Lucknow,D010,Lucknow Marketing,Distributor,OUT0117,Wholesale Shop,SP031_Ravi,Beverages,FreshSip Cola 250ml,215.48,55,11851.4,0,0.0,11851.4,13067.64,Delivered,0,0.0,Direct,Credit
ORD103611,2024-06-01,Jun-2024,South,Telangana,Hyderabad,D012,Hyderabad Traders,Super Stockist,OUT0042,Modern Trade,SP006_Anjali,Personal Care,ShinyLocks Shampoo 200ml,322.88,35,11300.8,8,904.06,10396.74,11072.03,Returned,7,2260.16,Indirect,UPI/Online
ORD101763,2024-06-01,Jun-2024,East,West Bengal,Kolkata,D006,Kolkata Enterprises,Distributor,OUT0127,Modern Trade,SP038_Rina,Personal Care,GlowSoft Soap 100g,329.26,12,3951.12,5,197.56,3753.56,3324.12,Delivered,0,0.0,Indirect,UPI/Online
ORD102643,2024-06-01,Jun-2024,East,Odisha,Bhubaneswar,D028,Bhubaneswar Distribution Co,Wholesaler,OUT0156,Modern Trade,SP023_Priya,Personal Care,GlowSoft Soap 100g,179.5,18,3231.0,5,161.55,3069.45,2787.72,Delivered,0,0.0,Indirect,Credit
ORD103314,2024-06-01,Jun-2024,West,Goa,Panaji,D019,Panaji Traders,Distributor,OUT0037,Modern Trade,SP014_Kavita,Snacks & Confectionery,ChocoNut Bar 40g,127.25,24,3054.0,0,0.0,3054.0,2901.46,Returned,1,127.25,Direct,UPI/Online
ORD103633,2024-06-01,Jun-2024,Central,Chhattisgarh,Raipur,D009,Raipur Enterprises,Wholesaler,OUT0013,Wholesale Shop,SP005_Vikram,Home Care,ShineFloor Cleaner 1L,99.32,33,3277.56,0,0.0,3277.56,3616.27,Delivered,0,0.0,Direct,UPI/Online
ORD102365,2024-06-01,Jun-2024,Central,Madhya Pradesh,Bhopal,D029,Bhopal Distribution Co,Super Stockist,OUT0030,Kirana/General Store,SP024_Sneha,Dairy & Food Staples,SunRice Basmati 1kg,246.46,27,6654.42,2,133.09,6521.33,6684.0,Cancelled,0,0.0,Direct,Credit
ORD100243,2024-06-01,Jun-2024,West,Gujarat,Surat,D027,Surat Agencies,Wholesaler,OUT0058,Kirana/General Store,SP032_Divya,Personal Care,FreshBreath Toothpaste 150g,53.47,27,1443.69,0,0.0,1443.69,1404.59,Delivered,0,0.0,Indirect,UPI/Online
ORD101390,2024-06-01,Jun-2024,Central,Chhattisgarh,Raipur,D026,Raipur Agencies,Distributor,OUT0147,Supermarket,SP035_Arjun,Snacks & Confectionery,CrispBite Chips 50g,265.54,13,3452.02,8,276.16,3175.86,3543.15,Delivered,0,0.0,Direct,UPI/Online
ORD100564,2024-06-02,Jun-2024,North,Delhi,New Delhi,D001,New Delhi Traders,Super Stockist,OUT0180,Wholesale Shop,SP014_Kavita,Dairy & Food Staples,DailyFresh Ghee 500ml,127.66,11,1404.26,0,0.0,1404.26,1572.21,Delivered,0,0.0,Indirect,UPI/Online
ORD101045,2024-06-02,Jun-2024,North,Uttar Pradesh,Lucknow,D010,Lucknow Marketing,Distributor,OUT0111,Kirana/General Store,SP017_Sanjay,Dairy & Food Staples,DailyFresh Ghee 500ml,295.63,15,4434.45,8,354.76,4079.69,4939.09,Delivered,0,0.0,Direct,Credit
ORD103488,2024-06-02,Jun-2024,West,Rajasthan,Jaipur,D016,Jaipur Distribution Co,Super Stockist,OUT0061,Modern Trade,SP037_Sanjay,Dairy & Food Staples,PureDrop Milk 500ml,158.78,25,3969.5,5,198.48,3771.02,4594.03,Delivered,0,0.0,Direct,UPI/Online
ORD103543,2024-06-02,Jun-2024,Central,Chhattisgarh,Raipur,D005,Raipur Enterprises,Wholesaler,OUT0036,Wholesale Shop,SP019_Deepak,Snacks & Confectionery,CrispBite Chips 50g,222.99,17,3790.83,8,303.27,3487.56,3540.95,Delivered,0,0.0,Direct,Credit
ORD103780,2024-06-02,Jun-2024,Central,Madhya Pradesh,Bhopal,D029,Bhopal Distribution Co,Super Stockist,OUT0131,Supermarket,SP015_Arjun,Beverages,OrangeZest Juice 1L,119.08,103,12265.24,8,981.22,11284.02,12962.39,Delivered,0,0.0,Indirect,UPI/Online
ORD103898,2024-06-02,Jun-2024,North,Delhi,New Delhi,D001,New Delhi Traders,Super Stockist,OUT0027,Kirana/General Store,SP015_Arjun,Personal Care,SilkTouch Lotion 200ml,160.08,42,6723.36,2,134.47,6588.89,7903.38,Delivered,0,0.0,Indirect,Credit
ORD100087,2024-06-02,Jun-2024,Central,Chhattisgarh,Raipur,D009,Raipur Enterprises,Wholesaler,OUT0164,Kirana/General Store,SP013_Manoj,Home Care,PureAir Freshener 250ml,241.62,30,7248.6,8,579.89,6668.71,7941.58,Delivered,0,0.0,Indirect,Credit
ORD100285,2024-06-02,Jun-2024,North,Delhi,New Delhi,D001,New Delhi Traders,Super Stockist,OUT0097,Modern Trade,SP020_Shreya,Snacks & Confectionery,SweetPuff Biscuit 100g,230.1,15,3451.5,0,0.0,3451.5,3640.95,Delivered,0,0.0,Direct,Cash
ORD101201,2024-06-02,Jun-2024,North,Delhi,New Delhi,D003,New Delhi Traders,Super Stockist,OUT0023,Convenience Store,SP036_Meera,Home Care,CleanWave Detergent 1kg,38.61,12,463.32,2,9.27,454.05,518.27,Delivered,0,0.0,Indirect,UPI/Online
ORD102802,2024-06-02,Jun-2024,West,Rajasthan,Jodhpur,D013,Jodhpur Distribution Co,Super Stockist,OUT0019,Convenience Store,SP016_Meera,Snacks & Confectionery,CrispBite Chips 50g,308.42,26,8018.92,2,160.38,7858.54,8690.29,Delivered,0,0.0,Indirect,UPI/Online
ORD100526,2024-06-03,Jun-2024,South,Tamil Nadu,Coimbatore,D023,Coimbatore Marketing,Super Stockist,OUT0108,Convenience Store,SP009_Karan,Beverages,OrangeZest Juice 1L,204.49,11,2249.39,2,44.99,2204.4,2199.62,Delivered,0,0.0,Indirect,UPI/Online
ORD103588,2024-06-03,Jun-2024,South,Karnataka,Mysuru,D017,Mysuru Enterprises,Distributor,OUT0176,Kirana/General Store,SP037_Sanjay,Dairy & Food Staples,PureDrop Milk 500ml,186.66,29,5413.14,5,270.66,5142.48,5104.51,Delivered,0,0.0,Direct,Credit
ORD101552,2024-06-03,Jun-2024,South,Karnataka,Mysuru,D017,Mysuru Enterprises,Distributor,OUT0079,Kirana/General Store,SP030_Pooja,Dairy & Food Staples,PureDrop Milk 500ml,178.64,8,1429.12,0,0.0,1429.12,1654.97,Delivered,0,0.0,Indirect,UPI/Online
ORD103107,2024-06-03,Jun-2024,East,West Bengal,Kolkata,D006,Kolkata Enterprises,Distributor,OUT0060,Modern Trade,SP026_Anjali,Home Care,ShineFloor Cleaner 1L,249.09,23,5729.07,2,114.58,5614.49,5102.13,Delivered,0,0.0,Indirect,UPI/Online
ORD102823,2024-06-03,Jun-2024,East,Odisha,Bhubaneswar,D007,Bhubaneswar Distribution Co,Super Stockist,OUT0035,Wholesale Shop,SP025_Vikram,Personal Care,FreshBreath Toothpaste 150g,59.53,28,1666.84,0,0.0,1666.84,1530.59,Delivered,0,0.0,Direct,Credit
ORD101309,2024-06-03,Jun-2024,North,Uttar Pradesh,Lucknow,D010,Lucknow Marketing,Distributor,OUT0197,Modern Trade,SP035_Arjun,Dairy & Food Staples,SunRice Basmati 1kg,144.49,7,1011.43,0,0.0,1011.43,883.4,Delivered,0,0.0,Indirect,Cash
ORD100178,2024-06-03,Jun-2024,North,Delhi,New Delhi,D003,New Delhi Traders,Super Stockist,OUT0032,Wholesale Shop,SP030_Pooja,Beverages,FreshSip Cola 500ml,50.19,17,853.23,10,85.32,767.91,917.54,Returned,4,200.76,Indirect,UPI/Online
ORD101227,2024-06-03,Jun-2024,North,Uttar Pradesh,Lucknow,D008,Lucknow Distribution Co,Distributor,OUT0157,Supermarket,SP036_Meera,Home Care,CleanWave Detergent 1kg,37.63,69,2596.47,0,0.0,2596.47,2983.06,Delivered,0,0.0,Direct,Cash
ORD101088,2024-06-03,Jun-2024,Central,Chhattisgarh,Raipur,D005,Raipur Enterprises,Wholesaler,OUT0102,Convenience Store,SP003_Priya,Personal Care,ShinyLocks Shampoo 200ml,52.35,14,732.9,0,0.0,732.9,749.98,Delivered,0,0.0,Indirect,UPI/Online
ORD101637,2024-06-03,Jun-2024,Central,Chhattisgarh,Raipur,D022,Raipur Agencies,Super Stockist,OUT0182,Supermarket,SP034_Kavita,Personal Care,SilkTouch Lotion 200ml,47.72,20,954.4,5,47.72,906.68,1112.44,Delivered,0,0.0,Direct,UPI/Online
ORD103142,2024-06-03,Jun-2024,Central,Madhya Pradesh,Bhopal,D029,Bhopal Distribution Co,Super Stockist,OUT0114,Kirana/General Store,SP032_Divya,Beverages,OrangeZest Juice 1L,254.31,3,762.93,0,0.0,762.93,676.87,Delivered,0,0.0,Indirect,UPI/Online
ORD101665,2024-06-03,Jun-2024,North,Uttar Pradesh,Lucknow,D008,Lucknow Distribution Co,Distributor,OUT0161,Kirana/General Store,SP013_Manoj,Personal Care,GlowSoft Soap 100g,139.85,25,3496.25,2,69.92,3426.33,3384.43,Delivered,0,0.0,Indirect,UPI/Online
ORD102998,2024-06-03,Jun-2024,South,Telangana,Hyderabad,D012,Hyderabad Traders,Super Stockist,OUT0166,Wholesale Shop,SP009_Karan,Dairy & Food Staples,SunRice Basmati 1kg,206.01,20,4120.2,10,412.02,3708.18,4086.55,Delivered,0,0.0,Direct,Cash
ORD101659,2024-06-03,Jun-2024,Central,Madhya Pradesh,Bhopal,D029,Bhopal Distribution Co,Super Stockist,OUT0063,Kirana/General Store,SP037_Sanjay,Dairy & Food Staples,DailyFresh Ghee 500ml,233.74,31,7245.94,2,144.92,7101.02,6827.53,Delivered,0,0.0,Direct,UPI/Online
ORD100742,2024-06-03,Jun-2024,Central,Madhya Pradesh,Jabalpur,D030,Jabalpur Distribution Co,Distributor,OUT0002,Convenience Store,SP002_Amit,Personal Care,ShinyLocks Shampoo 200ml,284.79,20,5695.8,8,455.66,5240.14,6436.46,Delivered,0,0.0,Direct,Credit
ORD102202,2024-06-04,Jun-2024,Central,Chhattisgarh,Raipur,D022,Raipur Agencies,Super Stockist,OUT0141,Kirana/General Store,SP032_Divya,Personal Care,ShinyLocks Shampoo 200ml,154.73,16,2475.68,0,0.0,2475.68,2980.52,Delivered,0,0.0,Direct,UPI/Online
ORD103097,2024-06-04,Jun-2024,South,Tamil Nadu,Coimbatore,D020,Coimbatore Marketing,Distributor,OUT0098,Wholesale Shop,SP037_Sanjay,Beverages,FreshSip Cola 500ml,112.26,35,3929.1,0,0.0,3929.1,3716.38,Delivered,0,0.0,Indirect,Cash
ORD100985,2024-06-04,Jun-2024,East,West Bengal,Kolkata,D006,Kolkata Enterprises,Distributor,OUT0127,Modern Trade,SP010_Pooja,Dairy & Food Staples,SunRice Basmati 1kg,30.72,31,952.32,5,47.62,904.7,1071.56,Delivered,0,0.0,Direct,Cash
ORD102942,2024-06-04,Jun-2024,North,Punjab,Amritsar,D018,Amritsar Traders,Wholesaler,OUT0198,Kirana/General Store,SP009_Karan,Beverages,FreshSip Cola 500ml,233.5,14,3269.0,10,326.9,2942.1,2637.1,Returned,1,233.5,Direct,Credit
ORD103391,2024-06-04,Jun-2024,North,Punjab,Amritsar,D018,Amritsar Traders,Wholesaler,OUT0129,Kirana/General Store,SP009_Karan,Dairy & Food Staples,SunRice Basmati 1kg,308.73,13,4013.49,0,0.0,4013.49,3877.43,Delivered,0,0.0,Indirect,Cash
ORD101195,2024-06-04,Jun-2024,East,Odisha,Bhubaneswar,D028,Bhubaneswar Distribution Co,Wholesaler,OUT0146,Supermarket,SP033_Manoj,Home Care,ShineFloor Cleaner 1L,167.42,26,4352.92,0,0.0,4352.92,4564.16,Delivered,0,0.0,Direct,UPI/Online
ORD101153,2024-06-04,Jun-2024,South,Tamil Nadu,Coimbatore,D020,Coimbatore Marketing,Distributor,OUT0185,Convenience Store,SP040_Shreya,Personal Care,FreshBreath Toothpaste 150g,255.85,13,3326.05,10,332.6,2993.45,2837.45,Returned,1,255.85,Indirect,UPI/Online
ORD100697,2024-06-04,Jun-2024,Central,Madhya Pradesh,Bhopal,D029,Bhopal Distribution Co,Super Stockist,OUT0003,Convenience Store,SP035_Arjun,Beverages,FreshSip Cola 500ml,217.53,15,3262.95,12,391.55,2871.4,3135.67,Delivered,0,0.0,Direct,Credit
ORD101646,2024-06-04,Jun-2024,Central,Chhattisgarh,Raipur,D011,Raipur Agencies,Super Stockist,OUT0125,Supermarket,SP030_Pooja,Personal Care,GlowSoft Soap 100g,334.63,23,7696.49,2,153.93,7542.56,8539.98,Delivered,0,0.0,Indirect,Cash
ORD101635,2024-06-04,Jun-2024,Central,Chhattisgarh,Raipur,D022,Raipur Agencies,Super Stockist,OUT0189,Modern Trade,SP035_Arjun,Personal Care,SilkTouch Lotion 200ml,125.0,16,2000.0,12,240.0,1760.0,2050.28,Delivered,0,0.0,Indirect,Credit
ORD101324,2024-06-04,Jun-2024,South,Karnataka,Bengaluru,D002,Bengaluru Marketing,Distributor,OUT0074,Convenience Store,SP018_Rina,Dairy & Food Staples,SunRice Basmati 1kg,223.84,19,4252.96,8,340.24,3912.72,4434.95,Delivered,0,0.0,Indirect,Cash
ORD101675,2024-06-04,Jun-2024,Central,Madhya Pradesh,Jabalpur,D025,Jabalpur Agencies,Wholesaler,OUT0009,Wholesale Shop,SP009_Karan,Dairy & Food Staples,SunRice Basmati 1kg,31.57,11,347.27,0,0.0,347.27,339.35,Delivered,0,0.0,Direct,Credit
ORD101704,2024-06-04,Jun-2024,North,Delhi,New Delhi,D003,New Delhi Traders,Super Stockist,OUT0059,Supermarket,SP035_Arjun,Beverages,FreshSip Cola 250ml,170.45,34,5795.3,12,695.44,5099.86,6135.63,Delivered,0,0.0,Direct,Cash
ORD102313,2024-06-04,Jun-2024,Central,Madhya Pradesh,Bhopal,D029,Bhopal Distribution Co,Super Stockist,OUT0138,Kirana/General Store,SP033_Manoj,Dairy & Food Staples,DailyFresh Ghee 500ml,33.73,32,1079.36,0,0.0,1079.36,1274.8,Delivered,0,0.0,Indirect,Credit
ORD100484,2024-06-04,Jun-2024,East,Odisha,Bhubaneswar,D028,Bhubaneswar Distribution Co,Wholesaler,OUT0080,Supermarket,SP007_Suresh,Personal Care,SilkTouch Lotion 200ml,42.28,9,380.52,0,0.0,380.52,435.75,Delivered,0,0.0,Indirect,UPI/Online
ORD103054,2024-06-05,Jun-2024,North,Punjab,Amritsar,D018,Amritsar Traders,Wholesaler,OUT0198,Kirana/General Store,SP005_Vikram,Beverages,OrangeZest Juice 1L,333.63,15,5004.45,5,250.22,4754.23,4515.61,Delivered,0,0.0,Direct,UPI/Online
ORD102115,2024-06-05,Jun-2024,North,Punjab,Amritsar,D018,Amritsar Traders,Wholesaler,OUT0128,Modern Trade,SP013_Manoj,Personal Care,GlowSoft Soap 100g,295.67,44,13009.48,5,650.47,12359.01,15089.19,Delivered,0,0.0,Indirect,Cash
ORD103634,2024-06-05,Jun-2024,Central,Chhattisgarh,Raipur,D011,Raipur Agencies,Super Stockist,OUT0190,Modern Trade,SP037_Sanjay,Snacks & Confectionery,CrispBite Chips 50g,57.38,30,1721.4,0,0.0,1721.4,1706.63,Delivered,0,0.0,Indirect,UPI/Online
ORD100759,2024-06-05,Jun-2024,East,Odisha,Bhubaneswar,D028,Bhubaneswar Distribution Co,Wholesaler,OUT0044,Kirana/General Store,SP003_Priya,Personal Care,SilkTouch Lotion 200ml,135.11,18,2431.98,5,121.6,2310.38,2066.04,Delivered,0,0.0,Indirect,Credit
ORD101717,2024-06-05,Jun-2024,Central,Chhattisgarh,Raipur,D011,Raipur Agencies,Super Stockist,OUT0190,Modern Trade,SP010_Pooja,Dairy & Food Staples,GoldenGrain Atta 5kg,86.75,4,347.0,0,0.0,347.0,398.9,Delivered,0,0.0,Direct,UPI/Online
ORD103524,2024-06-05,Jun-2024,Central,Madhya Pradesh,Jabalpur,D004,Jabalpur Traders,Wholesaler,OUT0056,Kirana/General Store,SP026_Anjali,Personal Care,FreshBreath Toothpaste 150g,123.79,15,1856.85,5,92.84,1764.01,2165.61,Pending,0,0.0,Direct,UPI/Online
ORD103182,2024-06-05,Jun-2024,North,Uttar Pradesh,Lucknow,D010,Lucknow Marketing,Distributor,OUT0199,Convenience Store,SP010_Pooja,Beverages,FreshSip Cola 250ml,279.2,26,7259.2,0,0.0,7259.2,7853.38,Delivered,0,0.0,Indirect,Cash
ORD100963,2024-06-05,Jun-2024,East,Odisha,Bhubaneswar,D028,Bhubaneswar Distribution Co,Wholesaler,OUT0044,Kirana/General Store,SP004_Sneha,Personal Care,ShinyLocks Shampoo 200ml,268.65,15,4029.75,2,80.6,3949.15,3498.11,Delivered,0,0.0,Indirect,Credit
ORD103708,2024-06-06,Jun-2024,Central,Madhya Pradesh,Bhopal,D029,Bhopal Distribution Co,Super Stockist,OUT0114,Kirana/General Store,SP017_Sanjay,Dairy & Food Staples,DailyFresh Ghee 500ml,259.94,8,2079.52,0,0.0,2079.52,1785.75,Delivered,0,0.0,Direct,Credit
ORD100262,2024-06-06,Jun-2024,Central,Madhya Pradesh,Jabalpur,D004,Jabalpur Traders,Wholesaler,OUT0041,Modern Trade,SP019_Deepak,Home Care,PureAir Freshener 250ml,269.24,34,9154.16,8,732.33,8421.83,9546.13,Delivered,0,0.0,Indirect,UPI/Online
ORD100425,2024-06-06,Jun-2024,East,Odisha,Bhubaneswar,D007,Bhubaneswar Distribution Co,Super Stockist,OUT0119,Convenience Store,SP020_Shreya,Personal Care,GlowSoft Soap 100g,243.68,29,7066.72,0,0.0,7066.72,7848.69,Delivered,0,0.0,Direct,UPI/Online
ORD102161,2024-06-06,Jun-2024,Central,Madhya Pradesh,Jabalpur,D025,Jabalpur Agencies,Wholesaler,OUT0017,Supermarket,SP031_Ravi,Personal Care,FreshBreath Toothpaste 150g,81.61,20,1632.2,0,0.0,1632.2,1634.26,Delivered,0,0.0,Indirect,Credit
ORD103991,2024-06-06,Jun-2024,North,Uttar Pradesh,Lucknow,D008,Lucknow Distribution Co,Distributor,OUT0029,Kirana/General Store,SP039_Deepak,Personal Care,FreshBreath Toothpaste 150g,333.92,31,10351.52,10,1035.15,9316.37,10218.26,Delivered,0,0.0,Direct,Credit
ORD102002,2024-06-06,Jun-2024,West,Goa,Panaji,D024,Panaji Marketing,Distributor,OUT0047,Convenience Store,SP009_Karan,Beverages,FreshSip Cola 250ml,291.4,35,10199.0,0,0.0,10199.0,11790.3,Delivered,0,0.0,Indirect,Cash
ORD100446,2024-06-07,Jun-2024,Central,Chhattisgarh,Raipur,D022,Raipur Agencies,Super Stockist,OUT0045,Kirana/General Store,SP039_Deepak,Home Care,CleanWave Detergent 1kg,331.42,22,7291.24,8,583.3,6707.94,6981.36,Delivered,0,0.0,Direct,Cash
ORD103311,2024-06-07,Jun-2024,West,Goa,Panaji,D019,Panaji Traders,Distributor,OUT0026,Supermarket,SP030_Pooja,Snacks & Confectionery,CrispBite Chips 100g,105.69,16,1691.04,10,169.1,1521.94,1607.43,Delivered,0,0.0,Indirect,UPI/Online
ORD101515,2024-06-07,Jun-2024,North,Uttar Pradesh,Lucknow,D008,Lucknow Distribution Co,Distributor,OUT0049,Supermarket,SP016_Meera,Dairy & Food Staples,GoldenGrain Atta 5kg,81.48,8,651.84,2,13.04,638.8,554.07,Delivered,0,0.0,Indirect,Cash
ORD102595,2024-06-07,Jun-2024,South,Tamil Nadu,Coimbatore,D020,Coimbatore Marketing,Distributor,OUT0144,Supermarket,SP039_Deepak,Snacks & Confectionery,CrispBite Chips 100g,97.4,25,2435.0,0,0.0,2435.0,2982.84,Delivered,0,0.0,Direct,UPI/Online
ORD103702,2024-06-07,Jun-2024,Central,Madhya Pradesh,Bhopal,D029,Bhopal Distribution Co,Super Stockist,OUT0139,Convenience Store,SP029_Karan,Home Care,CleanWave Detergent 1kg,62.76,29,1820.04,5,91.0,1729.04,1743.76,Delivered,0,0.0,Indirect,Credit
ORD100400,2024-06-07,Jun-2024,South,Karnataka,Bengaluru,D002,Bengaluru Marketing,Distributor,OUT0179,Modern Trade,SP028_Neha,Home Care,SparkleShine Dishwash 500ml,40.61,20,812.2,5,40.61,771.59,661.75,Cancelled,0,0.0,Direct,Cash
ORD101314,2024-06-07,Jun-2024,West,Rajasthan,Jaipur,D016,Jaipur Distribution Co,Super Stockist,OUT0061,Modern Trade,SP009_Karan,Home Care,SparkleShine Dishwash 500ml,51.98,56,2910.88,5,145.54,2765.34,3136.09,Delivered,0,0.0,Indirect,Cash
ORD101643,2024-06-07,Jun-2024,North,Uttar Pradesh,Lucknow,D008,Lucknow Distribution Co,Distributor,OUT0049,Supermarket,SP028_Neha,Beverages,OrangeZest Juice 1L,342.83,10,3428.3,2,68.57,3359.73,3992.2,Delivered,0,0.0,Indirect,Cash
ORD100828,2024-06-07,Jun-2024,North,Uttar Pradesh,Lucknow,D010,Lucknow Marketing,Distributor,OUT0199,Convenience Store,SP034_Kavita,Personal Care,ShinyLocks Shampoo 200ml,89.0,18,1602.0,2,32.04,1569.96,1347.66,Delivered,0,0.0,Indirect,Cash
ORD102604,2024-06-08,Jun-2024,Central,Madhya Pradesh,Bhopal,D029,Bhopal Distribution Co,Super Stockist,OUT0131,Supermarket,SP031_Ravi,Personal Care,GlowSoft Soap 100g,44.17,31,1369.27,10,136.93,1232.34,1067.59,Delivered,0,0.0,Indirect,Cash
ORD102815,2024-06-08,Jun-2024,Central,Madhya Pradesh,Jabalpur,D004,Jabalpur Traders,Wholesaler,OUT0130,Kirana/General Store,SP021_Rahul,Home Care,PureAir Freshener 250ml,262.79,31,8146.49,0,0.0,8146.49,8041.85,Delivered,0,0.0,Indirect,Cash
ORD102023,2024-06-08,Jun-2024,North,Delhi,New Delhi,D003,New Delhi Traders,Super Stockist,OUT0122,Modern Trade,SP035_Arjun,Home Care,PureAir Freshener 250ml,72.22,29,2094.38,0,0.0,2094.38,1840.8,Delivered,0,0.0,Direct,UPI/Online
ORD100707,2024-06-08,Jun-2024,North,Punjab,Amritsar,D018,Amritsar Traders,Wholesaler,OUT0128,Modern Trade,SP022_Amit,Personal Care,SilkTouch Lotion 200ml,231.8,11,2549.8,2,51.0,2498.8,2147.97,Delivered,0,0.0,Indirect,Cash
ORD102833,2024-06-08,Jun-2024,Central,Madhya Pradesh,Bhopal,D029,Bhopal Distribution Co,Super Stockist,OUT0103,Kirana/General Store,SP002_Amit,Snacks & Confectionery,ChocoNut Bar 40g,289.72,33,9560.76,0,0.0,9560.76,8959.44,Delivered,0,0.0,Indirect,Credit
ORD102097,2024-06-08,Jun-2024,East,Odisha,Bhubaneswar,D007,Bhubaneswar Distribution Co,Super Stockist,OUT0091,Convenience Store,SP006_Anjali,Snacks & Confectionery,SweetPuff Biscuit 100g,81.76,14,1144.64,8,91.57,1053.07,1289.03,Delivered,0,0.0,Indirect,Credit
ORD100869,2024-06-08,Jun-2024,North,Uttar Pradesh,Lucknow,D008,Lucknow Distribution Co,Distributor,OUT0157,Supermarket,SP031_Ravi,Beverages,OrangeZest Juice 1L,220.42,25,5510.5,5,275.52,5234.98,4891.5,Delivered,0,0.0,Indirect,Cash
ORD100836,2024-06-08,Jun-2024,North,Uttar Pradesh,Lucknow,D008,Lucknow Distribution Co,Distributor,OUT0157,Supermarket,SP031_Ravi,Personal Care,SilkTouch Lotion 200ml,166.71,13,2167.23,0,0.0,2167.23,1987.8,Delivered,0,0.0,Direct,Cash
ORD101823,2024-06-08,Jun-2024,North,Delhi,New Delhi,D001,New Delhi Traders,Super Stockist,OUT0180,Wholesale Shop,SP030_Pooja,Snacks & Confectionery,CrispBite Chips 100g,93.89,13,1220.57,10,122.06,1098.51,941.51,Delivered,0,0.0,Indirect,UPI/Online
ORD101811,2024-06-08,Jun-2024,Central,Chhattisgarh,Raipur,D011,Raipur Agencies,Super Stockist,OUT0190,Modern Trade,SP037_Sanjay,Personal Care,ShinyLocks Shampoo 200ml,327.88,33,10820.04,10,1082.0,9738.04,11176.56,Delivered,0,0.0,Direct,UPI/Online
ORD102343,2024-06-09,Jun-2024,East,Odisha,Bhubaneswar,D007,Bhubaneswar Distribution Co,Super Stockist,OUT0091,Convenience Store,SP025_Vikram,Home Care,PureAir Freshener 250ml,57.42,8,459.36,0,0.0,459.36,435.31,Returned,1,57.42,Indirect,Cash
ORD103849,2024-06-09,Jun-2024,North,Punjab,Amritsar,D018,Amritsar Traders,Wholesaler,OUT0192,Supermarket,SP009_Karan,Home Care,SparkleShine Dishwash 500ml,210.77,20,4215.4,8,337.23,3878.17,4311.77,Delivered,0,0.0,Direct,Cash
ORD100788,2024-06-09,Jun-2024,South,Karnataka,Mysuru,D017,Mysuru Enterprises,Distributor,OUT0101,Convenience Store,SP030_Pooja,Dairy & Food Staples,PureDrop Milk 500ml,334.18,31,10359.58,0,0.0,10359.58,10732.68,Delivered,0,0.0,Indirect,Credit
ORD101056,2024-06-09,Jun-2024,West,Rajasthan,Jodhpur,D013,Jodhpur Distribution Co,Super Stockist,OUT0155,Kirana/General Store,SP024_Sneha,Personal Care,GlowSoft Soap 100g,196.05,6,1176.3,2,23.53,1152.77,1039.37,Delivered,0,0.0,Indirect,Credit
ORD100121,2024-06-09,Jun-2024,Central,Chhattisgarh,Raipur,D009,Raipur Enterprises,Wholesaler,OUT0171,Kirana/General Store,SP031_Ravi,Personal Care,FreshBreath Toothpaste 150g,282.03,26,7332.78,2,146.66,7186.12,8374.98,Cancelled,0,0.0,Indirect,UPI/Online
ORD102393,2024-06-09,Jun-2024,East,Bihar,Patna,D014,Patna Distribution Co,Wholesaler,OUT0015,Supermarket,SP027_Suresh,Home Care,ShineFloor Cleaner 1L,241.34,22,5309.48,2,106.19,5203.29,4738.35,Delivered,0,0.0,Indirect,Cash
ORD101614,2024-06-09,Jun-2024,Central,Chhattisgarh,Raipur,D022,Raipur Agencies,Super Stockist,OUT0195,Supermarket,SP007_Suresh,Personal Care,SilkTouch Lotion 200ml,252.46,12,3029.52,0,0.0,3029.52,2689.26,Delivered,0,0.0,Indirect,UPI/Online
ORD103057,2024-06-09,Jun-2024,South,Karnataka,Mysuru,D017,Mysuru Enterprises,Distributor,OUT0188,Convenience Store,SP017_Sanjay,Personal Care,SilkTouch Lotion 200ml,77.73,13,1010.49,0,0.0,1010.49,1152.55,Delivered,0,0.0,Direct,Credit
ORD101766,2024-06-09,Jun-2024,West,Goa,Panaji,D019,Panaji Traders,Distributor,OUT0026,Supermarket,SP018_Rina,Personal Care,FreshBreath Toothpaste 150g,63.34,11,696.74,5,34.84,661.9,802.2,Delivered,0,0.0,Direct,Credit
ORD103745,2024-06-10,Jun-2024,North,Delhi,New Delhi,D003,New Delhi Traders,Super Stockist,OUT0081,Wholesale Shop,SP014_Kavita,Beverages,OrangeZest Juice 1L,21.93,21,460.53,2,9.21,451.32,433.48,Delivered,0,0.0,Indirect,UPI/Online
ORD101976,2024-06-10,Jun-2024,Central,Chhattisgarh,Raipur,D005,Raipur Enterprises,Wholesaler,OUT0116,Convenience Store,SP026_Anjali,Personal Care,SilkTouch Lotion 200ml,209.13,27,5646.51,2,112.93,5533.58,5665.1,Returned,7,1463.91,Indirect,Cash
ORD102877,2024-06-10,Jun-2024,West,Goa,Panaji,D024,Panaji Marketing,Distributor,OUT0174,Convenience Store,SP002_Amit,Beverages,FreshSip Cola 250ml,142.9,11,1571.9,2,31.44,1540.46,1331.27,Delivered,0,0.0,Direct,UPI/Online
ORD102934,2024-06-10,Jun-2024,Central,Chhattisgarh,Raipur,D022,Raipur Agencies,Super Stockist,OUT0069,Modern Trade,SP009_Karan,Beverages,FreshSip Cola 500ml,67.24,47,3160.28,2,63.21,3097.07,3189.93,Delivered,0,0.0,Indirect,Cash
ORD103334,2024-06-10,Jun-2024,North,Punjab,Amritsar,D018,Amritsar Traders,Wholesaler,OUT0025,Supermarket,SP030_Pooja,Snacks & Confectionery,CrispBite Chips 100g,178.78,18,3218.04,0,0.0,3218.04,3445.28,Delivered,0,0.0,Indirect,Cash
ORD100769,2024-06-10,Jun-2024,Central,Chhattisgarh,Raipur,D011,Raipur Agencies,Super Stockist,OUT0125,Supermarket,SP030_Pooja,Dairy & Food Staples,PureDrop Milk 500ml,43.28,16,692.48,0,0.0,692.48,739.47,Pending,0,0.0,Direct,UPI/Online
ORD103270,2024-06-10,Jun-2024,North,Uttar Pradesh,Lucknow,D008,Lucknow Distribution Co,Distributor,OUT0038,Modern Trade,SP014_Kavita,Dairy & Food Staples,SunRice Basmati 1kg,312.07,30,9362.1,2,187.24,9174.86,9690.03,Pending,0,0.0,Indirect,UPI/Online
ORD103509,2024-06-10,Jun-2024,Central,Chhattisgarh,Raipur,D005,Raipur Enterprises,Wholesaler,OUT0036,Wholesale Shop,SP007_Suresh,Personal Care,GlowSoft Soap 100g,165.99,24,3983.76,8,318.7,3665.06,4514.24,Delivered,0,0.0,Direct,UPI/Online
ORD100667,2024-06-10,Jun-2024,East,West Bengal,Kolkata,D006,Kolkata Enterprises,Distributor,OUT0127,Modern Trade,SP018_Rina,Dairy & Food Staples,DailyFresh Ghee 500ml,51.34,13,667.42,0,0.0,667.42,830.89,Delivered,0,0.0,Indirect,UPI/Online
ORD101351,2024-06-10,Jun-2024,East,Odisha,Bhubaneswar,D007,Bhubaneswar Distribution Co,Super Stockist,OUT0062,Modern Trade,SP022_Amit,Personal Care,SilkTouch Lotion 200ml,317.49,12,3809.88,8,304.79,3505.09,3333.57,Returned,4,1269.96,Indirect,Credit
ORD102092,2024-06-10,Jun-2024,Central,Madhya Pradesh,Jabalpur,D030,Jabalpur Distribution Co,Distributor,OUT0002,Convenience Store,SP038_Rina,Dairy & Food Staples,PureDrop Milk 500ml,20.62,9,185.58,0,0.0,185.58,225.66,Delivered,0,0.0,Indirect,Credit
ORD103152,2024-06-10,Jun-2024,Central,Chhattisgarh,Raipur,D022,Raipur Agencies,Super Stockist,OUT0194,Modern Trade,SP030_Pooja,Dairy & Food Staples,SunRice Basmati 1kg,188.59,10,1885.9,12,226.31,1659.59,1924.91,Delivered,0,0.0,Direct,Cash
ORD100422,2024-06-11,Jun-2024,Central,Chhattisgarh,Raipur,D005,Raipur Enterprises,Wholesaler,OUT0116,Convenience Store,SP009_Karan,Personal Care,ShinyLocks Shampoo 200ml,35.9,28,1005.2,2,20.1,985.1,919.64,Delivered,0,0.0,Direct,Cash
ORD100605,2024-06-11,Jun-2024,Central,Chhattisgarh,Raipur,D011,Raipur Agencies,Super Stockist,OUT0125,Supermarket,SP038_Rina,Home Care,PureAir Freshener 250ml,292.76,34,9953.84,0,0.0,9953.84,10308.12,Delivered,0,0.0,Indirect,Credit
ORD102333,2024-06-11,Jun-2024,South,Tamil Nadu,Coimbatore,D020,Coimbatore Marketing,Distributor,OUT0196,Wholesale Shop,SP014_Kavita,Snacks & Confectionery,CrispBite Chips 100g,280.5,16,4488.0,12,538.56,3949.44,4667.29,Delivered,0,0.0,Indirect,Credit
ORD100075,2024-06-11,Jun-2024,South,Tamil Nadu,Coimbatore,D023,Coimbatore Marketing,Super Stockist,OUT0191,Convenience Store,SP010_Pooja,Home Care,ShineFloor Cleaner 1L,337.86,23,7770.78,12,932.49,6838.29,8250.1,Delivered,0,0.0,Direct,UPI/Online
ORD103137,2024-06-11,Jun-2024,Central,Chhattisgarh,Raipur,D022,Raipur Agencies,Super Stockist,OUT0189,Modern Trade,SP010_Pooja,Beverages,MintCool Soda 300ml,143.32,21,3009.72,2,60.19,2949.53,3328.68,Cancelled,0,0.0,Direct,Cash
ORD100244,2024-06-11,Jun-2024,West,Gujarat,Surat,D027,Surat Agencies,Wholesaler,OUT0123,Convenience Store,SP035_Arjun,Personal Care,FreshBreath Toothpaste 150g,285.0,5,1425.0,5,71.25,1353.75,1374.62,Delivered,0,0.0,Direct,UPI/Online
ORD102651,2024-06-11,Jun-2024,East,Bihar,Patna,D014,Patna Distribution Co,Wholesaler,OUT0175,Wholesale Shop,SP016_Meera,Dairy & Food Staples,PureDrop Milk 500ml,222.75,57,12696.75,0,0.0,12696.75,15517.87,Delivered,0,0.0,Direct,Cash
ORD102139,2024-06-11,Jun-2024,East,Bihar,Patna,D014,Patna Distribution Co,Wholesaler,OUT0015,Supermarket,SP002_Amit,Beverages,FreshSip Cola 250ml,139.16,33,4592.28,2,91.85,4500.43,4248.31,Pending,0,0.0,Indirect,UPI/Online
ORD102769,2024-06-11,Jun-2024,Central,Chhattisgarh,Raipur,D022,Raipur Agencies,Super Stockist,OUT0045,Kirana/General Store,SP003_Priya,Beverages,OrangeZest Juice 1L,323.57,20,6471.4,2,129.43,6341.97,6984.52,Delivered,0,0.0,Indirect,UPI/Online
ORD101889,2024-06-12,Jun-2024,North,Uttar Pradesh,Lucknow,D008,Lucknow Distribution Co,Distributor,OUT0033,Convenience Store,SP032_Divya,Dairy & Food Staples,SunRice Basmati 1kg,123.7,27,3339.9,2,66.8,3273.1,3819.34,Delivered,0,0.0,Indirect,Cash
ORD103830,2024-06-12,Jun-2024,West,Gujarat,Surat,D027,Surat Agencies,Wholesaler,OUT0123,Convenience Store,SP008_Neha,Snacks & Confectionery,SweetPuff Biscuit 100g,346.46,26,9007.96,12,1080.96,7927.0,9060.4,Delivered,0,0.0,Indirect,Cash
ORD103882,2024-06-12,Jun-2024,Central,Chhattisgarh,Raipur,D011,Raipur Agencies,Super Stockist,OUT0190,Modern Trade,SP028_Neha,Dairy & Food Staples,GoldenGrain Atta 5kg,140.27,45,6312.15,2,126.24,6185.91,5331.23,Delivered,0,0.0,Direct,Credit
ORD101491,2024-06-12,Jun-2024,North,Uttar Pradesh,Lucknow,D008,Lucknow Distribution Co,Distributor,OUT0038,Modern Trade,SP005_Vikram,Home Care,ShineFloor Cleaner 1L,89.72,37,3319.64,12,398.36,2921.28,3021.74,Delivered,0,0.0,Indirect,Credit
ORD103662,2024-06-12,Jun-2024,East,Odisha,Bhubaneswar,D028,Bhubaneswar Distribution Co,Wholesaler,OUT0080,Supermarket,SP039_Deepak,Beverages,OrangeZest Juice 1L,259.47,12,3113.64,5,155.68,2957.96,3232.82,Delivered,0,0.0,Indirect,Cash
ORD101922,2024-06-12,Jun-2024,North,Punjab,Amritsar,D018,Amritsar Traders,Wholesaler,OUT0198,Kirana/General Store,SP021_Rahul,Personal Care,GlowSoft Soap 100g,342.49,45,15412.05,0,0.0,15412.05,15659.12,Delivered,0,0.0,Indirect,UPI/Online
ORD102650,2024-06-12,Jun-2024,West,Gujarat,Surat,D027,Surat Agencies,Wholesaler,OUT0133,Convenience Store,SP035_Arjun,Dairy & Food Staples,GoldenGrain Atta 5kg,135.02,32,4320.64,0,0.0,4320.64,4966.73,Returned,8,1080.16,Indirect,Cash
ORD100835,2024-06-12,Jun-2024,Central,Chhattisgarh,Raipur,D005,Raipur Enterprises,Wholesaler,OUT0070,Supermarket,SP005_Vikram,Snacks & Confectionery,ChocoNut Bar 40g,92.19,16,1475.04,8,118.0,1357.04,1483.63,Delivered,0,0.0,Indirect,Cash
ORD102194,2024-06-12,Jun-2024,Central,Chhattisgarh,Raipur,D026,Raipur Agencies,Distributor,OUT0151,Modern Trade,SP021_Rahul,Personal Care,GlowSoft Soap 100g,60.67,20,1213.4,0,0.0,1213.4,1116.04,Delivered,0,0.0,Indirect,UPI/Online
ORD100588,2024-06-13,Jun-2024,North,Punjab,Amritsar,D018,Amritsar Traders,Wholesaler,OUT0132,Kirana/General Store,SP035_Arjun,Beverages,FreshSip Cola 250ml,267.75,26,6961.5,5,348.08,6613.42,8079.34,Delivered,0,0.0,Direct,UPI/Online
ORD101762,2024-06-13,Jun-2024,Central,Chhattisgarh,Raipur,D009,Raipur Enterprises,Wholesaler,OUT0113,Kirana/General Store,SP015_Arjun,Snacks & Confectionery,ChocoNut Bar 40g,27.62,27,745.74,12,89.49,656.25,715.15,Delivered,0,0.0,Indirect,Cash
ORD100832,2024-06-13,Jun-2024,East,Bihar,Patna,D014,Patna Distribution Co,Wholesaler,OUT0052,Supermarket,SP029_Karan,Snacks & Confectionery,ChocoNut Bar 40g,129.62,38,4925.56,0,0.0,4925.56,5641.83,Delivered,0,0.0,Direct,Credit
ORD101979,2024-06-13,Jun-2024,North,Delhi,New Delhi,D001,New Delhi Traders,Super Stockist,OUT0110,Wholesale Shop,SP013_Manoj,Home Care,PureAir Freshener 250ml,103.19,22,2270.18,0,0.0,2270.18,2685.94,Delivered,0,0.0,Indirect,UPI/Online
ORD103175,2024-06-13,Jun-2024,Central,Chhattisgarh,Raipur,D022,Raipur Agencies,Super Stockist,OUT0162,Supermarket,SP016_Meera,Beverages,OrangeZest Juice 1L,280.62,20,5612.4,10,561.24,5051.16,5827.67,Delivered,0,0.0,Indirect,Credit
ORD102576,2024-06-13,Jun-2024,South,Tamil Nadu,Coimbatore,D023,Coimbatore Marketing,Super Stockist,OUT0191,Convenience Store,SP017_Sanjay,Snacks & Confectionery,CrispBite Chips 50g,276.91,14,3876.74,12,465.21,3411.53,4177.69,Delivered,0,0.0,Indirect,Cash
ORD103061,2024-06-13,Jun-2024,Central,Chhattisgarh,Raipur,D005,Raipur Enterprises,Wholesaler,OUT0116,Convenience Store,SP004_Sneha,Dairy & Food Staples,SunRice Basmati 1kg,125.49,10,1254.9,10,125.49,1129.41,1028.16,Delivered,0,0.0,Direct,Cash
ORD100251,2024-06-13,Jun-2024,South,Karnataka,Bengaluru,D002,Bengaluru Marketing,Distributor,OUT0074,Convenience Store,SP035_Arjun,Beverages,FreshSip Cola 250ml,75.44,13,980.72,10,98.07,882.65,784.05,Delivered,0,0.0,Indirect,Cash
ORD101256,2024-06-13,Jun-2024,South,Telangana,Hyderabad,D012,Hyderabad Traders,Super Stockist,OUT0183,Modern Trade,SP031_Ravi,Personal Care,SilkTouch Lotion 200ml,85.38,7,597.66,5,29.88,567.78,703.63,Delivered,0,0.0,Indirect,Credit
ORD100757,2024-06-14,Jun-2024,South,Karnataka,Mysuru,D017,Mysuru Enterprises,Distributor,OUT0176,Kirana/General Store,SP028_Neha,Dairy & Food Staples,PureDrop Milk 500ml,20.07,31,622.17,8,49.77,572.4,524.96,Delivered,0,0.0,Direct,Credit
ORD103764,2024-06-14,Jun-2024,Central,Madhya Pradesh,Bhopal,D029,Bhopal Distribution Co,Super Stockist,OUT0084,Wholesale Shop,SP017_Sanjay,Personal Care,SilkTouch Lotion 200ml,339.54,8,2716.32,0,0.0,2716.32,2414.95,Delivered,0,0.0,Direct,Cash
ORD101832,2024-06-14,Jun-2024,North,Punjab,Ludhiana,D015,Ludhiana Traders,Distributor,OUT0020,Wholesale Shop,SP028_Neha,Beverages,FreshSip Cola 500ml,151.54,7,1060.78,12,127.29,933.49,1123.73,Delivered,0,0.0,Indirect,Credit
ORD103978,2024-06-14,Jun-2024,West,Goa,Panaji,D019,Panaji Traders,Distributor,OUT0089,Wholesale Shop,SP002_Amit,Home Care,PureAir Freshener 250ml,175.75,24,4218.0,0,0.0,4218.0,4836.69,Delivered,0,0.0,Indirect,Credit
ORD103194,2024-06-14,Jun-2024,West,Goa,Panaji,D024,Panaji Marketing,Distributor,OUT0115,Wholesale Shop,SP037_Sanjay,Snacks & Confectionery,ChocoNut Bar 40g,235.18,33,7760.94,2,155.22,7605.72,8189.63,Delivered,0,0.0,Indirect,UPI/Online
ORD100795,2024-06-14,Jun-2024,East,Odisha,Bhubaneswar,D007,Bhubaneswar Distribution Co,Super Stockist,OUT0178,Convenience Store,SP024_Sneha,Snacks & Confectionery,CrispBite Chips 50g,267.04,29,7744.16,0,0.0,7744.16,8797.75,Returned,2,534.08,Direct,Credit
ORD102224,2024-06-14,Jun-2024,North,Uttar Pradesh,Lucknow,D008,Lucknow Distribution Co,Distributor,OUT0005,Wholesale Shop,SP031_Ravi,Beverages,FreshSip Cola 250ml,267.63,17,4549.71,0,0.0,4549.71,4753.43,Delivered,0,0.0,Indirect,UPI/Online
ORD101932,2024-06-14,Jun-2024,Central,Chhattisgarh,Raipur,D022,Raipur Agencies,Super Stockist,OUT0034,Modern Trade,SP037_Sanjay,Personal Care,GlowSoft Soap 100g,241.19,68,16400.92,0,0.0,16400.92,14688.99,Delivered,0,0.0,Indirect,Cash
ORD100063,2024-06-14,Jun-2024,Central,Madhya Pradesh,Bhopal,D029,Bhopal Distribution Co,Super Stockist,OUT0030,Kirana/General Store,SP030_Pooja,Home Care,CleanWave Detergent 1kg,276.22,14,3867.08,10,386.71,3480.37,3555.54,Pending,0,0.0,Indirect,UPI/Online
ORD101802,2024-06-14,Jun-2024,South,Tamil Nadu,Coimbatore,D020,Coimbatore Marketing,Distributor,OUT0109,Wholesale Shop,SP013_Manoj,Dairy & Food Staples,PureDrop Milk 500ml,66.95,8,535.6,0,0.0,535.6,564.28,Delivered,0,0.0,Direct,Credit
ORD102623,2024-06-14,Jun-2024,Central,Chhattisgarh,Raipur,D009,Raipur Enterprises,Wholesaler,OUT0013,Wholesale Shop,SP007_Suresh,Snacks & Confectionery,SweetPuff Biscuit 100g,255.61,13,3322.93,2,66.46,3256.47,3248.67,Delivered,0,0.0,Direct,Cash
ORD101104,2024-06-14,Jun-2024,East,Bihar,Patna,D014,Patna Distribution Co,Wholesaler,OUT0015,Supermarket,SP016_Meera,Beverages,MintCool Soda 300ml,106.63,28,2985.64,2,59.71,2925.93,2721.78,Returned,2,213.26,Direct,Cash
ORD103947,2024-06-14,Jun-2024,Central,Chhattisgarh,Raipur,D022,Raipur Agencies,Super Stockist,OUT0045,Kirana/General Store,SP009_Karan,Home Care,PureAir Freshener 250ml,229.35,31,7109.85,2,142.2,6967.65,7991.88,Delivered,0,0.0,Indirect,Cash
ORD101101,2024-06-14,Jun-2024,East,Odisha,Bhubaneswar,D007,Bhubaneswar Distribution Co,Super Stockist,OUT0040,Kirana/General Store,SP031_Ravi,Beverages,FreshSip Cola 250ml,327.47,13,4257.11,2,85.14,4171.97,4397.23,Delivered,0,0.0,Indirect,UPI/Online
ORD101568,2024-06-14,Jun-2024,Central,Chhattisgarh,Raipur,D009,Raipur Enterprises,Wholesaler,OUT0053,Modern Trade,SP038_Rina,Beverages,FreshSip Cola 250ml,216.69,4,866.76,5,43.34,823.42,923.39,Delivered,0,0.0,Direct,Cash
ORD101865,2024-06-14,Jun-2024,Central,Madhya Pradesh,Jabalpur,D030,Jabalpur Distribution Co,Distributor,OUT0096,Kirana/General Store,SP021_Rahul,Dairy & Food Staples,SunRice Basmati 1kg,317.46,11,3492.06,0,0.0,3492.06,4294.53,Delivered,0,0.0,Indirect,Cash
ORD103047,2024-06-15,Jun-2024,Central,Madhya Pradesh,Bhopal,D029,Bhopal Distribution Co,Super Stockist,OUT0114,Kirana/General Store,SP010_Pooja,Personal Care,ShinyLocks Shampoo 200ml,27.12,14,379.68,5,18.98,360.7,340.7,Cancelled,0,0.0,Direct,Cash
ORD101985,2024-06-15,Jun-2024,North,Uttar Pradesh,Lucknow,D010,Lucknow Marketing,Distributor,OUT0199,Convenience Store,SP020_Shreya,Home Care,SparkleShine Dishwash 500ml,244.9,10,2449.0,0,0.0,2449.0,2894.85,Delivered,0,0.0,Indirect,UPI/Online
ORD100845,2024-06-15,Jun-2024,Central,Madhya Pradesh,Bhopal,D029,Bhopal Distribution Co,Super Stockist,OUT0143,Modern Trade,SP038_Rina,Beverages,OrangeZest Juice 1L,277.42,21,5825.82,0,0.0,5825.82,5727.32,Delivered,0,0.0,Indirect,Credit
ORD101974,2024-06-15,Jun-2024,West,Gujarat,Surat,D027,Surat Agencies,Wholesaler,OUT0133,Convenience Store,SP015_Arjun,Home Care,ShineFloor Cleaner 1L,218.04,24,5232.96,5,261.65,4971.31,5043.35,Delivered,0,0.0,Indirect,Credit
ORD103380,2024-06-15,Jun-2024,West,Gujarat,Surat,D027,Surat Agencies,Wholesaler,OUT0058,Kirana/General Store,SP020_Shreya,Personal Care,FreshBreath Toothpaste 150g,128.87,29,3737.23,0,0.0,3737.23,3825.02,Delivered,0,0.0,Direct,Cash
ORD100746,2024-06-15,Jun-2024,South,Karnataka,Bengaluru,D002,Bengaluru Marketing,Distributor,OUT0124,Kirana/General Store,SP037_Sanjay,Snacks & Confectionery,SweetPuff Biscuit 100g,82.43,23,1895.89,2,37.92,1857.97,2195.8,Pending,0,0.0,Indirect,UPI/Online
ORD103768,2024-06-15,Jun-2024,South,Tamil Nadu,Coimbatore,D023,Coimbatore Marketing,Super Stockist,OUT0028,Kirana/General Store,SP017_Sanjay,Snacks & Confectionery,CrispBite Chips 100g,291.1,33,9606.3,0,0.0,9606.3,9025.47,Delivered,0,0.0,Indirect,Credit
ORD101437,2024-06-15,Jun-2024,East,Odisha,Bhubaneswar,D007,Bhubaneswar Distribution Co,Super Stockist,OUT0193,Modern Trade,SP002_Amit,Home Care,ShineFloor Cleaner 1L,189.93,30,5697.9,12,683.75,5014.15,6131.19,Delivered,0,0.0,Direct,Cash
ORD102852,2024-06-15,Jun-2024,South,Tamil Nadu,Coimbatore,D020,Coimbatore Marketing,Distributor,OUT0185,Convenience Store,SP022_Amit,Dairy & Food Staples,GoldenGrain Atta 5kg,279.7,31,8670.7,2,173.41,8497.29,10210.45,Returned,5,1398.5,Indirect,Cash
ORD101037,2024-06-15,Jun-2024,Central,Madhya Pradesh,Jabalpur,D025,Jabalpur Agencies,Wholesaler,OUT0010,Supermarket,SP018_Rina,Home Care,ShineFloor Cleaner 1L,325.14,41,13330.74,0,0.0,13330.74,12007.65,Delivered,0,0.0,Indirect,Credit
ORD102699,2024-06-15,Jun-2024,West,Goa,Panaji,D019,Panaji Traders,Distributor,OUT0037,Modern Trade,SP030_Pooja,Dairy & Food Staples,PureDrop Milk 500ml,249.92,9,2249.28,0,0.0,2249.28,2623.64,Delivered,0,0.0,Indirect,UPI/Online
ORD101741,2024-06-16,Jun-2024,East,Odisha,Bhubaneswar,D028,Bhubaneswar Distribution Co,Wholesaler,OUT0156,Modern Trade,SP024_Sneha,Personal Care,FreshBreath Toothpaste 150g,28.37,20,567.4,0,0.0,567.4,577.68,Pending,0,0.0,Indirect,UPI/Online
ORD103164,2024-06-16,Jun-2024,North,Uttar Pradesh,Lucknow,D010,Lucknow Marketing,Distributor,OUT0199,Convenience Store,SP020_Shreya,Home Care,ShineFloor Cleaner 1L,131.61,28,3685.08,0,0.0,3685.08,3986.71,Delivered,0,0.0,Direct,Credit
ORD103631,2024-06-16,Jun-2024,East,Bihar,Patna,D014,Patna Distribution Co,Wholesaler,OUT0052,Supermarket,SP006_Anjali,Dairy & Food Staples,GoldenGrain Atta 5kg,306.41,37,11337.17,8,906.97,10430.2,9195.08,Delivered,0,0.0,Indirect,UPI/Online
ORD100267,2024-06-16,Jun-2024,West,Goa,Panaji,D019,Panaji Traders,Distributor,OUT0134,Wholesale Shop,SP038_Rina,Home Care,CleanWave Detergent 1kg,280.71,16,4491.36,0,0.0,4491.36,4439.44,Delivered,0,0.0,Indirect,UPI/Online
ORD102216,2024-06-16,Jun-2024,North,Uttar Pradesh,Lucknow,D008,Lucknow Distribution Co,Distributor,OUT0092,Convenience Store,SP021_Rahul,Dairy & Food Staples,SunRice Basmati 1kg,161.05,19,3059.95,10,306.0,2753.95,3170.77,Returned,5,805.25,Direct,Credit
ORD102209,2024-06-16,Jun-2024,West,Rajasthan,Jodhpur,D013,Jodhpur Distribution Co,Super Stockist,OUT0177,Wholesale Shop,SP018_Rina,Snacks & Confectionery,ChocoNut Bar 40g,104.11,28,2915.08,2,58.3,2856.78,3481.67,Delivered,0,0.0,Indirect,Credit
ORD103161,2024-06-16,Jun-2024,South,Tamil Nadu,Coimbatore,D023,Coimbatore Marketing,Super Stockist,OUT0068,Wholesale Shop,SP009_Karan,Dairy & Food Staples,PureDrop Milk 500ml,265.74,24,6377.76,5,318.89,6058.87,5917.03,Cancelled,0,0.0,Direct,Credit
ORD103227,2024-06-16,Jun-2024,East,Odisha,Bhubaneswar,D028,Bhubaneswar Distribution Co,Wholesaler,OUT0044,Kirana/General Store,SP001_Rahul,Beverages,FreshSip Cola 500ml,103.31,46,4752.26,10,475.23,4277.03,3641.64,Delivered,0,0.0,Indirect,Credit
ORD102825,2024-06-16,Jun-2024,Central,Madhya Pradesh,Bhopal,D029,Bhopal Distribution Co,Super Stockist,OUT0112,Supermarket,SP021_Rahul,Personal Care,ShinyLocks Shampoo 200ml,253.76,16,4060.16,12,487.22,3572.94,4228.99,Delivered,0,0.0,Direct,Credit
ORD100751,2024-06-16,Jun-2024,North,Punjab,Amritsar,D018,Amritsar Traders,Wholesaler,OUT0129,Kirana/General Store,SP026_Anjali,Snacks & Confectionery,CrispBite Chips 100g,342.01,14,4788.14,2,95.76,4692.38,4965.56,Delivered,0,0.0,Direct,UPI/Online
ORD102670,2024-06-16,Jun-2024,East,Bihar,Patna,D014,Patna Distribution Co,Wholesaler,OUT0052,Supermarket,SP040_Shreya,Beverages,FreshSip Cola 500ml,68.56,30,2056.8,0,0.0,2056.8,2490.5,Delivered,0,0.0,Indirect,Credit
ORD101253,2024-06-16,Jun-2024,East,West Bengal,Kolkata,D006,Kolkata Enterprises,Distributor,OUT0064,Modern Trade,SP038_Rina,Beverages,OrangeZest Juice 1L,42.19,44,1856.36,8,148.51,1707.85,1532.6,Delivered,0,0.0,Indirect,UPI/Online
ORD102953,2024-06-16,Jun-2024,Central,Madhya Pradesh,Bhopal,D029,Bhopal Distribution Co,Super Stockist,OUT0003,Convenience Store,SP005_Vikram,Snacks & Confectionery,CrispBite Chips 100g,244.95,13,3184.35,0,0.0,3184.35,3661.52,Cancelled,0,0.0,Indirect,Cash
ORD100079,2024-06-17,Jun-2024,East,Bihar,Patna,D014,Patna Distribution Co,Wholesaler,OUT0173,Convenience Store,SP035_Arjun,Dairy & Food Staples,SunRice Basmati 1kg,136.61,37,5054.57,0,0.0,5054.57,6290.33,Returned,6,819.66,Indirect,Credit
ORD101100,2024-06-17,Jun-2024,West,Goa,Panaji,D024,Panaji Marketing,Distributor,OUT0007,Modern Trade,SP007_Suresh,Personal Care,GlowSoft Soap 100g,273.69,35,9579.15,0,0.0,9579.15,11756.28,Delivered,0,0.0,Direct,UPI/Online
ORD101592,2024-06-17,Jun-2024,North,Punjab,Ludhiana,D015,Ludhiana Traders,Distributor,OUT0055,Wholesale Shop,SP005_Vikram,Home Care,PureAir Freshener 250ml,267.38,21,5614.98,2,112.3,5502.68,6769.64,Pending,0,0.0,Indirect,UPI/Online
ORD102431,2024-06-17,Jun-2024,South,Telangana,Hyderabad,D012,Hyderabad Traders,Super Stockist,OUT0166,Wholesale Shop,SP017_Sanjay,Snacks & Confectionery,SweetPuff Biscuit 100g,92.12,35,3224.2,2,64.48,3159.72,3290.95,Returned,1,92.12,Direct,UPI/Online
ORD102430,2024-06-17,Jun-2024,South,Karnataka,Bengaluru,D002,Bengaluru Marketing,Distributor,OUT0046,Modern Trade,SP006_Anjali,Dairy & Food Staples,GoldenGrain Atta 5kg,256.39,29,7435.31,0,0.0,7435.31,8997.84,Delivered,0,0.0,Direct,Credit
ORD100809,2024-06-17,Jun-2024,Central,Chhattisgarh,Raipur,D005,Raipur Enterprises,Wholesaler,OUT0135,Modern Trade,SP004_Sneha,Home Care,SparkleShine Dishwash 500ml,194.46,27,5250.42,2,105.01,5145.41,6030.78,Delivered,0,0.0,Indirect,UPI/Online
ORD101955,2024-06-17,Jun-2024,Central,Madhya Pradesh,Jabalpur,D004,Jabalpur Traders,Wholesaler,OUT0130,Kirana/General Store,SP035_Arjun,Beverages,OrangeZest Juice 1L,148.42,42,6233.64,12,748.04,5485.6,5579.64,Delivered,0,0.0,Indirect,UPI/Online
ORD103263,2024-06-17,Jun-2024,East,Odisha,Bhubaneswar,D007,Bhubaneswar Distribution Co,Super Stockist,OUT0193,Modern Trade,SP022_Amit,Dairy & Food Staples,DailyFresh Ghee 500ml,231.43,23,5322.89,8,425.83,4897.06,5938.01,Delivered,0,0.0,Indirect,Credit
ORD103091,2024-06-17,Jun-2024,North,Punjab,Amritsar,D018,Amritsar Traders,Wholesaler,OUT0129,Kirana/General Store,SP014_Kavita,Home Care,SparkleShine Dishwash 500ml,107.81,14,1509.34,5,75.47,1433.87,1443.88,Delivered,0,0.0,Indirect,Credit
ORD103259,2024-06-17,Jun-2024,West,Rajasthan,Jodhpur,D013,Jodhpur Distribution Co,Super Stockist,OUT0163,Convenience Store,SP034_Kavita,Dairy & Food Staples,DailyFresh Ghee 500ml,236.88,41,9712.08,0,0.0,9712.08,12019.68,Cancelled,0,0.0,Indirect,Cash
ORD102499,2024-06-18,Jun-2024,West,Goa,Panaji,D019,Panaji Traders,Distributor,OUT0026,Supermarket,SP001_Rahul,Beverages,FreshSip Cola 500ml,36.82,48,1767.36,5,88.37,1678.99,1573.03,Delivered,0,0.0,Indirect,Credit
ORD101824,2024-06-18,Jun-2024,North,Punjab,Amritsar,D018,Amritsar Traders,Wholesaler,OUT0025,Supermarket,SP023_Priya,Beverages,MintCool Soda 300ml,304.39,2,608.78,5,30.44,578.34,584.01,Delivered,0,0.0,Indirect,Cash
ORD101943,2024-06-18,Jun-2024,Central,Chhattisgarh,Raipur,D005,Raipur Enterprises,Wholesaler,OUT0116,Convenience Store,SP010_Pooja,Personal Care,FreshBreath Toothpaste 150g,168.39,8,1347.12,0,0.0,1347.12,1511.2,Delivered,0,0.0,Indirect,Cash
ORD102160,2024-06-18,Jun-2024,North,Delhi,New Delhi,D001,New Delhi Traders,Super Stockist,OUT0024,Wholesale Shop,SP014_Kavita,Personal Care,FreshBreath Toothpaste 150g,155.6,13,2022.8,0,0.0,2022.8,2479.33,Delivered,0,0.0,Direct,Cash
ORD102926,2024-06-18,Jun-2024,South,Tamil Nadu,Coimbatore,D020,Coimbatore Marketing,Distributor,OUT0086,Kirana/General Store,SP004_Sneha,Beverages,MintCool Soda 300ml,219.08,29,6353.32,2,127.07,6226.25,5316.13,Pending,0,0.0,Indirect,Credit
ORD100583,2024-06-18,Jun-2024,West,Rajasthan,Jodhpur,D013,Jodhpur Distribution Co,Super Stockist,OUT0093,Supermarket,SP034_Kavita,Personal Care,ShinyLocks Shampoo 200ml,349.85,19,6647.15,2,132.94,6514.21,5981.89,Pending,0,0.0,Indirect,UPI/Online
ORD103078,2024-06-18,Jun-2024,Central,Madhya Pradesh,Jabalpur,D025,Jabalpur Agencies,Wholesaler,OUT0009,Wholesale Shop,SP015_Arjun,Beverages,MintCool Soda 300ml,336.18,21,7059.78,0,0.0,7059.78,7999.17,Delivered,0,0.0,Direct,Credit
ORD103727,2024-06-18,Jun-2024,West,Rajasthan,Jodhpur,D013,Jodhpur Distribution Co,Super Stockist,OUT0083,Kirana/General Store,SP022_Amit,Beverages,OrangeZest Juice 1L,30.16,53,1598.48,0,0.0,1598.48,1640.35,Delivered,0,0.0,Indirect,UPI/Online
ORD100340,2024-06-18,Jun-2024,North,Uttar Pradesh,Lucknow,D010,Lucknow Marketing,Distributor,OUT0111,Kirana/General Store,SP033_Manoj,Beverages,FreshSip Cola 250ml,313.79,19,5962.01,5,298.1,5663.91,6758.58,Delivered,0,0.0,Direct,Cash
ORD102975,2024-06-18,Jun-2024,East,Odisha,Bhubaneswar,D028,Bhubaneswar Distribution Co,Wholesaler,OUT0080,Supermarket,SP011_Ravi,Beverages,FreshSip Cola 250ml,304.43,10,3044.3,2,60.89,2983.41,2927.19,Pending,0,0.0,Indirect,Cash
ORD102091,2024-06-18,Jun-2024,East,West Bengal,Kolkata,D006,Kolkata Enterprises,Distributor,OUT0060,Modern Trade,SP038_Rina,Dairy & Food Staples,SunRice Basmati 1kg,221.55,8,1772.4,8,141.79,1630.61,1415.52,Delivered,0,0.0,Direct,UPI/Online
ORD100971,2024-06-18,Jun-2024,South,Telangana,Hyderabad,D012,Hyderabad Traders,Super Stockist,OUT0166,Wholesale Shop,SP010_Pooja,Personal Care,SilkTouch Lotion 200ml,98.82,28,2766.96,0,0.0,2766.96,2861.78,Delivered,0,0.0,Indirect,UPI/Online
ORD102379,2024-06-18,Jun-2024,East,West Bengal,Kolkata,D006,Kolkata Enterprises,Distributor,OUT0170,Wholesale Shop,SP006_Anjali,Home Care,PureAir Freshener 250ml,218.94,8,1751.52,0,0.0,1751.52,1870.32,Delivered,0,0.0,Direct,Cash
ORD100235,2024-06-18,Jun-2024,East,Bihar,Patna,D014,Patna Distribution Co,Wholesaler,OUT0173,Convenience Store,SP002_Amit,Beverages,MintCool Soda 300ml,153.37,19,2914.03,5,145.7,2768.33,3197.18,Delivered,0,0.0,Indirect,UPI/Online
ORD102453,2024-06-19,Jun-2024,North,Delhi,New Delhi,D003,New Delhi Traders,Super Stockist,OUT0082,Supermarket,SP006_Anjali,Beverages,FreshSip Cola 500ml,122.77,9,1104.93,2,22.1,1082.83,1023.46,Delivered,0,0.0,Indirect,UPI/Online
ORD101375,2024-06-19,Jun-2024,East,Odisha,Bhubaneswar,D007,Bhubaneswar Distribution Co,Super Stockist,OUT0040,Kirana/General Store,SP012_Divya,Snacks & Confectionery,CrispBite Chips 100g,320.64,13,4168.32,0,0.0,4168.32,5127.67,Delivered,0,0.0,Indirect,Cash
ORD103644,2024-06-19,Jun-2024,West,Gujarat,Surat,D027,Surat Agencies,Wholesaler,OUT0123,Convenience Store,SP020_Shreya,Snacks & Confectionery,ChocoNut Bar 40g,125.83,23,2894.09,0,0.0,2894.09,3402.91,Delivered,0,0.0,Indirect,Cash
ORD101407,2024-06-19,Jun-2024,East,Odisha,Bhubaneswar,D007,Bhubaneswar Distribution Co,Super Stockist,OUT0200,Modern Trade,SP018_Rina,Personal Care,ShinyLocks Shampoo 200ml,152.64,41,6258.24,0,0.0,6258.24,7095.13,Delivered,0,0.0,Indirect,Cash
ORD102756,2024-06-19,Jun-2024,North,Punjab,Ludhiana,D015,Ludhiana Traders,Distributor,OUT0021,Kirana/General Store,SP018_Rina,Beverages,OrangeZest Juice 1L,86.21,13,1120.73,5,56.04,1064.69,1242.43,Delivered,0,0.0,Direct,UPI/Online
ORD101662,2024-06-19,Jun-2024,Central,Chhattisgarh,Raipur,D009,Raipur Enterprises,Wholesaler,OUT0153,Supermarket,SP022_Amit,Beverages,OrangeZest Juice 1L,250.27,20,5005.4,0,0.0,5005.4,5457.94,Delivered,0,0.0,Indirect,UPI/Online
ORD103890,2024-06-19,Jun-2024,North,Uttar Pradesh,Lucknow,D008,Lucknow Distribution Co,Distributor,OUT0033,Convenience Store,SP020_Shreya,Snacks & Confectionery,ChocoNut Bar 40g,61.46,32,1966.72,8,157.34,1809.38,1960.47,Pending,0,0.0,Direct,Credit
ORD101808,2024-06-19,Jun-2024,West,Goa,Panaji,D019,Panaji Traders,Distributor,OUT0037,Modern Trade,SP032_Divya,Beverages,FreshSip Cola 250ml,217.22,18,3909.96,0,0.0,3909.96,4765.6,Delivered,0,0.0,Indirect,Cash
ORD102246,2024-06-19,Jun-2024,Central,Chhattisgarh,Raipur,D009,Raipur Enterprises,Wholesaler,OUT0053,Modern Trade,SP026_Anjali,Home Care,ShineFloor Cleaner 1L,39.98,5,199.9,5,9.99,189.91,214.99,Delivered,0,0.0,Indirect,Credit
ORD102491,2024-06-19,Jun-2024,East,West Bengal,Kolkata,D006,Kolkata Enterprises,Distributor,OUT0127,Modern Trade,SP005_Vikram,Snacks & Confectionery,SweetPuff Biscuit 100g,213.59,31,6621.29,0,0.0,6621.29,5653.19,Pending,0,0.0,Indirect,Cash
ORD100771,2024-06-19,Jun-2024,Central,Chhattisgarh,Raipur,D021,Raipur Traders,Super Stockist,OUT0126,Convenience Store,SP023_Priya,Home Care,SparkleShine Dishwash 500ml,328.48,25,8212.0,8,656.96,7555.04,7023.83,Cancelled,0,0.0,Direct,UPI/Online
ORD100820,2024-06-20,Jun-2024,East,Odisha,Bhubaneswar,D007,Bhubaneswar Distribution Co,Super Stockist,OUT0119,Convenience Store,SP037_Sanjay,Home Care,CleanWave Detergent 1kg,270.07,12,3240.84,0,0.0,3240.84,3938.01,Delivered,0,0.0,Indirect,Credit
ORD103290,2024-06-20,Jun-2024,Central,Madhya Pradesh,Bhopal,D029,Bhopal Distribution Co,Super Stockist,OUT0138,Kirana/General Store,SP024_Sneha,Personal Care,SilkTouch Lotion 200ml,153.62,7,1075.34,2,21.51,1053.83,1039.87,Pending,0,0.0,Indirect,Cash
ORD100330,2024-06-20,Jun-2024,North,Uttar Pradesh,Lucknow,D010,Lucknow Marketing,Distributor,OUT0111,Kirana/General Store,SP013_Manoj,Dairy & Food Staples,GoldenGrain Atta 5kg,309.68,16,4954.88,10,495.49,4459.39,4595.38,Delivered,0,0.0,Direct,UPI/Online
ORD101554,2024-06-20,Jun-2024,Central,Madhya Pradesh,Bhopal,D029,Bhopal Distribution Co,Super Stockist,OUT0030,Kirana/General Store,SP036_Meera,Snacks & Confectionery,SweetPuff Biscuit 100g,290.94,15,4364.1,0,0.0,4364.1,4529.33,Delivered,0,0.0,Indirect,Cash
ORD103552,2024-06-20,Jun-2024,North,Punjab,Ludhiana,D015,Ludhiana Traders,Distributor,OUT0051,Supermarket,SP037_Sanjay,Dairy & Food Staples,SunRice Basmati 1kg,339.58,18,6112.44,0,0.0,6112.44,5789.32,Delivered,0,0.0,Indirect,Credit
ORD100011,2024-06-20,Jun-2024,North,Delhi,New Delhi,D003,New Delhi Traders,Super Stockist,OUT0082,Supermarket,SP025_Vikram,Dairy & Food Staples,PureDrop Milk 500ml,85.58,24,2053.92,8,164.31,1889.61,2157.18,Delivered,0,0.0,Direct,Cash
ORD100002,2024-06-20,Jun-2024,North,Delhi,New Delhi,D001,New Delhi Traders,Super Stockist,OUT0024,Wholesale Shop,SP010_Pooja,Snacks & Confectionery,ChocoNut Bar 40g,80.0,15,1200.0,2,24.0,1176.0,1287.42,Delivered,0,0.0,Direct,Cash
ORD101450,2024-06-20,Jun-2024,East,West Bengal,Kolkata,D006,Kolkata Enterprises,Distributor,OUT0078,Kirana/General Store,SP022_Amit,Beverages,FreshSip Cola 250ml,129.16,13,1679.08,2,33.58,1645.5,1547.35,Returned,1,129.16,Indirect,Cash
ORD102607,2024-06-20,Jun-2024,West,Goa,Panaji,D024,Panaji Marketing,Distributor,OUT0007,Modern Trade,SP040_Shreya,Beverages,FreshSip Cola 250ml,333.82,10,3338.2,8,267.06,3071.14,3167.99,Delivered,0,0.0,Direct,Cash
ORD100982,2024-06-20,Jun-2024,Central,Madhya Pradesh,Jabalpur,D025,Jabalpur Agencies,Wholesaler,OUT0017,Supermarket,SP018_Rina,Dairy & Food Staples,SunRice Basmati 1kg,155.46,24,3731.04,2,74.62,3656.42,3266.5,Delivered,0,0.0,Direct,Credit
ORD100416,2024-06-20,Jun-2024,North,Delhi,New Delhi,D001,New Delhi Traders,Super Stockist,OUT0001,Kirana/General Store,SP016_Meera,Home Care,PureAir Freshener 250ml,35.46,37,1312.02,8,104.96,1207.06,1145.17,Delivered,0,0.0,Direct,UPI/Online
ORD100916,2024-06-20,Jun-2024,Central,Madhya Pradesh,Jabalpur,D025,Jabalpur Agencies,Wholesaler,OUT0017,Supermarket,SP011_Ravi,Beverages,OrangeZest Juice 1L,67.48,27,1821.96,2,36.44,1785.52,1618.67,Delivered,0,0.0,Direct,Credit
ORD102418,2024-06-21,Jun-2024,North,Delhi,New Delhi,D001,New Delhi Traders,Super Stockist,OUT0001,Kirana/General Store,SP013_Manoj,Beverages,MintCool Soda 300ml,319.69,41,13107.29,2,262.15,12845.14,15340.7,Delivered,0,0.0,Indirect,UPI/Online
ORD102922,2024-06-21,Jun-2024,Central,Chhattisgarh,Raipur,D026,Raipur Agencies,Distributor,OUT0039,Modern Trade,SP035_Arjun,Home Care,CleanWave Detergent 1kg,125.6,44,5526.4,8,442.11,5084.29,5765.93,Delivered,0,0.0,Indirect,Credit
ORD102150,2024-06-21,Jun-2024,Central,Madhya Pradesh,Bhopal,D029,Bhopal Distribution Co,Super Stockist,OUT0084,Wholesale Shop,SP016_Meera,Home Care,SparkleShine Dishwash 500ml,119.91,6,719.46,0,0.0,719.46,841.75,Delivered,0,0.0,Indirect,Cash
ORD102034,2024-06-21,Jun-2024,South,Tamil Nadu,Coimbatore,D020,Coimbatore Marketing,Distributor,OUT0087,Kirana/General Store,SP036_Meera,Snacks & Confectionery,ChocoNut Bar 40g,325.06,28,9101.68,2,182.03,8919.65,10783.08,Delivered,0,0.0,Direct,Credit
ORD101867,2024-06-21,Jun-2024,South,Telangana,Hyderabad,D012,Hyderabad Traders,Super Stockist,OUT0166,Wholesale Shop,SP011_Ravi,Beverages,FreshSip Cola 500ml,247.56,9,2228.04,0,0.0,2228.04,2119.08,Delivered,0,0.0,Indirect,Credit
ORD103268,2024-06-21,Jun-2024,Central,Madhya Pradesh,Bhopal,D029,Bhopal Distribution Co,Super Stockist,OUT0148,Modern Trade,SP037_Sanjay,Beverages,FreshSip Cola 250ml,216.74,8,1733.92,5,86.7,1647.22,1843.43,Delivered,0,0.0,Indirect,UPI/Online
ORD103557,2024-06-21,Jun-2024,North,Uttar Pradesh,Lucknow,D008,Lucknow Distribution Co,Distributor,OUT0161,Kirana/General Store,SP006_Anjali,Personal Care,SilkTouch Lotion 200ml,333.71,36,12013.56,0,0.0,12013.56,13306.19,Returned,12,4004.52,Indirect,Cash
ORD103051,2024-06-21,Jun-2024,North,Punjab,Ludhiana,D015,Ludhiana Traders,Distributor,OUT0055,Wholesale Shop,SP031_Ravi,Personal Care,GlowSoft Soap 100g,255.21,22,5614.62,5,280.73,5333.89,4911.9,Returned,4,1020.84,Direct,UPI/Online
ORD103114,2024-06-21,Jun-2024,West,Goa,Panaji,D024,Panaji Marketing,Distributor,OUT0187,Convenience Store,SP010_Pooja,Snacks & Confectionery,CrispBite Chips 100g,248.82,16,3981.12,0,0.0,3981.12,4499.15,Delivered,0,0.0,Direct,UPI/Online
ORD102572,2024-06-21,Jun-2024,West,Rajasthan,Jaipur,D016,Jaipur Distribution Co,Super Stockist,OUT0061,Modern Trade,SP003_Priya,Home Care,ShineFloor Cleaner 1L,209.87,64,13431.68,10,1343.17,12088.51,12449.53,Cancelled,0,0.0,Indirect,UPI/Online
ORD103639,2024-06-21,Jun-2024,East,West Bengal,Kolkata,D006,Kolkata Enterprises,Distributor,OUT0060,Modern Trade,SP039_Deepak,Beverages,MintCool Soda 300ml,41.93,19,796.67,10,79.67,717.0,862.23,Delivered,0,0.0,Indirect,Credit
ORD101040,2024-06-21,Jun-2024,North,Punjab,Amritsar,D018,Amritsar Traders,Wholesaler,OUT0128,Modern Trade,SP024_Sneha,Dairy & Food Staples,DailyFresh Ghee 500ml,155.57,18,2800.26,0,0.0,2800.26,2605.56,Delivered,0,0.0,Direct,Credit
ORD100914,2024-06-21,Jun-2024,Central,Chhattisgarh,Raipur,D022,Raipur Agencies,Super Stockist,OUT0189,Modern Trade,SP037_Sanjay,Home Care,PureAir Freshener 250ml,54.15,5,270.75,10,27.08,243.67,301.5,Delivered,0,0.0,Direct,UPI/Online
ORD101903,2024-06-21,Jun-2024,Central,Chhattisgarh,Raipur,D009,Raipur Enterprises,Wholesaler,OUT0164,Kirana/General Store,SP017_Sanjay,Personal Care,SilkTouch Lotion 200ml,99.07,16,1585.12,2,31.7,1553.42,1937.66,Delivered,0,0.0,Indirect,Cash
ORD102099,2024-06-22,Jun-2024,Central,Chhattisgarh,Raipur,D005,Raipur Enterprises,Wholesaler,OUT0116,Convenience Store,SP004_Sneha,Beverages,OrangeZest Juice 1L,187.69,19,3566.11,0,0.0,3566.11,3757.42,Delivered,0,0.0,Direct,UPI/Online
ORD102206,2024-06-22,Jun-2024,Central,Chhattisgarh,Raipur,D022,Raipur Agencies,Super Stockist,OUT0162,Supermarket,SP009_Karan,Personal Care,SilkTouch Lotion 200ml,54.15,10,541.5,10,54.15,487.35,416.87,Delivered,0,0.0,Indirect,UPI/Online
ORD102973,2024-06-22,Jun-2024,West,Rajasthan,Jaipur,D016,Jaipur Distribution Co,Super Stockist,OUT0061,Modern Trade,SP039_Deepak,Home Care,SparkleShine Dishwash 500ml,57.34,26,1490.84,2,29.82,1461.02,1563.59,Delivered,0,0.0,Direct,Credit
ORD100120,2024-06-22,Jun-2024,North,Uttar Pradesh,Lucknow,D010,Lucknow Marketing,Distributor,OUT0117,Wholesale Shop,SP028_Neha,Home Care,ShineFloor Cleaner 1L,319.14,12,3829.68,5,191.48,3638.2,3295.15,Delivered,0,0.0,Indirect,Credit
ORD102162,2024-06-22,Jun-2024,Central,Madhya Pradesh,Jabalpur,D030,Jabalpur Distribution Co,Distributor,OUT0181,Wholesale Shop,SP011_Ravi,Snacks & Confectionery,ChocoNut Bar 40g,245.63,8,1965.04,2,39.3,1925.74,2321.36,Delivered,0,0.0,Direct,UPI/Online
ORD100185,2024-06-22,Jun-2024,Central,Madhya Pradesh,Jabalpur,D025,Jabalpur Agencies,Wholesaler,OUT0165,Convenience Store,SP012_Divya,Snacks & Confectionery,SweetPuff Biscuit 100g,29.65,49,1452.85,0,0.0,1452.85,1667.0,Delivered,0,0.0,Indirect,Credit
ORD101679,2024-06-22,Jun-2024,East,Odisha,Bhubaneswar,D007,Bhubaneswar Distribution Co,Super Stockist,OUT0118,Convenience Store,SP020_Shreya,Snacks & Confectionery,ChocoNut Bar 40g,162.65,26,4228.9,8,338.31,3890.59,3417.5,Delivered,0,0.0,Indirect,UPI/Online
ORD102517,2024-06-22,Jun-2024,Central,Chhattisgarh,Raipur,D005,Raipur Enterprises,Wholesaler,OUT0135,Modern Trade,SP036_Meera,Dairy & Food Staples,PureDrop Milk 500ml,314.32,18,5657.76,10,565.78,5091.98,5072.92,Delivered,0,0.0,Direct,Credit
ORD100096,2024-06-22,Jun-2024,Central,Madhya Pradesh,Bhopal,D029,Bhopal Distribution Co,Super Stockist,OUT0030,Kirana/General Store,SP026_Anjali,Home Care,CleanWave Detergent 1kg,78.41,8,627.28,2,12.55,614.73,532.19,Delivered,0,0.0,Direct,Cash
ORD100646,2024-06-22,Jun-2024,Central,Chhattisgarh,Raipur,D022,Raipur Agencies,Super Stockist,OUT0141,Kirana/General Store,SP001_Rahul,Dairy & Food Staples,PureDrop Milk 500ml,237.61,39,9266.79,2,185.34,9081.45,9212.91,Delivered,0,0.0,Direct,UPI/Online
ORD103453,2024-06-22,Jun-2024,North,Uttar Pradesh,Lucknow,D008,Lucknow Distribution Co,Distributor,OUT0054,Kirana/General Store,SP009_Karan,Dairy & Food Staples,SunRice Basmati 1kg,267.85,16,4285.6,8,342.85,3942.75,3451.1,Delivered,0,0.0,Indirect,UPI/Online
ORD103603,2024-06-22,Jun-2024,Central,Madhya Pradesh,Jabalpur,D030,Jabalpur Distribution Co,Distributor,OUT0145,Supermarket,SP005_Vikram,Snacks & Confectionery,SweetPuff Biscuit 100g,140.96,36,5074.56,0,0.0,5074.56,5427.37,Delivered,0,0.0,Indirect,Cash
ORD103902,2024-06-22,Jun-2024,North,Punjab,Amritsar,D018,Amritsar Traders,Wholesaler,OUT0192,Supermarket,SP025_Vikram,Snacks & Confectionery,CrispBite Chips 100g,39.69,32,1270.08,10,127.01,1143.07,1294.4,Delivered,0,0.0,Direct,UPI/Online
ORD103691,2024-06-22,Jun-2024,Central,Madhya Pradesh,Jabalpur,D004,Jabalpur Traders,Wholesaler,OUT0041,Modern Trade,SP030_Pooja,Snacks & Confectionery,SweetPuff Biscuit 100g,237.51,21,4987.71,0,0.0,4987.71,4599.94,Delivered,0,0.0,Indirect,UPI/Online
ORD101885,2024-06-22,Jun-2024,Central,Madhya Pradesh,Jabalpur,D004,Jabalpur Traders,Wholesaler,OUT0099,Kirana/General Store,SP025_Vikram,Snacks & Confectionery,SweetPuff Biscuit 100g,289.91,11,3189.01,0,0.0,3189.01,3289.85,Delivered,0,0.0,Direct,Credit
ORD102577,2024-06-23,Jun-2024,North,Uttar Pradesh,Lucknow,D008,Lucknow Distribution Co,Distributor,OUT0092,Convenience Store,SP037_Sanjay,Beverages,MintCool Soda 300ml,115.52,33,3812.16,0,0.0,3812.16,3395.12,Returned,9,1039.68,Indirect,Credit
ORD101883,2024-06-23,Jun-2024,North,Punjab,Amritsar,D018,Amritsar Traders,Wholesaler,OUT0129,Kirana/General Store,SP015_Arjun,Beverages,MintCool Soda 300ml,338.61,16,5417.76,5,270.89,5146.87,5932.54,Delivered,0,0.0,Indirect,UPI/Online
ORD101239,2024-06-23,Jun-2024,North,Uttar Pradesh,Lucknow,D008,Lucknow Distribution Co,Distributor,OUT0049,Supermarket,SP038_Rina,Home Care,ShineFloor Cleaner 1L,266.96,28,7474.88,10,747.49,6727.39,6246.9,Cancelled,0,0.0,Indirect,Credit
ORD100996,2024-06-23,Jun-2024,South,Telangana,Hyderabad,D012,Hyderabad Traders,Super Stockist,OUT0042,Modern Trade,SP013_Manoj,Beverages,FreshSip Cola 500ml,283.49,12,3401.88,0,0.0,3401.88,3056.76,Delivered,0,0.0,Direct,Cash
ORD102659,2024-06-23,Jun-2024,Central,Madhya Pradesh,Bhopal,D029,Bhopal Distribution Co,Super Stockist,OUT0104,Supermarket,SP021_Rahul,Snacks & Confectionery,ChocoNut Bar 40g,30.62,73,2235.26,0,0.0,2235.26,2668.17,Delivered,0,0.0,Direct,UPI/Online
ORD102816,2024-06-23,Jun-2024,Central,Chhattisgarh,Raipur,D026,Raipur Agencies,Distributor,OUT0151,Modern Trade,SP008_Neha,Personal Care,FreshBreath Toothpaste 150g,127.8,28,3578.4,5,178.92,3399.48,3307.13,Cancelled,0,0.0,Indirect,Cash
ORD101952,2024-06-24,Jun-2024,West,Gujarat,Surat,D027,Surat Agencies,Wholesaler,OUT0058,Kirana/General Store,SP039_Deepak,Personal Care,ShinyLocks Shampoo 200ml,196.06,47,9214.82,8,737.19,8477.63,7339.56,Delivered,0,0.0,Direct,Credit
ORD100520,2024-06-24,Jun-2024,Central,Chhattisgarh,Raipur,D021,Raipur Traders,Super Stockist,OUT0126,Convenience Store,SP002_Amit,Personal Care,ShinyLocks Shampoo 200ml,176.5,61,10766.5,0,0.0,10766.5,12267.11,Delivered,0,0.0,Direct,Credit
ORD103595,2024-06-24,Jun-2024,South,Telangana,Hyderabad,D012,Hyderabad Traders,Super Stockist,OUT0166,Wholesale Shop,SP038_Rina,Dairy & Food Staples,PureDrop Milk 500ml,122.92,2,245.84,2,4.92,240.92,254.37,Returned,1,122.92,Direct,Credit
ORD102655,2024-06-24,Jun-2024,Central,Madhya Pradesh,Jabalpur,D030,Jabalpur Distribution Co,Distributor,OUT0096,Kirana/General Store,SP030_Pooja,Personal Care,FreshBreath Toothpaste 150g,240.11,50,12005.5,10,1200.55,10804.95,11803.11,Returned,6,1440.66,Indirect,Credit
ORD100504,2024-06-24,Jun-2024,Central,Chhattisgarh,Raipur,D022,Raipur Agencies,Super Stockist,OUT0186,Kirana/General Store,SP023_Priya,Snacks & Confectionery,SweetPuff Biscuit 100g,236.21,14,3306.94,0,0.0,3306.94,3689.51,Delivered,0,0.0,Indirect,UPI/Online
ORD102754,2024-06-24,Jun-2024,Central,Madhya Pradesh,Jabalpur,D030,Jabalpur Distribution Co,Distributor,OUT0181,Wholesale Shop,SP003_Priya,Beverages,MintCool Soda 300ml,222.43,22,4893.46,2,97.87,4795.59,5584.31,Delivered,0,0.0,Direct,UPI/Online
ORD101318,2024-06-24,Jun-2024,Central,Madhya Pradesh,Bhopal,D029,Bhopal Distribution Co,Super Stockist,OUT0063,Kirana/General Store,SP016_Meera,Snacks & Confectionery,CrispBite Chips 50g,222.52,30,6675.6,8,534.05,6141.55,6834.61,Delivered,0,0.0,Indirect,UPI/Online
ORD103669,2024-06-24,Jun-2024,South,Tamil Nadu,Coimbatore,D020,Coimbatore Marketing,Distributor,OUT0185,Convenience Store,SP039_Deepak,Home Care,SparkleShine Dishwash 500ml,254.52,42,10689.84,0,0.0,10689.84,9137.58,Delivered,0,0.0,Direct,Cash
ORD102439,2024-06-24,Jun-2024,South,Telangana,Hyderabad,D012,Hyderabad Traders,Super Stockist,OUT0042,Modern Trade,SP023_Priya,Dairy & Food Staples,GoldenGrain Atta 5kg,95.14,66,6279.24,2,125.58,6153.66,6701.8,Delivered,0,0.0,Indirect,UPI/Online
ORD100848,2024-06-24,Jun-2024,East,Odisha,Bhubaneswar,D007,Bhubaneswar Distribution Co,Super Stockist,OUT0140,Supermarket,SP037_Sanjay,Snacks & Confectionery,CrispBite Chips 100g,32.99,21,692.79,2,13.86,678.93,789.87,Delivered,0,0.0,Indirect,Cash
ORD100762,2024-06-24,Jun-2024,East,Odisha,Bhubaneswar,D007,Bhubaneswar Distribution Co,Super Stockist,OUT0178,Convenience Store,SP022_Amit,Beverages,OrangeZest Juice 1L,172.04,22,3784.88,8,302.79,3482.09,3709.67,Delivered,0,0.0,Indirect,Cash
ORD102315,2024-06-24,Jun-2024,North,Uttar Pradesh,Lucknow,D010,Lucknow Marketing,Distributor,OUT0137,Convenience Store,SP019_Deepak,Dairy & Food Staples,PureDrop Milk 500ml,301.28,27,8134.56,0,0.0,8134.56,8612.33,Returned,5,1506.4,Indirect,Credit
ORD102581,2024-06-24,Jun-2024,South,Karnataka,Mysuru,D017,Mysuru Enterprises,Distributor,OUT0077,Wholesale Shop,SP034_Kavita,Snacks & Confectionery,SweetPuff Biscuit 100g,203.18,26,5282.68,10,528.27,4754.41,5437.99,Delivered,0,0.0,Indirect,UPI/Online
ORD102662,2024-06-24,Jun-2024,Central,Chhattisgarh,Raipur,D005,Raipur Enterprises,Wholesaler,OUT0136,Kirana/General Store,SP007_Suresh,Dairy & Food Staples,DailyFresh Ghee 500ml,56.68,23,1303.64,0,0.0,1303.64,1427.23,Delivered,0,0.0,Direct,UPI/Online
ORD100877,2024-06-24,Jun-2024,North,Uttar Pradesh,Lucknow,D008,Lucknow Distribution Co,Distributor,OUT0022,Supermarket,SP025_Vikram,Snacks & Confectionery,CrispBite Chips 100g,287.84,16,4605.44,5,230.27,4375.17,4112.94,Returned,4,1151.36,Indirect,Credit
ORD103473,2024-06-24,Jun-2024,South,Karnataka,Mysuru,D017,Mysuru Enterprises,Distributor,OUT0176,Kirana/General Store,SP014_Kavita,Beverages,FreshSip Cola 250ml,68.02,58,3945.16,10,394.52,3550.64,4369.48,Delivered,0,0.0,Direct,Cash
ORD100219,2024-06-25,Jun-2024,Central,Madhya Pradesh,Bhopal,D029,Bhopal Distribution Co,Super Stockist,OUT0103,Kirana/General Store,SP021_Rahul,Snacks & Confectionery,ChocoNut Bar 40g,79.72,14,1116.08,2,22.32,1093.76,1310.65,Delivered,0,0.0,Indirect,Cash
ORD100184,2024-06-25,Jun-2024,East,Odisha,Bhubaneswar,D007,Bhubaneswar Distribution Co,Super Stockist,OUT0062,Modern Trade,SP035_Arjun,Beverages,OrangeZest Juice 1L,250.17,38,9506.46,0,0.0,9506.46,11395.75,Cancelled,0,0.0,Direct,Credit
ORD100954,2024-06-25,Jun-2024,Central,Chhattisgarh,Raipur,D005,Raipur Enterprises,Wholesaler,OUT0116,Convenience Store,SP035_Arjun,Home Care,CleanWave Detergent 1kg,121.94,43,5243.42,2,104.87,5138.55,5203.22,Returned,8,975.52,Indirect,UPI/Online
ORD102621,2024-06-25,Jun-2024,North,Delhi,New Delhi,D001,New Delhi Traders,Super Stockist,OUT0097,Modern Trade,SP035_Arjun,Beverages,FreshSip Cola 500ml,119.74,10,1197.4,0,0.0,1197.4,1169.3,Delivered,0,0.0,Direct,Cash
ORD100246,2024-06-26,Jun-2024,Central,Madhya Pradesh,Bhopal,D029,Bhopal Distribution Co,Super Stockist,OUT0114,Kirana/General Store,SP018_Rina,Personal Care,SilkTouch Lotion 200ml,253.99,24,6095.76,12,731.49,5364.27,6289.05,Delivered,0,0.0,Direct,UPI/Online
ORD103035,2024-06-26,Jun-2024,Central,Chhattisgarh,Raipur,D011,Raipur Agencies,Super Stockist,OUT0090,Convenience Store,SP002_Amit,Snacks & Confectionery,SweetPuff Biscuit 100g,91.09,13,1184.17,8,94.73,1089.44,942.03,Delivered,0,0.0,Direct,UPI/Online
ORD101786,2024-06-26,Jun-2024,South,Karnataka,Bengaluru,D002,Bengaluru Marketing,Distributor,OUT0179,Modern Trade,SP032_Divya,Home Care,SparkleShine Dishwash 500ml,146.65,25,3666.25,5,183.31,3482.94,3021.76,Delivered,0,0.0,Indirect,Credit
ORD102063,2024-06-26,Jun-2024,South,Telangana,Hyderabad,D012,Hyderabad Traders,Super Stockist,OUT0166,Wholesale Shop,SP003_Priya,Home Care,ShineFloor Cleaner 1L,314.74,39,12274.86,12,1472.98,10801.88,9300.98,Delivered,0,0.0,Indirect,UPI/Online
ORD102088,2024-06-26,Jun-2024,West,Gujarat,Surat,D027,Surat Agencies,Wholesaler,OUT0123,Convenience Store,SP018_Rina,Snacks & Confectionery,CrispBite Chips 50g,236.09,12,2833.08,0,0.0,2833.08,3205.17,Delivered,0,0.0,Indirect,Cash
ORD100211,2024-06-26,Jun-2024,West,Gujarat,Surat,D027,Surat Agencies,Wholesaler,OUT0133,Convenience Store,SP018_Rina,Personal Care,GlowSoft Soap 100g,72.65,65,4722.25,0,0.0,4722.25,4650.27,Returned,9,653.85,Direct,UPI/Online
ORD100345,2024-06-27,Jun-2024,North,Delhi,New Delhi,D003,New Delhi Traders,Super Stockist,OUT0122,Modern Trade,SP021_Rahul,Beverages,MintCool Soda 300ml,229.27,27,6190.29,5,309.51,5880.78,5410.04,Delivered,0,0.0,Indirect,Credit
ORD101097,2024-06-27,Jun-2024,North,Delhi,New Delhi,D001,New Delhi Traders,Super Stockist,OUT0024,Wholesale Shop,SP033_Manoj,Snacks & Confectionery,ChocoNut Bar 40g,319.97,8,2559.76,0,0.0,2559.76,2486.41,Delivered,0,0.0,Direct,Cash
ORD101357,2024-06-27,Jun-2024,North,Delhi,New Delhi,D001,New Delhi Traders,Super Stockist,OUT0110,Wholesale Shop,SP039_Deepak,Home Care,CleanWave Detergent 1kg,340.84,25,8521.0,5,426.05,8094.95,8811.14,Delivered,0,0.0,Indirect,Credit
ORD103944,2024-06-27,Jun-2024,West,Goa,Panaji,D024,Panaji Marketing,Distributor,OUT0073,Wholesale Shop,SP022_Amit,Beverages,FreshSip Cola 250ml,111.41,30,3342.3,0,0.0,3342.3,3987.84,Delivered,0,0.0,Indirect,Cash
ORD101499,2024-06-27,Jun-2024,West,Rajasthan,Jodhpur,D013,Jodhpur Distribution Co,Super Stockist,OUT0093,Supermarket,SP027_Suresh,Snacks & Confectionery,ChocoNut Bar 40g,107.77,6,646.62,2,12.93,633.69,791.76,Returned,2,215.54,Direct,UPI/Online
ORD100344,2024-06-27,Jun-2024,East,Odisha,Bhubaneswar,D028,Bhubaneswar Distribution Co,Wholesaler,OUT0080,Supermarket,SP031_Ravi,Personal Care,SilkTouch Lotion 200ml,224.91,17,3823.47,8,305.88,3517.59,4367.59,Delivered,0,0.0,Indirect,UPI/Online
ORD100722,2024-06-27,Jun-2024,West,Rajasthan,Jodhpur,D013,Jodhpur Distribution Co,Super Stockist,OUT0083,Kirana/General Store,SP036_Meera,Home Care,PureAir Freshener 250ml,77.56,12,930.72,5,46.54,884.18,935.95,Delivered,0,0.0,Indirect,UPI/Online
ORD103698,2024-06-27,Jun-2024,Central,Chhattisgarh,Raipur,D022,Raipur Agencies,Super Stockist,OUT0162,Supermarket,SP022_Amit,Personal Care,ShinyLocks Shampoo 200ml,50.85,12,610.2,5,30.51,579.69,721.84,Delivered,0,0.0,Direct,Credit
ORD103041,2024-06-28,Jun-2024,Central,Madhya Pradesh,Jabalpur,D025,Jabalpur Agencies,Wholesaler,OUT0009,Wholesale Shop,SP036_Meera,Home Care,ShineFloor Cleaner 1L,70.43,32,2253.76,12,270.45,1983.31,1876.45,Delivered,0,0.0,Direct,Cash
ORD100681,2024-06-28,Jun-2024,West,Goa,Panaji,D024,Panaji Marketing,Distributor,OUT0174,Convenience Store,SP035_Arjun,Dairy & Food Staples,GoldenGrain Atta 5kg,186.96,11,2056.56,5,102.83,1953.73,2013.7,Returned,3,560.88,Indirect,UPI/Online
ORD103387,2024-06-28,Jun-2024,South,Karnataka,Bengaluru,D002,Bengaluru Marketing,Distributor,OUT0179,Modern Trade,SP005_Vikram,Home Care,SparkleShine Dishwash 500ml,237.45,35,8310.75,0,0.0,8310.75,8834.92,Delivered,0,0.0,Indirect,Credit
ORD102136,2024-06-28,Jun-2024,East,Odisha,Bhubaneswar,D007,Bhubaneswar Distribution Co,Super Stockist,OUT0119,Convenience Store,SP019_Deepak,Snacks & Confectionery,CrispBite Chips 50g,313.14,11,3444.54,5,172.23,3272.31,3028.06,Pending,0,0.0,Direct,Cash
ORD101560,2024-06-28,Jun-2024,East,Odisha,Bhubaneswar,D007,Bhubaneswar Distribution Co,Super Stockist,OUT0119,Convenience Store,SP015_Arjun,Home Care,ShineFloor Cleaner 1L,229.24,30,6877.2,0,0.0,6877.2,8029.37,Delivered,0,0.0,Direct,Credit
ORD100369,2024-06-28,Jun-2024,North,Uttar Pradesh,Lucknow,D010,Lucknow Marketing,Distributor,OUT0137,Convenience Store,SP019_Deepak,Personal Care,ShinyLocks Shampoo 200ml,150.21,39,5858.19,2,117.16,5741.03,6519.59,Cancelled,0,0.0,Direct,UPI/Online
ORD103083,2024-06-28,Jun-2024,North,Uttar Pradesh,Lucknow,D008,Lucknow Distribution Co,Distributor,OUT0029,Kirana/General Store,SP014_Kavita,Snacks & Confectionery,CrispBite Chips 100g,184.99,28,5179.72,5,258.99,4920.73,4717.04,Delivered,0,0.0,Indirect,UPI/Online
ORD102280,2024-06-28,Jun-2024,West,Gujarat,Surat,D027,Surat Agencies,Wholesaler,OUT0008,Kirana/General Store,SP035_Arjun,Personal Care,SilkTouch Lotion 200ml,69.61,9,626.49,0,0.0,626.49,600.6,Delivered,0,0.0,Indirect,Credit
ORD103245,2024-06-29,Jun-2024,Central,Chhattisgarh,Raipur,D022,Raipur Agencies,Super Stockist,OUT0045,Kirana/General Store,SP036_Meera,Home Care,ShineFloor Cleaner 1L,196.89,7,1378.23,0,0.0,1378.23,1175.59,Delivered,0,0.0,Direct,Credit
ORD100039,2024-06-29,Jun-2024,North,Delhi,New Delhi,D001,New Delhi Traders,Super Stockist,OUT0180,Wholesale Shop,SP008_Neha,Home Care,PureAir Freshener 250ml,334.8,37,12387.6,2,247.75,12139.85,14826.73,Delivered,0,0.0,Direct,Cash
ORD101917,2024-06-29,Jun-2024,Central,Madhya Pradesh,Jabalpur,D030,Jabalpur Distribution Co,Distributor,OUT0145,Supermarket,SP019_Deepak,Home Care,ShineFloor Cleaner 1L,309.36,7,2165.52,5,108.28,2057.24,2261.74,Delivered,0,0.0,Indirect,Cash
ORD101611,2024-06-29,Jun-2024,Central,Madhya Pradesh,Bhopal,D029,Bhopal Distribution Co,Super Stockist,OUT0143,Modern Trade,SP032_Divya,Snacks & Confectionery,CrispBite Chips 100g,146.33,14,2048.62,5,102.43,1946.19,1785.16,Delivered,0,0.0,Indirect,Cash
ORD103190,2024-06-29,Jun-2024,Central,Chhattisgarh,Raipur,D026,Raipur Agencies,Distributor,OUT0152,Supermarket,SP023_Priya,Home Care,SparkleShine Dishwash 500ml,99.6,8,796.8,2,15.94,780.86,884.53,Delivered,0,0.0,Indirect,Credit
ORD100953,2024-06-29,Jun-2024,Central,Chhattisgarh,Raipur,D022,Raipur Agencies,Super Stockist,OUT0069,Modern Trade,SP024_Sneha,Dairy & Food Staples,SunRice Basmati 1kg,72.69,9,654.21,5,32.71,621.5,683.04,Delivered,0,0.0,Direct,Cash
ORD100125,2024-06-29,Jun-2024,North,Delhi,New Delhi,D001,New Delhi Traders,Super Stockist,OUT0027,Kirana/General Store,SP015_Arjun,Dairy & Food Staples,GoldenGrain Atta 5kg,231.58,17,3936.86,2,78.74,3858.12,3812.9,Delivered,0,0.0,Direct,Credit
ORD101648,2024-06-29,Jun-2024,East,West Bengal,Kolkata,D006,Kolkata Enterprises,Distributor,OUT0170,Wholesale Shop,SP019_Deepak,Beverages,FreshSip Cola 250ml,85.91,16,1374.56,2,27.49,1347.07,1528.69,Pending,0,0.0,Direct,Credit
ORD103040,2024-06-30,Jun-2024,West,Gujarat,Surat,D027,Surat Agencies,Wholesaler,OUT0058,Kirana/General Store,SP033_Manoj,Snacks & Confectionery,CrispBite Chips 100g,173.1,70,12117.0,0,0.0,12117.0,14384.17,Delivered,0,0.0,Indirect,Cash
ORD100306,2024-06-30,Jun-2024,Central,Chhattisgarh,Raipur,D022,Raipur Agencies,Super Stockist,OUT0069,Modern Trade,SP030_Pooja,Home Care,CleanWave Detergent 1kg,50.69,13,658.97,2,13.18,645.79,565.67,Delivered,0,0.0,Direct,Credit
ORD103831,2024-06-30,Jun-2024,West,Goa,Panaji,D024,Panaji Marketing,Distributor,OUT0150,Convenience Store,SP039_Deepak,Home Care,PureAir Freshener 250ml,57.73,29,1674.17,8,133.93,1540.24,1674.93,Delivered,0,0.0,Indirect,Cash
ORD102005,2024-06-30,Jun-2024,West,Goa,Panaji,D024,Panaji Marketing,Distributor,OUT0007,Modern Trade,SP002_Amit,Snacks & Confectionery,SweetPuff Biscuit 100g,111.53,3,334.59,8,26.77,307.82,335.97,Delivered,0,0.0,Direct,Credit
ORD101415,2024-06-30,Jun-2024,South,Karnataka,Mysuru,D017,Mysuru Enterprises,Distributor,OUT0120,Modern Trade,SP034_Kavita,Dairy & Food Staples,DailyFresh Ghee 500ml,225.27,59,13290.93,8,1063.27,12227.66,13404.57,Pending,0,0.0,Direct,Credit
ORD102791,2024-06-30,Jun-2024,North,Delhi,New Delhi,D001,New Delhi Traders,Super Stockist,OUT0110,Wholesale Shop,SP016_Meera,Beverages,MintCool Soda 300ml,70.81,12,849.72,12,101.97,747.75,820.16,Delivered,0,0.0,Indirect,UPI/Online
ORD101087,2024-06-30,Jun-2024,East,Odisha,Bhubaneswar,D028,Bhubaneswar Distribution Co,Wholesaler,OUT0156,Modern Trade,SP025_Vikram,Dairy & Food Staples,PureDrop Milk 500ml,124.58,27,3363.66,0,0.0,3363.66,3280.03,Returned,1,124.58,Direct,UPI/Online
ORD100812,2024-06-30,Jun-2024,Central,Chhattisgarh,Raipur,D022,Raipur Agencies,Super Stockist,OUT0034,Modern Trade,SP032_Divya,Dairy & Food Staples,SunRice Basmati 1kg,263.25,21,5528.25,10,552.83,4975.42,5329.3,Delivered,0,0.0,Indirect,UPI/Online
ORD101759,2024-06-30,Jun-2024,West,Goa,Panaji,D024,Panaji Marketing,Distributor,OUT0115,Wholesale Shop,SP019_Deepak,Home Care,ShineFloor Cleaner 1L,260.34,20,5206.8,10,520.68,4686.12,4460.49,Delivered,0,0.0,Indirect,Credit
ORD100242,2024-06-30,Jun-2024,West,Goa,Panaji,D024,Panaji Marketing,Distributor,OUT0174,Convenience Store,SP036_Meera,Personal Care,SilkTouch Lotion 200ml,84.61,19,1607.59,0,0.0,1607.59,1592.56,Returned,2,169.22,Indirect,Credit
ORD100772,2024-06-30,Jun-2024,North,Uttar Pradesh,Lucknow,D008,Lucknow Distribution Co,Distributor,OUT0161,Kirana/General Store,SP018_Rina,Personal Care,ShinyLocks Shampoo 200ml,113.78,13,1479.14,2,29.58,1449.56,1632.93,Delivered,0,0.0,Indirect,UPI/Online
ORD102001,2024-06-30,Jun-2024,North,Delhi,New Delhi,D003,New Delhi Traders,Super Stockist,OUT0184,Convenience Store,SP014_Kavita,Dairy & Food Staples,GoldenGrain Atta 5kg,31.52,4,126.08,8,10.09,115.99,133.69,Cancelled,0,0.0,Direct,Cash
ORD102940,2024-06-30,Jun-2024,Central,Chhattisgarh,Raipur,D022,Raipur Agencies,Super Stockist,OUT0182,Supermarket,SP005_Vikram,Dairy & Food Staples,DailyFresh Ghee 500ml,346.93,58,20121.94,5,1006.1,19115.84,19781.53,Delivered,0,0.0,Indirect,Cash
ORD100822,2024-06-30,Jun-2024,Central,Madhya Pradesh,Jabalpur,D025,Jabalpur Agencies,Wholesaler,OUT0017,Supermarket,SP025_Vikram,Snacks & Confectionery,ChocoNut Bar 40g,204.54,12,2454.48,12,294.54,2159.94,2357.11,Delivered,0,0.0,Indirect,Credit
ORD102553,2024-06-30,Jun-2024,East,Odisha,Bhubaneswar,D007,Bhubaneswar Distribution Co,Super Stockist,OUT0050,Wholesale Shop,SP008_Neha,Dairy & Food Staples,DailyFresh Ghee 500ml,62.17,43,2673.31,0,0.0,2673.31,3008.56,Delivered,0,0.0,Indirect,UPI/Online
ORD103895,2024-07-01,Jul-2024,Central,Madhya Pradesh,Bhopal,D029,Bhopal Distribution Co,Super Stockist,OUT0104,Supermarket,SP026_Anjali,Beverages,OrangeZest Juice 1L,163.97,10,1639.7,2,32.79,1606.91,1428.84,Delivered,0,0.0,Indirect,Credit
ORD101639,2024-07-01,Jul-2024,North,Punjab,Amritsar,D018,Amritsar Traders,Wholesaler,OUT0128,Modern Trade,SP028_Neha,Beverages,FreshSip Cola 500ml,162.67,15,2440.05,0,0.0,2440.05,2542.76,Cancelled,0,0.0,Indirect,UPI/Online
ORD101138,2024-07-01,Jul-2024,West,Goa,Panaji,D024,Panaji Marketing,Distributor,OUT0174,Convenience Store,SP003_Priya,Snacks & Confectionery,CrispBite Chips 100g,310.22,17,5273.74,2,105.47,5168.27,4968.04,Delivered,0,0.0,Indirect,UPI/Online
ORD103249,2024-07-01,Jul-2024,South,Tamil Nadu,Coimbatore,D020,Coimbatore Marketing,Distributor,OUT0109,Wholesale Shop,SP032_Divya,Home Care,SparkleShine Dishwash 500ml,324.23,32,10375.36,12,1245.04,9130.32,10228.93,Delivered,0,0.0,Direct,Credit
ORD103240,2024-07-01,Jul-2024,North,Delhi,New Delhi,D001,New Delhi Traders,Super Stockist,OUT0149,Supermarket,SP039_Deepak,Personal Care,SilkTouch Lotion 200ml,133.06,11,1463.66,8,117.09,1346.57,1541.42,Delivered,0,0.0,Direct,Credit
ORD103852,2024-07-02,Jul-2024,South,Telangana,Hyderabad,D012,Hyderabad Traders,Super Stockist,OUT0159,Convenience Store,SP040_Shreya,Beverages,FreshSip Cola 250ml,82.7,25,2067.5,0,0.0,2067.5,1879.95,Delivered,0,0.0,Indirect,Credit
ORD100609,2024-07-02,Jul-2024,North,Uttar Pradesh,Lucknow,D010,Lucknow Marketing,Distributor,OUT0199,Convenience Store,SP039_Deepak,Personal Care,SilkTouch Lotion 200ml,171.12,28,4791.36,5,239.57,4551.79,4920.72,Delivered,0,0.0,Indirect,Cash
ORD100720,2024-07-02,Jul-2024,Central,Chhattisgarh,Raipur,D022,Raipur Agencies,Super Stockist,OUT0186,Kirana/General Store,SP029_Karan,Snacks & Confectionery,ChocoNut Bar 40g,106.24,55,5843.2,0,0.0,5843.2,6126.57,Delivered,0,0.0,Indirect,Credit
ORD102803,2024-07-02,Jul-2024,East,West Bengal,Kolkata,D006,Kolkata Enterprises,Distributor,OUT0170,Wholesale Shop,SP027_Suresh,Dairy & Food Staples,GoldenGrain Atta 5kg,170.38,18,3066.84,2,61.34,3005.5,2889.76,Pending,0,0.0,Indirect,Cash
ORD103866,2024-07-02,Jul-2024,North,Delhi,New Delhi,D001,New Delhi Traders,Super Stockist,OUT0024,Wholesale Shop,SP030_Pooja,Beverages,OrangeZest Juice 1L,342.88,26,8914.88,0,0.0,8914.88,9482.27,Delivered,0,0.0,Indirect,UPI/Online
ORD103454,2024-07-02,Jul-2024,West,Rajasthan,Jodhpur,D013,Jodhpur Distribution Co,Super Stockist,OUT0155,Kirana/General Store,SP033_Manoj,Snacks & Confectionery,CrispBite Chips 100g,140.41,10,1404.1,2,28.08,1376.02,1365.15,Delivered,0,0.0,Indirect,Credit
ORD101208,2024-07-02,Jul-2024,North,Punjab,Amritsar,D018,Amritsar Traders,Wholesaler,OUT0100,Supermarket,SP013_Manoj,Snacks & Confectionery,CrispBite Chips 50g,262.72,13,3415.36,2,68.31,3347.05,4076.53,Cancelled,0,0.0,Direct,Credit
ORD102010,2024-07-03,Jul-2024,West,Gujarat,Surat,D027,Surat Agencies,Wholesaler,OUT0123,Convenience Store,SP001_Rahul,Personal Care,GlowSoft Soap 100g,29.52,9,265.68,2,5.31,260.37,243.74,Delivered,0,0.0,Indirect,Cash
ORD101691,2024-07-03,Jul-2024,North,Uttar Pradesh,Lucknow,D010,Lucknow Marketing,Distributor,OUT0199,Convenience Store,SP034_Kavita,Home Care,CleanWave Detergent 1kg,176.39,17,2998.63,0,0.0,2998.63,3641.84,Delivered,0,0.0,Direct,UPI/Online
ORD102676,2024-07-03,Jul-2024,Central,Chhattisgarh,Raipur,D022,Raipur Agencies,Super Stockist,OUT0034,Modern Trade,SP022_Amit,Snacks & Confectionery,ChocoNut Bar 40g,29.57,13,384.41,8,30.75,353.66,319.17,Delivered,0,0.0,Indirect,Cash
ORD101640,2024-07-03,Jul-2024,Central,Chhattisgarh,Raipur,D009,Raipur Enterprises,Wholesaler,OUT0053,Modern Trade,SP007_Suresh,Beverages,FreshSip Cola 500ml,225.83,16,3613.28,2,72.27,3541.01,4320.78,Delivered,0,0.0,Indirect,Credit
ORD100732,2024-07-03,Jul-2024,Central,Madhya Pradesh,Bhopal,D029,Bhopal Distribution Co,Super Stockist,OUT0143,Modern Trade,SP040_Shreya,Home Care,PureAir Freshener 250ml,98.89,34,3362.26,2,67.25,3295.01,4087.87,Delivered,0,0.0,Indirect,Cash
ORD100680,2024-07-03,Jul-2024,West,Rajasthan,Jodhpur,D013,Jodhpur Distribution Co,Super Stockist,OUT0093,Supermarket,SP008_Neha,Dairy & Food Staples,DailyFresh Ghee 500ml,102.79,25,2569.75,2,51.4,2518.35,2482.39,Delivered,0,0.0,Direct,Credit
ORD103330,2024-07-03,Jul-2024,West,Goa,Panaji,D019,Panaji Traders,Distributor,OUT0037,Modern Trade,SP012_Divya,Beverages,MintCool Soda 300ml,316.99,35,11094.65,0,0.0,11094.65,13005.27,Cancelled,0,0.0,Direct,Credit
ORD100322,2024-07-03,Jul-2024,Central,Chhattisgarh,Raipur,D022,Raipur Agencies,Super Stockist,OUT0195,Supermarket,SP028_Neha,Personal Care,GlowSoft Soap 100g,204.86,11,2253.46,0,0.0,2253.46,2149.94,Delivered,0,0.0,Direct,Cash
ORD100714,2024-07-03,Jul-2024,East,Odisha,Bhubaneswar,D028,Bhubaneswar Distribution Co,Wholesaler,OUT0014,Wholesale Shop,SP021_Rahul,Snacks & Confectionery,CrispBite Chips 50g,157.22,4,628.88,12,75.47,553.41,619.92,Delivered,0,0.0,Direct,Credit
ORD102062,2024-07-03,Jul-2024,North,Delhi,New Delhi,D001,New Delhi Traders,Super Stockist,OUT0149,Supermarket,SP003_Priya,Dairy & Food Staples,SunRice Basmati 1kg,166.65,27,4499.55,2,89.99,4409.56,5464.79,Delivered,0,0.0,Indirect,UPI/Online
ORD102818,2024-07-03,Jul-2024,East,West Bengal,Kolkata,D006,Kolkata Enterprises,Distributor,OUT0064,Modern Trade,SP031_Ravi,Home Care,CleanWave Detergent 1kg,222.76,32,7128.32,5,356.42,6771.9,7055.27,Delivered,0,0.0,Direct,Cash
ORD102894,2024-07-03,Jul-2024,South,Tamil Nadu,Coimbatore,D020,Coimbatore Marketing,Distributor,OUT0086,Kirana/General Store,SP030_Pooja,Dairy & Food Staples,DailyFresh Ghee 500ml,99.31,29,2879.99,5,144.0,2735.99,3154.94,Delivered,0,0.0,Indirect,Cash
ORD101451,2024-07-03,Jul-2024,Central,Chhattisgarh,Raipur,D011,Raipur Agencies,Super Stockist,OUT0190,Modern Trade,SP014_Kavita,Personal Care,FreshBreath Toothpaste 150g,222.01,41,9102.41,0,0.0,9102.41,10293.6,Delivered,0,0.0,Direct,Credit
ORD103795,2024-07-04,Jul-2024,East,Bihar,Patna,D014,Patna Distribution Co,Wholesaler,OUT0088,Wholesale Shop,SP038_Rina,Dairy & Food Staples,DailyFresh Ghee 500ml,209.77,10,2097.7,2,41.95,2055.75,1934.25,Delivered,0,0.0,Indirect,UPI/Online
ORD103786,2024-07-04,Jul-2024,North,Uttar Pradesh,Lucknow,D008,Lucknow Distribution Co,Distributor,OUT0157,Supermarket,SP033_Manoj,Personal Care,GlowSoft Soap 100g,332.7,6,1996.2,12,239.54,1756.66,1643.19,Delivered,0,0.0,Indirect,Cash
ORD101382,2024-07-04,Jul-2024,Central,Chhattisgarh,Raipur,D022,Raipur Agencies,Super Stockist,OUT0186,Kirana/General Store,SP025_Vikram,Dairy & Food Staples,PureDrop Milk 500ml,197.27,16,3156.32,2,63.13,3093.19,2673.27,Delivered,0,0.0,Indirect,Cash
ORD102741,2024-07-04,Jul-2024,West,Gujarat,Surat,D027,Surat Agencies,Wholesaler,OUT0158,Modern Trade,SP018_Rina,Snacks & Confectionery,SweetPuff Biscuit 100g,94.38,16,1510.08,5,75.5,1434.58,1667.1,Delivered,0,0.0,Direct,Credit
ORD102531,2024-07-04,Jul-2024,Central,Chhattisgarh,Raipur,D022,Raipur Agencies,Super Stockist,OUT0186,Kirana/General Store,SP025_Vikram,Dairy & Food Staples,DailyFresh Ghee 500ml,310.18,25,7754.5,10,775.45,6979.05,6959.88,Delivered,0,0.0,Indirect,Credit
ORD100162,2024-07-04,Jul-2024,North,Uttar Pradesh,Lucknow,D008,Lucknow Distribution Co,Distributor,OUT0005,Wholesale Shop,SP022_Amit,Personal Care,FreshBreath Toothpaste 150g,93.0,34,3162.0,5,158.1,3003.9,3664.03,Delivered,0,0.0,Direct,Cash
ORD103778,2024-07-04,Jul-2024,North,Punjab,Amritsar,D018,Amritsar Traders,Wholesaler,OUT0100,Supermarket,SP021_Rahul,Dairy & Food Staples,DailyFresh Ghee 500ml,259.48,37,9600.76,0,0.0,9600.76,9011.07,Delivered,0,0.0,Indirect,Credit
ORD102857,2024-07-04,Jul-2024,West,Rajasthan,Jodhpur,D013,Jodhpur Distribution Co,Super Stockist,OUT0177,Wholesale Shop,SP029_Karan,Beverages,MintCool Soda 300ml,197.9,29,5739.1,2,114.78,5624.32,4887.64,Delivered,0,0.0,Indirect,Cash
ORD100204,2024-07-04,Jul-2024,Central,Madhya Pradesh,Bhopal,D029,Bhopal Distribution Co,Super Stockist,OUT0131,Supermarket,SP016_Meera,Snacks & Confectionery,CrispBite Chips 50g,99.87,71,7090.77,5,354.54,6736.23,6605.44,Delivered,0,0.0,Indirect,Cash
ORD103237,2024-07-04,Jul-2024,South,Karnataka,Mysuru,D017,Mysuru Enterprises,Distributor,OUT0079,Kirana/General Store,SP020_Shreya,Dairy & Food Staples,PureDrop Milk 500ml,164.77,22,3624.94,5,181.25,3443.69,4106.66,Delivered,0,0.0,Direct,Credit
ORD102596,2024-07-04,Jul-2024,West,Rajasthan,Jodhpur,D013,Jodhpur Distribution Co,Super Stockist,OUT0167,Wholesale Shop,SP019_Deepak,Snacks & Confectionery,CrispBite Chips 100g,81.69,44,3594.36,5,179.72,3414.64,3373.22,Returned,11,898.59,Indirect,Cash
ORD100105,2024-07-04,Jul-2024,West,Goa,Panaji,D019,Panaji Traders,Distributor,OUT0026,Supermarket,SP013_Manoj,Personal Care,FreshBreath Toothpaste 150g,208.36,50,10418.0,12,1250.16,9167.84,8662.61,Delivered,0,0.0,Direct,Credit
ORD102912,2024-07-04,Jul-2024,North,Delhi,New Delhi,D003,New Delhi Traders,Super Stockist,OUT0059,Supermarket,SP013_Manoj,Home Care,CleanWave Detergent 1kg,236.01,44,10384.44,5,519.22,9865.22,9519.46,Delivered,0,0.0,Indirect,Cash
ORD103428,2024-07-05,Jul-2024,North,Punjab,Amritsar,D018,Amritsar Traders,Wholesaler,OUT0012,Supermarket,SP019_Deepak,Dairy & Food Staples,DailyFresh Ghee 500ml,202.83,55,11155.65,10,1115.56,10040.09,12472.42,Pending,0,0.0,Indirect,Cash
ORD102715,2024-07-05,Jul-2024,Central,Chhattisgarh,Raipur,D005,Raipur Enterprises,Wholesaler,OUT0102,Convenience Store,SP017_Sanjay,Beverages,FreshSip Cola 500ml,67.31,46,3096.26,2,61.93,3034.33,2704.24,Delivered,0,0.0,Direct,Cash
ORD102634,2024-07-05,Jul-2024,South,Tamil Nadu,Coimbatore,D020,Coimbatore Marketing,Distributor,OUT0196,Wholesale Shop,SP011_Ravi,Beverages,MintCool Soda 300ml,348.85,11,3837.35,10,383.74,3453.61,3081.51,Delivered,0,0.0,Indirect,Cash
ORD100674,2024-07-05,Jul-2024,Central,Madhya Pradesh,Bhopal,D029,Bhopal Distribution Co,Super Stockist,OUT0103,Kirana/General Store,SP037_Sanjay,Personal Care,SilkTouch Lotion 200ml,48.39,41,1983.99,5,99.2,1884.79,1633.42,Pending,0,0.0,Direct,Cash
ORD101432,2024-07-05,Jul-2024,North,Delhi,New Delhi,D001,New Delhi Traders,Super Stockist,OUT0110,Wholesale Shop,SP029_Karan,Snacks & Confectionery,ChocoNut Bar 40g,203.75,37,7538.75,5,376.94,7161.81,6421.12,Delivered,0,0.0,Direct,Credit
ORD100725,2024-07-05,Jul-2024,North,Uttar Pradesh,Lucknow,D010,Lucknow Marketing,Distributor,OUT0199,Convenience Store,SP035_Arjun,Dairy & Food Staples,GoldenGrain Atta 5kg,79.66,27,2150.82,0,0.0,2150.82,2091.81,Delivered,0,0.0,Direct,Cash
ORD102215,2024-07-05,Jul-2024,East,Odisha,Bhubaneswar,D007,Bhubaneswar Distribution Co,Super Stockist,OUT0200,Modern Trade,SP001_Rahul,Beverages,MintCool Soda 300ml,69.74,16,1115.84,0,0.0,1115.84,983.33,Cancelled,0,0.0,Direct,UPI/Online
ORD102152,2024-07-05,Jul-2024,East,Odisha,Bhubaneswar,D007,Bhubaneswar Distribution Co,Super Stockist,OUT0119,Convenience Store,SP014_Kavita,Dairy & Food Staples,SunRice Basmati 1kg,243.92,5,1219.6,5,60.98,1158.62,1031.9,Pending,0,0.0,Direct,Credit
ORD100842,2024-07-05,Jul-2024,South,Karnataka,Mysuru,D017,Mysuru Enterprises,Distributor,OUT0101,Convenience Store,SP030_Pooja,Snacks & Confectionery,ChocoNut Bar 40g,250.06,13,3250.78,2,65.02,3185.76,2967.85,Pending,0,0.0,Indirect,Credit
ORD102017,2024-07-05,Jul-2024,North,Uttar Pradesh,Lucknow,D008,Lucknow Distribution Co,Distributor,OUT0029,Kirana/General Store,SP026_Anjali,Snacks & Confectionery,CrispBite Chips 50g,212.35,20,4247.0,0,0.0,4247.0,4876.35,Delivered,0,0.0,Indirect,Credit
ORD102900,2024-07-06,Jul-2024,Central,Chhattisgarh,Raipur,D022,Raipur Agencies,Super Stockist,OUT0069,Modern Trade,SP019_Deepak,Snacks & Confectionery,CrispBite Chips 50g,214.7,21,4508.7,0,0.0,4508.7,5125.03,Delivered,0,0.0,Indirect,Credit
ORD102993,2024-07-06,Jul-2024,Central,Madhya Pradesh,Bhopal,D029,Bhopal Distribution Co,Super Stockist,OUT0104,Supermarket,SP026_Anjali,Dairy & Food Staples,DailyFresh Ghee 500ml,103.24,22,2271.28,0,0.0,2271.28,2134.21,Delivered,0,0.0,Indirect,Credit
ORD103704,2024-07-06,Jul-2024,Central,Madhya Pradesh,Jabalpur,D004,Jabalpur Traders,Wholesaler,OUT0130,Kirana/General Store,SP001_Rahul,Personal Care,GlowSoft Soap 100g,156.1,24,3746.4,0,0.0,3746.4,4534.01,Delivered,0,0.0,Direct,Cash
ORD100673,2024-07-06,Jul-2024,Central,Chhattisgarh,Raipur,D026,Raipur Agencies,Distributor,OUT0048,Kirana/General Store,SP024_Sneha,Home Care,ShineFloor Cleaner 1L,337.95,6,2027.7,2,40.55,1987.15,2119.39,Delivered,0,0.0,Direct,UPI/Online
ORD103709,2024-07-06,Jul-2024,North,Punjab,Ludhiana,D015,Ludhiana Traders,Distributor,OUT0055,Wholesale Shop,SP038_Rina,Beverages,OrangeZest Juice 1L,347.9,27,9393.3,5,469.66,8923.64,9512.93,Delivered,0,0.0,Indirect,Credit
ORD100230,2024-07-06,Jul-2024,Central,Chhattisgarh,Raipur,D022,Raipur Agencies,Super Stockist,OUT0194,Modern Trade,SP033_Manoj,Snacks & Confectionery,CrispBite Chips 100g,340.07,26,8841.82,10,884.18,7957.64,8968.66,Delivered,0,0.0,Indirect,Credit
ORD100364,2024-07-06,Jul-2024,Central,Madhya Pradesh,Bhopal,D029,Bhopal Distribution Co,Super Stockist,OUT0139,Convenience Store,SP007_Suresh,Beverages,MintCool Soda 300ml,340.61,19,6471.59,5,323.58,6148.01,5734.85,Delivered,0,0.0,Indirect,Credit
ORD101838,2024-07-06,Jul-2024,South,Karnataka,Mysuru,D017,Mysuru Enterprises,Distributor,OUT0120,Modern Trade,SP013_Manoj,Personal Care,SilkTouch Lotion 200ml,61.61,42,2587.62,10,258.76,2328.86,2451.24,Cancelled,0,0.0,Direct,UPI/Online
ORD100758,2024-07-06,Jul-2024,Central,Chhattisgarh,Raipur,D011,Raipur Agencies,Super Stockist,OUT0090,Convenience Store,SP002_Amit,Snacks & Confectionery,ChocoNut Bar 40g,59.72,24,1433.28,2,28.67,1404.61,1481.8,Delivered,0,0.0,Direct,UPI/Online
ORD102024,2024-07-06,Jul-2024,West,Gujarat,Surat,D027,Surat Agencies,Wholesaler,OUT0158,Modern Trade,SP013_Manoj,Beverages,MintCool Soda 300ml,265.44,11,2919.84,0,0.0,2919.84,2580.76,Delivered,0,0.0,Indirect,UPI/Online
ORD100724,2024-07-06,Jul-2024,North,Uttar Pradesh,Lucknow,D010,Lucknow Marketing,Distributor,OUT0117,Wholesale Shop,SP040_Shreya,Beverages,MintCool Soda 300ml,313.92,43,13498.56,5,674.93,12823.63,13834.76,Cancelled,0,0.0,Indirect,Cash
ORD100263,2024-07-07,Jul-2024,West,Gujarat,Surat,D027,Surat Agencies,Wholesaler,OUT0158,Modern Trade,SP039_Deepak,Snacks & Confectionery,CrispBite Chips 100g,31.93,11,351.23,0,0.0,351.23,376.35,Returned,1,31.93,Indirect,Credit
ORD102473,2024-07-07,Jul-2024,Central,Madhya Pradesh,Bhopal,D029,Bhopal Distribution Co,Super Stockist,OUT0084,Wholesale Shop,SP018_Rina,Home Care,ShineFloor Cleaner 1L,126.2,15,1893.0,2,37.86,1855.14,2000.25,Pending,0,0.0,Indirect,UPI/Online
ORD102550,2024-07-07,Jul-2024,East,Odisha,Bhubaneswar,D007,Bhubaneswar Distribution Co,Super Stockist,OUT0062,Modern Trade,SP022_Amit,Dairy & Food Staples,GoldenGrain Atta 5kg,31.7,17,538.9,10,53.89,485.01,522.25,Delivered,0,0.0,Indirect,Credit
ORD102747,2024-07-07,Jul-2024,South,Tamil Nadu,Coimbatore,D020,Coimbatore Marketing,Distributor,OUT0109,Wholesale Shop,SP023_Priya,Personal Care,GlowSoft Soap 100g,138.93,3,416.79,8,33.34,383.45,402.91,Delivered,0,0.0,Direct,UPI/Online
ORD102225,2024-07-07,Jul-2024,West,Goa,Panaji,D019,Panaji Traders,Distributor,OUT0037,Modern Trade,SP021_Rahul,Personal Care,SilkTouch Lotion 200ml,280.84,19,5335.96,2,106.72,5229.24,6183.23,Returned,5,1404.2,Direct,Credit
ORD102652,2024-07-07,Jul-2024,East,Odisha,Bhubaneswar,D028,Bhubaneswar Distribution Co,Wholesaler,OUT0014,Wholesale Shop,SP025_Vikram,Personal Care,GlowSoft Soap 100g,226.68,9,2040.12,10,204.01,1836.11,1739.73,Delivered,0,0.0,Indirect,Credit
ORD102261,2024-07-07,Jul-2024,North,Uttar Pradesh,Lucknow,D010,Lucknow Marketing,Distributor,OUT0117,Wholesale Shop,SP036_Meera,Home Care,SparkleShine Dishwash 500ml,252.62,85,21472.7,10,2147.27,19325.43,23970.44,Cancelled,0,0.0,Direct,Credit
ORD100413,2024-07-07,Jul-2024,East,Bihar,Patna,D014,Patna Distribution Co,Wholesaler,OUT0052,Supermarket,SP030_Pooja,Personal Care,FreshBreath Toothpaste 150g,255.6,9,2300.4,8,184.03,2116.37,2239.26,Delivered,0,0.0,Indirect,Cash
ORD102842,2024-07-07,Jul-2024,South,Tamil Nadu,Coimbatore,D023,Coimbatore Marketing,Super Stockist,OUT0068,Wholesale Shop,SP036_Meera,Dairy & Food Staples,GoldenGrain Atta 5kg,210.93,20,4218.6,0,0.0,4218.6,4293.25,Delivered,0,0.0,Direct,Cash
ORD100414,2024-07-07,Jul-2024,Central,Chhattisgarh,Raipur,D026,Raipur Agencies,Distributor,OUT0152,Supermarket,SP016_Meera,Home Care,SparkleShine Dishwash 500ml,67.15,14,940.1,0,0.0,940.1,1035.82,Delivered,0,0.0,Indirect,UPI/Online
ORD101931,2024-07-07,Jul-2024,Central,Chhattisgarh,Raipur,D022,Raipur Agencies,Super Stockist,OUT0186,Kirana/General Store,SP013_Manoj,Snacks & Confectionery,CrispBite Chips 100g,135.17,11,1486.87,10,148.69,1338.18,1666.88,Delivered,0,0.0,Indirect,UPI/Online
ORD101472,2024-07-07,Jul-2024,North,Uttar Pradesh,Lucknow,D008,Lucknow Distribution Co,Distributor,OUT0038,Modern Trade,SP012_Divya,Home Care,CleanWave Detergent 1kg,197.17,35,6900.95,10,690.1,6210.85,6279.45,Cancelled,0,0.0,Indirect,Credit
ORD101707,2024-07-07,Jul-2024,East,Odisha,Bhubaneswar,D007,Bhubaneswar Distribution Co,Super Stockist,OUT0091,Convenience Store,SP016_Meera,Snacks & Confectionery,ChocoNut Bar 40g,197.57,19,3753.83,0,0.0,3753.83,3622.01,Delivered,0,0.0,Indirect,Cash
ORD100198,2024-07-08,Jul-2024,Central,Madhya Pradesh,Jabalpur,D030,Jabalpur Distribution Co,Distributor,OUT0096,Kirana/General Store,SP024_Sneha,Home Care,CleanWave Detergent 1kg,306.65,32,9812.8,8,785.02,9027.78,8147.55,Delivered,0,0.0,Indirect,UPI/Online
ORD100648,2024-07-08,Jul-2024,North,Punjab,Ludhiana,D015,Ludhiana Traders,Distributor,OUT0021,Kirana/General Store,SP040_Shreya,Dairy & Food Staples,PureDrop Milk 500ml,328.36,36,11820.96,8,945.68,10875.28,12804.03,Delivered,0,0.0,Indirect,Credit
ORD103896,2024-07-08,Jul-2024,South,Tamil Nadu,Coimbatore,D020,Coimbatore Marketing,Distributor,OUT0086,Kirana/General Store,SP011_Ravi,Dairy & Food Staples,PureDrop Milk 500ml,244.32,28,6840.96,8,547.28,6293.68,7024.63,Delivered,0,0.0,Direct,Credit
ORD100469,2024-07-08,Jul-2024,South,Tamil Nadu,Coimbatore,D020,Coimbatore Marketing,Distributor,OUT0098,Wholesale Shop,SP029_Karan,Personal Care,ShinyLocks Shampoo 200ml,187.93,34,6389.62,10,638.96,5750.66,6491.83,Pending,0,0.0,Indirect,Credit
ORD101984,2024-07-08,Jul-2024,Central,Chhattisgarh,Raipur,D009,Raipur Enterprises,Wholesaler,OUT0113,Kirana/General Store,SP005_Vikram,Personal Care,GlowSoft Soap 100g,219.78,37,8131.86,5,406.59,7725.27,7587.18,Delivered,0,0.0,Indirect,UPI/Online
ORD100978,2024-07-08,Jul-2024,Central,Madhya Pradesh,Jabalpur,D004,Jabalpur Traders,Wholesaler,OUT0099,Kirana/General Store,SP020_Shreya,Personal Care,GlowSoft Soap 100g,342.24,32,10951.68,0,0.0,10951.68,12195.36,Delivered,0,0.0,Direct,Credit
ORD103897,2024-07-08,Jul-2024,East,West Bengal,Kolkata,D006,Kolkata Enterprises,Distributor,OUT0064,Modern Trade,SP027_Suresh,Dairy & Food Staples,PureDrop Milk 500ml,328.32,32,10506.24,2,210.12,10296.12,9544.28,Delivered,0,0.0,Indirect,Credit
ORD103008,2024-07-08,Jul-2024,South,Karnataka,Mysuru,D017,Mysuru Enterprises,Distributor,OUT0120,Modern Trade,SP026_Anjali,Home Care,PureAir Freshener 250ml,206.02,19,3914.38,5,195.72,3718.66,3891.88,Delivered,0,0.0,Indirect,Credit
ORD100946,2024-07-08,Jul-2024,North,Uttar Pradesh,Lucknow,D008,Lucknow Distribution Co,Distributor,OUT0161,Kirana/General Store,SP025_Vikram,Home Care,CleanWave Detergent 1kg,52.72,12,632.64,0,0.0,632.64,640.57,Delivered,0,0.0,Indirect,Cash
ORD103965,2024-07-09,Jul-2024,North,Delhi,New Delhi,D001,New Delhi Traders,Super Stockist,OUT0027,Kirana/General Store,SP021_Rahul,Beverages,FreshSip Cola 500ml,36.39,33,1200.87,0,0.0,1200.87,1081.01,Cancelled,0,0.0,Direct,Cash
ORD100739,2024-07-09,Jul-2024,East,West Bengal,Kolkata,D006,Kolkata Enterprises,Distributor,OUT0106,Modern Trade,SP035_Arjun,Home Care,PureAir Freshener 250ml,124.59,10,1245.9,10,124.59,1121.31,1338.26,Delivered,0,0.0,Indirect,UPI/Online
ORD100825,2024-07-09,Jul-2024,Central,Chhattisgarh,Raipur,D005,Raipur Enterprises,Wholesaler,OUT0116,Convenience Store,SP008_Neha,Personal Care,ShinyLocks Shampoo 200ml,63.33,46,2913.18,0,0.0,2913.18,3362.28,Cancelled,0,0.0,Indirect,Cash
ORD102301,2024-07-09,Jul-2024,Central,Madhya Pradesh,Jabalpur,D030,Jabalpur Distribution Co,Distributor,OUT0016,Wholesale Shop,SP018_Rina,Dairy & Food Staples,PureDrop Milk 500ml,295.62,22,6503.64,0,0.0,6503.64,7469.47,Pending,0,0.0,Direct,UPI/Online
ORD103877,2024-07-09,Jul-2024,South,Tamil Nadu,Coimbatore,D023,Coimbatore Marketing,Super Stockist,OUT0068,Wholesale Shop,SP004_Sneha,Snacks & Confectionery,CrispBite Chips 100g,329.11,31,10202.41,5,510.12,9692.29,8973.1,Delivered,0,0.0,Direct,Cash
ORD102748,2024-07-09,Jul-2024,West,Goa,Panaji,D024,Panaji Marketing,Distributor,OUT0073,Wholesale Shop,SP031_Ravi,Home Care,SparkleShine Dishwash 500ml,225.89,34,7680.26,2,153.61,7526.65,7130.73,Delivered,0,0.0,Indirect,Credit
ORD103983,2024-07-09,Jul-2024,Central,Madhya Pradesh,Bhopal,D029,Bhopal Distribution Co,Super Stockist,OUT0114,Kirana/General Store,SP029_Karan,Beverages,FreshSip Cola 250ml,197.31,49,9668.19,10,966.82,8701.37,8120.76,Delivered,0,0.0,Direct,Cash
ORD102251,2024-07-09,Jul-2024,North,Punjab,Ludhiana,D015,Ludhiana Traders,Distributor,OUT0020,Wholesale Shop,SP003_Priya,Personal Care,SilkTouch Lotion 200ml,136.31,13,1772.03,0,0.0,1772.03,2084.9,Delivered,0,0.0,Indirect,Credit
ORD103622,2024-07-09,Jul-2024,North,Delhi,New Delhi,D001,New Delhi Traders,Super Stockist,OUT0149,Supermarket,SP012_Divya,Personal Care,SilkTouch Lotion 200ml,224.92,16,3598.72,8,287.9,3310.82,3322.68,Delivered,0,0.0,Indirect,UPI/Online
ORD102263,2024-07-09,Jul-2024,South,Karnataka,Mysuru,D017,Mysuru Enterprises,Distributor,OUT0120,Modern Trade,SP032_Divya,Personal Care,FreshBreath Toothpaste 150g,163.01,6,978.06,0,0.0,978.06,1126.04,Delivered,0,0.0,Direct,UPI/Online
ORD101160,2024-07-09,Jul-2024,North,Uttar Pradesh,Lucknow,D010,Lucknow Marketing,Distributor,OUT0067,Modern Trade,SP008_Neha,Dairy & Food Staples,DailyFresh Ghee 500ml,257.72,7,1804.04,5,90.2,1713.84,2009.23,Delivered,0,0.0,Direct,UPI/Online
ORD103310,2024-07-09,Jul-2024,East,Odisha,Bhubaneswar,D007,Bhubaneswar Distribution Co,Super Stockist,OUT0200,Modern Trade,SP040_Shreya,Snacks & Confectionery,CrispBite Chips 50g,330.38,23,7598.74,0,0.0,7598.74,7140.7,Delivered,0,0.0,Direct,Credit
ORD101591,2024-07-09,Jul-2024,North,Uttar Pradesh,Lucknow,D008,Lucknow Distribution Co,Distributor,OUT0038,Modern Trade,SP001_Rahul,Personal Care,GlowSoft Soap 100g,201.49,41,8261.09,5,413.05,7848.04,7014.98,Delivered,0,0.0,Direct,UPI/Online
ORD101172,2024-07-09,Jul-2024,South,Karnataka,Mysuru,D017,Mysuru Enterprises,Distributor,OUT0079,Kirana/General Store,SP010_Pooja,Personal Care,FreshBreath Toothpaste 150g,136.26,35,4769.1,10,476.91,4292.19,4839.64,Delivered,0,0.0,Direct,Cash
ORD102835,2024-07-09,Jul-2024,North,Punjab,Amritsar,D018,Amritsar Traders,Wholesaler,OUT0129,Kirana/General Store,SP035_Arjun,Personal Care,SilkTouch Lotion 200ml,23.28,3,69.84,0,0.0,69.84,81.38,Delivered,0,0.0,Indirect,Cash
ORD102901,2024-07-09,Jul-2024,Central,Chhattisgarh,Raipur,D011,Raipur Agencies,Super Stockist,OUT0125,Supermarket,SP009_Karan,Beverages,OrangeZest Juice 1L,118.9,19,2259.1,5,112.96,2146.14,1841.96,Delivered,0,0.0,Indirect,UPI/Online
ORD102102,2024-07-10,Jul-2024,South,Tamil Nadu,Coimbatore,D023,Coimbatore Marketing,Super Stockist,OUT0018,Convenience Store,SP012_Divya,Snacks & Confectionery,CrispBite Chips 100g,30.63,5,153.15,8,12.25,140.9,143.83,Delivered,0,0.0,Indirect,Credit
ORD100302,2024-07-10,Jul-2024,Central,Madhya Pradesh,Jabalpur,D030,Jabalpur Distribution Co,Distributor,OUT0016,Wholesale Shop,SP001_Rahul,Dairy & Food Staples,SunRice Basmati 1kg,82.05,17,1394.85,8,111.59,1283.26,1093.46,Delivered,0,0.0,Indirect,Cash
ORD103870,2024-07-10,Jul-2024,North,Punjab,Amritsar,D018,Amritsar Traders,Wholesaler,OUT0129,Kirana/General Store,SP035_Arjun,Beverages,FreshSip Cola 250ml,249.24,24,5981.76,10,598.18,5383.58,5718.73,Delivered,0,0.0,Direct,UPI/Online
ORD102506,2024-07-10,Jul-2024,Central,Madhya Pradesh,Jabalpur,D025,Jabalpur Agencies,Wholesaler,OUT0009,Wholesale Shop,SP007_Suresh,Dairy & Food Staples,GoldenGrain Atta 5kg,201.75,14,2824.5,0,0.0,2824.5,3507.68,Cancelled,0,0.0,Indirect,Credit
ORD102104,2024-07-10,Jul-2024,Central,Chhattisgarh,Raipur,D026,Raipur Agencies,Distributor,OUT0147,Supermarket,SP033_Manoj,Snacks & Confectionery,SweetPuff Biscuit 100g,155.91,15,2338.65,0,0.0,2338.65,2761.89,Delivered,0,0.0,Indirect,Cash
ORD101315,2024-07-10,Jul-2024,North,Punjab,Amritsar,D018,Amritsar Traders,Wholesaler,OUT0128,Modern Trade,SP003_Priya,Personal Care,ShinyLocks Shampoo 200ml,243.52,28,6818.56,2,136.37,6682.19,7469.12,Delivered,0,0.0,Direct,Cash
ORD101870,2024-07-10,Jul-2024,Central,Chhattisgarh,Raipur,D026,Raipur Agencies,Distributor,OUT0154,Kirana/General Store,SP003_Priya,Personal Care,SilkTouch Lotion 200ml,88.92,17,1511.64,2,30.23,1481.41,1679.08,Delivered,0,0.0,Indirect,Credit
ORD103037,2024-07-10,Jul-2024,West,Gujarat,Surat,D027,Surat Agencies,Wholesaler,OUT0158,Modern Trade,SP011_Ravi,Personal Care,ShinyLocks Shampoo 200ml,238.24,12,2858.88,10,285.89,2572.99,2801.54,Delivered,0,0.0,Indirect,Cash
ORD103468,2024-07-10,Jul-2024,Central,Chhattisgarh,Raipur,D022,Raipur Agencies,Super Stockist,OUT0045,Kirana/General Store,SP014_Kavita,Beverages,MintCool Soda 300ml,315.71,22,6945.62,5,347.28,6598.34,5904.51,Delivered,0,0.0,Indirect,Cash
ORD100264,2024-07-10,Jul-2024,West,Gujarat,Surat,D027,Surat Agencies,Wholesaler,OUT0107,Wholesale Shop,SP014_Kavita,Dairy & Food Staples,SunRice Basmati 1kg,120.82,12,1449.84,2,29.0,1420.84,1500.79,Delivered,0,0.0,Indirect,UPI/Online
ORD100273,2024-07-10,Jul-2024,South,Tamil Nadu,Coimbatore,D020,Coimbatore Marketing,Distributor,OUT0098,Wholesale Shop,SP035_Arjun,Home Care,ShineFloor Cleaner 1L,70.17,14,982.38,0,0.0,982.38,1221.56,Delivered,0,0.0,Direct,UPI/Online
ORD100826,2024-07-10,Jul-2024,Central,Madhya Pradesh,Jabalpur,D025,Jabalpur Agencies,Wholesaler,OUT0010,Supermarket,SP031_Ravi,Snacks & Confectionery,CrispBite Chips 50g,243.21,12,2918.52,2,58.37,2860.15,3136.58,Delivered,0,0.0,Indirect,Cash
ORD103865,2024-07-10,Jul-2024,South,Karnataka,Mysuru,D017,Mysuru Enterprises,Distributor,OUT0176,Kirana/General Store,SP010_Pooja,Home Care,PureAir Freshener 250ml,242.75,9,2184.75,8,174.78,2009.97,1858.42,Delivered,0,0.0,Indirect,Cash
ORD101532,2024-07-10,Jul-2024,North,Uttar Pradesh,Lucknow,D008,Lucknow Distribution Co,Distributor,OUT0022,Supermarket,SP003_Priya,Home Care,ShineFloor Cleaner 1L,263.87,8,2110.96,2,42.22,2068.74,1958.61,Delivered,0,0.0,Direct,UPI/Online
ORD102322,2024-07-10,Jul-2024,Central,Madhya Pradesh,Bhopal,D029,Bhopal Distribution Co,Super Stockist,OUT0063,Kirana/General Store,SP030_Pooja,Home Care,ShineFloor Cleaner 1L,182.61,57,10408.77,0,0.0,10408.77,12547.71,Delivered,0,0.0,Indirect,UPI/Online
ORD102784,2024-07-10,Jul-2024,Central,Chhattisgarh,Raipur,D009,Raipur Enterprises,Wholesaler,OUT0113,Kirana/General Store,SP035_Arjun,Beverages,FreshSip Cola 500ml,77.01,14,1078.14,5,53.91,1024.23,1173.5,Returned,1,77.01,Indirect,Credit
ORD101272,2024-07-10,Jul-2024,Central,Chhattisgarh,Raipur,D005,Raipur Enterprises,Wholesaler,OUT0036,Wholesale Shop,SP001_Rahul,Dairy & Food Staples,GoldenGrain Atta 5kg,123.93,27,3346.11,2,66.92,3279.19,2827.93,Delivered,0,0.0,Direct,UPI/Online
ORD103615,2024-07-11,Jul-2024,North,Delhi,New Delhi,D003,New Delhi Traders,Super Stockist,OUT0082,Supermarket,SP015_Arjun,Snacks & Confectionery,ChocoNut Bar 40g,106.4,42,4468.8,12,536.26,3932.54,4800.29,Delivered,0,0.0,Direct,Credit
ORD102534,2024-07-11,Jul-2024,West,Goa,Panaji,D024,Panaji Marketing,Distributor,OUT0187,Convenience Store,SP027_Suresh,Beverages,FreshSip Cola 250ml,214.48,17,3646.16,0,0.0,3646.16,3816.06,Delivered,0,0.0,Indirect,Cash
ORD102824,2024-07-11,Jul-2024,East,Bihar,Patna,D014,Patna Distribution Co,Wholesaler,OUT0175,Wholesale Shop,SP004_Sneha,Personal Care,SilkTouch Lotion 200ml,122.75,11,1350.25,8,108.02,1242.23,1461.42,Delivered,0,0.0,Indirect,Credit
ORD103856,2024-07-11,Jul-2024,East,Odisha,Bhubaneswar,D028,Bhubaneswar Distribution Co,Wholesaler,OUT0014,Wholesale Shop,SP025_Vikram,Beverages,MintCool Soda 300ml,186.85,33,6166.05,5,308.3,5857.75,6097.59,Delivered,0,0.0,Direct,Cash
ORD102324,2024-07-11,Jul-2024,Central,Chhattisgarh,Raipur,D022,Raipur Agencies,Super Stockist,OUT0141,Kirana/General Store,SP032_Divya,Home Care,CleanWave Detergent 1kg,277.14,25,6928.5,5,346.42,6582.08,6080.62,Delivered,0,0.0,Direct,Credit
ORD101983,2024-07-11,Jul-2024,Central,Madhya Pradesh,Jabalpur,D030,Jabalpur Distribution Co,Distributor,OUT0016,Wholesale Shop,SP035_Arjun,Beverages,FreshSip Cola 250ml,76.83,14,1075.62,0,0.0,1075.62,1151.49,Delivered,0,0.0,Indirect,Credit
ORD102291,2024-07-11,Jul-2024,North,Punjab,Amritsar,D018,Amritsar Traders,Wholesaler,OUT0012,Supermarket,SP038_Rina,Personal Care,ShinyLocks Shampoo 200ml,85.11,9,765.99,2,15.32,750.67,667.93,Delivered,0,0.0,Direct,UPI/Online
ORD100765,2024-07-11,Jul-2024,West,Goa,Panaji,D024,Panaji Marketing,Distributor,OUT0150,Convenience Store,SP019_Deepak,Dairy & Food Staples,PureDrop Milk 500ml,121.58,16,1945.28,0,0.0,1945.28,1799.09,Delivered,0,0.0,Direct,Cash
ORD102397,2024-07-11,Jul-2024,North,Uttar Pradesh,Lucknow,D008,Lucknow Distribution Co,Distributor,OUT0022,Supermarket,SP001_Rahul,Beverages,FreshSip Cola 250ml,175.06,22,3851.32,0,0.0,3851.32,3427.9,Delivered,0,0.0,Direct,UPI/Online
ORD103333,2024-07-11,Jul-2024,West,Gujarat,Surat,D027,Surat Agencies,Wholesaler,OUT0158,Modern Trade,SP023_Priya,Beverages,FreshSip Cola 500ml,170.25,26,4426.5,2,88.53,4337.97,5027.71,Delivered,0,0.0,Indirect,Credit
ORD100890,2024-07-11,Jul-2024,Central,Madhya Pradesh,Jabalpur,D004,Jabalpur Traders,Wholesaler,OUT0169,Convenience Store,SP012_Divya,Dairy & Food Staples,GoldenGrain Atta 5kg,230.91,27,6234.57,12,748.15,5486.42,5276.03,Delivered,0,0.0,Indirect,UPI/Online
ORD103835,2024-07-11,Jul-2024,Central,Chhattisgarh,Raipur,D022,Raipur Agencies,Super Stockist,OUT0189,Modern Trade,SP017_Sanjay,Personal Care,GlowSoft Soap 100g,349.18,22,7681.96,10,768.2,6913.76,8565.71,Delivered,0,0.0,Indirect,UPI/Online
ORD101243,2024-07-11,Jul-2024,Central,Chhattisgarh,Raipur,D009,Raipur Enterprises,Wholesaler,OUT0053,Modern Trade,SP024_Sneha,Home Care,SparkleShine Dishwash 500ml,191.01,9,1719.09,0,0.0,1719.09,1470.17,Pending,0,0.0,Indirect,Cash
ORD101919,2024-07-12,Jul-2024,East,Odisha,Bhubaneswar,D028,Bhubaneswar Distribution Co,Wholesaler,OUT0156,Modern Trade,SP008_Neha,Beverages,FreshSip Cola 250ml,150.69,16,2411.04,5,120.55,2290.49,2633.63,Delivered,0,0.0,Direct,Cash
ORD103554,2024-07-12,Jul-2024,Central,Chhattisgarh,Raipur,D022,Raipur Agencies,Super Stockist,OUT0195,Supermarket,SP018_Rina,Snacks & Confectionery,SweetPuff Biscuit 100g,23.05,47,1083.35,5,54.17,1029.18,894.05,Delivered,0,0.0,Indirect,Cash
ORD103393,2024-07-12,Jul-2024,Central,Chhattisgarh,Raipur,D022,Raipur Agencies,Super Stockist,OUT0141,Kirana/General Store,SP028_Neha,Snacks & Confectionery,CrispBite Chips 50g,297.24,5,1486.2,0,0.0,1486.2,1643.21,Delivered,0,0.0,Direct,Credit
ORD101501,2024-07-12,Jul-2024,South,Karnataka,Mysuru,D017,Mysuru Enterprises,Distributor,OUT0188,Convenience Store,SP007_Suresh,Beverages,MintCool Soda 300ml,27.45,47,1290.15,0,0.0,1290.15,1251.92,Delivered,0,0.0,Direct,UPI/Online
ORD100452,2024-07-12,Jul-2024,South,Karnataka,Mysuru,D017,Mysuru Enterprises,Distributor,OUT0079,Kirana/General Store,SP037_Sanjay,Personal Care,ShinyLocks Shampoo 200ml,271.13,9,2440.17,10,244.02,2196.15,2373.71,Returned,1,271.13,Indirect,UPI/Online
ORD102020,2024-07-12,Jul-2024,South,Tamil Nadu,Coimbatore,D020,Coimbatore Marketing,Distributor,OUT0196,Wholesale Shop,SP023_Priya,Dairy & Food Staples,GoldenGrain Atta 5kg,262.24,32,8391.68,8,671.33,7720.35,8461.73,Delivered,0,0.0,Direct,Cash
ORD101799,2024-07-12,Jul-2024,Central,Chhattisgarh,Raipur,D011,Raipur Agencies,Super Stockist,OUT0168,Kirana/General Store,SP006_Anjali,Home Care,SparkleShine Dishwash 500ml,165.32,32,5290.24,5,264.51,5025.73,4356.98,Delivered,0,0.0,Indirect,Credit
ORD103674,2024-07-12,Jul-2024,West,Goa,Panaji,D019,Panaji Traders,Distributor,OUT0026,Supermarket,SP022_Amit,Beverages,OrangeZest Juice 1L,168.46,27,4548.42,2,90.97,4457.45,5306.99,Delivered,0,0.0,Indirect,UPI/Online
ORD103848,2024-07-12,Jul-2024,West,Gujarat,Surat,D027,Surat Agencies,Wholesaler,OUT0107,Wholesale Shop,SP009_Karan,Home Care,ShineFloor Cleaner 1L,194.21,62,12041.02,8,963.28,11077.74,12592.28,Delivered,0,0.0,Indirect,Cash
ORD103288,2024-07-12,Jul-2024,Central,Chhattisgarh,Raipur,D009,Raipur Enterprises,Wholesaler,OUT0066,Modern Trade,SP027_Suresh,Personal Care,GlowSoft Soap 100g,343.87,26,8940.62,2,178.81,8761.81,10603.6,Delivered,0,0.0,Indirect,UPI/Online
ORD103073,2024-07-12,Jul-2024,Central,Chhattisgarh,Raipur,D005,Raipur Enterprises,Wholesaler,OUT0070,Supermarket,SP031_Ravi,Personal Care,SilkTouch Lotion 200ml,230.77,39,9000.03,2,180.0,8820.03,9770.92,Pending,0,0.0,Indirect,Credit
ORD103701,2024-07-13,Jul-2024,North,Uttar Pradesh,Lucknow,D008,Lucknow Distribution Co,Distributor,OUT0004,Kirana/General Store,SP009_Karan,Snacks & Confectionery,SweetPuff Biscuit 100g,116.63,20,2332.6,2,46.65,2285.95,2573.61,Delivered,0,0.0,Direct,Credit
ORD100297,2024-07-13,Jul-2024,East,Odisha,Bhubaneswar,D028,Bhubaneswar Distribution Co,Wholesaler,OUT0146,Supermarket,SP022_Amit,Snacks & Confectionery,SweetPuff Biscuit 100g,34.25,21,719.25,8,57.54,661.71,696.34,Delivered,0,0.0,Indirect,UPI/Online
ORD103941,2024-07-13,Jul-2024,West,Goa,Panaji,D019,Panaji Traders,Distributor,OUT0076,Modern Trade,SP036_Meera,Home Care,SparkleShine Dishwash 500ml,119.6,6,717.6,0,0.0,717.6,624.99,Delivered,0,0.0,Indirect,Cash
ORD102822,2024-07-13,Jul-2024,Central,Chhattisgarh,Raipur,D011,Raipur Agencies,Super Stockist,OUT0125,Supermarket,SP037_Sanjay,Beverages,FreshSip Cola 250ml,157.13,17,2671.21,0,0.0,2671.21,2924.44,Delivered,0,0.0,Direct,UPI/Online
ORD100245,2024-07-13,Jul-2024,Central,Chhattisgarh,Raipur,D005,Raipur Enterprises,Wholesaler,OUT0102,Convenience Store,SP006_Anjali,Personal Care,ShinyLocks Shampoo 200ml,60.22,27,1625.94,5,81.3,1544.64,1637.42,Delivered,0,0.0,Direct,Credit
ORD101512,2024-07-13,Jul-2024,East,Bihar,Patna,D014,Patna Distribution Co,Wholesaler,OUT0043,Modern Trade,SP018_Rina,Beverages,OrangeZest Juice 1L,288.35,22,6343.7,2,126.87,6216.83,7482.57,Delivered,0,0.0,Indirect,Cash
ORD102176,2024-07-13,Jul-2024,North,Punjab,Amritsar,D018,Amritsar Traders,Wholesaler,OUT0100,Supermarket,SP024_Sneha,Beverages,OrangeZest Juice 1L,48.27,47,2268.69,0,0.0,2268.69,2045.57,Delivered,0,0.0,Indirect,Credit
ORD102011,2024-07-13,Jul-2024,South,Tamil Nadu,Coimbatore,D023,Coimbatore Marketing,Super Stockist,OUT0108,Convenience Store,SP005_Vikram,Home Care,CleanWave Detergent 1kg,258.23,17,4389.91,2,87.8,4302.11,4971.51,Delivered,0,0.0,Direct,Credit
ORD100020,2024-07-13,Jul-2024,South,Karnataka,Bengaluru,D002,Bengaluru Marketing,Distributor,OUT0072,Wholesale Shop,SP002_Amit,Home Care,PureAir Freshener 250ml,95.22,43,4094.46,0,0.0,4094.46,4163.92,Delivered,0,0.0,Indirect,Credit
ORD101793,2024-07-13,Jul-2024,North,Delhi,New Delhi,D001,New Delhi Traders,Super Stockist,OUT0024,Wholesale Shop,SP005_Vikram,Personal Care,FreshBreath Toothpaste 150g,316.02,18,5688.36,0,0.0,5688.36,6873.36,Delivered,0,0.0,Indirect,UPI/Online
ORD101540,2024-07-13,Jul-2024,Central,Madhya Pradesh,Jabalpur,D030,Jabalpur Distribution Co,Distributor,OUT0016,Wholesale Shop,SP004_Sneha,Personal Care,SilkTouch Lotion 200ml,179.59,5,897.95,2,17.96,879.99,1023.39,Delivered,0,0.0,Indirect,Cash
ORD102647,2024-07-13,Jul-2024,East,Odisha,Bhubaneswar,D007,Bhubaneswar Distribution Co,Super Stockist,OUT0200,Modern Trade,SP030_Pooja,Beverages,FreshSip Cola 250ml,66.39,21,1394.19,10,139.42,1254.77,1350.25,Delivered,0,0.0,Indirect,UPI/Online
ORD100851,2024-07-13,Jul-2024,Central,Madhya Pradesh,Bhopal,D029,Bhopal Distribution Co,Super Stockist,OUT0084,Wholesale Shop,SP038_Rina,Home Care,CleanWave Detergent 1kg,337.48,19,6412.12,2,128.24,6283.88,7751.47,Delivered,0,0.0,Direct,Cash
ORD101293,2024-07-14,Jul-2024,East,Bihar,Patna,D014,Patna Distribution Co,Wholesaler,OUT0088,Wholesale Shop,SP017_Sanjay,Home Care,SparkleShine Dishwash 500ml,304.68,8,2437.44,10,243.74,2193.7,2032.29,Delivered,0,0.0,Direct,Cash
ORD103015,2024-07-14,Jul-2024,Central,Chhattisgarh,Raipur,D005,Raipur Enterprises,Wholesaler,OUT0102,Convenience Store,SP001_Rahul,Personal Care,SilkTouch Lotion 200ml,315.68,11,3472.48,2,69.45,3403.03,3421.86,Delivered,0,0.0,Direct,Cash
ORD103609,2024-07-14,Jul-2024,Central,Chhattisgarh,Raipur,D022,Raipur Agencies,Super Stockist,OUT0162,Supermarket,SP032_Divya,Snacks & Confectionery,ChocoNut Bar 40g,158.36,34,5384.24,0,0.0,5384.24,5285.42,Delivered,0,0.0,Direct,UPI/Online
ORD102199,2024-07-14,Jul-2024,Central,Chhattisgarh,Raipur,D022,Raipur Agencies,Super Stockist,OUT0162,Supermarket,SP012_Divya,Snacks & Confectionery,SweetPuff Biscuit 100g,62.28,6,373.68,2,7.47,366.21,413.67,Delivered,0,0.0,Direct,Credit
ORD102700,2024-07-14,Jul-2024,Central,Madhya Pradesh,Jabalpur,D004,Jabalpur Traders,Wholesaler,OUT0169,Convenience Store,SP004_Sneha,Dairy & Food Staples,GoldenGrain Atta 5kg,137.12,33,4524.96,10,452.5,4072.46,3473.88,Delivered,0,0.0,Indirect,Credit
ORD101024,2024-07-14,Jul-2024,West,Rajasthan,Jodhpur,D013,Jodhpur Distribution Co,Super Stockist,OUT0155,Kirana/General Store,SP007_Suresh,Personal Care,ShinyLocks Shampoo 200ml,49.09,48,2356.32,12,282.76,2073.56,2175.74,Delivered,0,0.0,Direct,UPI/Online
ORD101327,2024-07-14,Jul-2024,North,Delhi,New Delhi,D001,New Delhi Traders,Super Stockist,OUT0110,Wholesale Shop,SP036_Meera,Beverages,OrangeZest Juice 1L,118.56,42,4979.52,5,248.98,4730.54,4957.57,Pending,0,0.0,Indirect,Cash
ORD103536,2024-07-14,Jul-2024,Central,Madhya Pradesh,Jabalpur,D030,Jabalpur Distribution Co,Distributor,OUT0002,Convenience Store,SP010_Pooja,Beverages,MintCool Soda 300ml,297.26,5,1486.3,5,74.32,1411.98,1418.89,Pending,0,0.0,Indirect,UPI/Online
ORD102653,2024-07-14,Jul-2024,West,Goa,Panaji,D024,Panaji Marketing,Distributor,OUT0187,Convenience Store,SP003_Priya,Dairy & Food Staples,DailyFresh Ghee 500ml,118.04,44,5193.76,5,259.69,4934.07,5737.46,Delivered,0,0.0,Indirect,UPI/Online
ORD101313,2024-07-14,Jul-2024,Central,Madhya Pradesh,Bhopal,D029,Bhopal Distribution Co,Super Stockist,OUT0131,Supermarket,SP008_Neha,Snacks & Confectionery,CrispBite Chips 50g,193.3,33,6378.9,2,127.58,6251.32,6790.0,Delivered,0,0.0,Direct,UPI/Online
ORD101186,2024-07-14,Jul-2024,Central,Chhattisgarh,Raipur,D009,Raipur Enterprises,Wholesaler,OUT0066,Modern Trade,SP011_Ravi,Beverages,FreshSip Cola 250ml,84.76,12,1017.12,2,20.34,996.78,887.38,Delivered,0,0.0,Indirect,UPI/Online
ORD100596,2024-07-14,Jul-2024,Central,Chhattisgarh,Raipur,D005,Raipur Enterprises,Wholesaler,OUT0102,Convenience Store,SP009_Karan,Beverages,MintCool Soda 300ml,73.72,10,737.2,2,14.74,722.46,685.37,Delivered,0,0.0,Direct,Cash
ORD100586,2024-07-14,Jul-2024,Central,Madhya Pradesh,Bhopal,D029,Bhopal Distribution Co,Super Stockist,OUT0030,Kirana/General Store,SP002_Amit,Home Care,PureAir Freshener 250ml,296.93,7,2078.51,5,103.93,1974.58,2158.86,Delivered,0,0.0,Indirect,Credit
ORD101839,2024-07-14,Jul-2024,Central,Madhya Pradesh,Jabalpur,D030,Jabalpur Distribution Co,Distributor,OUT0096,Kirana/General Store,SP034_Kavita,Snacks & Confectionery,CrispBite Chips 50g,216.05,35,7561.75,8,604.94,6956.81,7167.25,Delivered,0,0.0,Direct,Credit
ORD100676,2024-07-14,Jul-2024,North,Punjab,Ludhiana,D015,Ludhiana Traders,Distributor,OUT0051,Supermarket,SP012_Divya,Snacks & Confectionery,CrispBite Chips 100g,316.32,27,8540.64,2,170.81,8369.83,8675.1,Delivered,0,0.0,Indirect,Cash
ORD103382,2024-07-15,Jul-2024,West,Goa,Panaji,D024,Panaji Marketing,Distributor,OUT0007,Modern Trade,SP024_Sneha,Beverages,FreshSip Cola 250ml,53.37,18,960.66,10,96.07,864.59,925.94,Delivered,0,0.0,Direct,Cash
ORD102960,2024-07-15,Jul-2024,South,Karnataka,Mysuru,D017,Mysuru Enterprises,Distributor,OUT0101,Convenience Store,SP019_Deepak,Home Care,SparkleShine Dishwash 500ml,228.8,9,2059.2,0,0.0,2059.2,2187.44,Returned,1,228.8,Indirect,Cash
ORD100315,2024-07-15,Jul-2024,Central,Chhattisgarh,Raipur,D022,Raipur Agencies,Super Stockist,OUT0194,Modern Trade,SP004_Sneha,Snacks & Confectionery,CrispBite Chips 50g,308.0,17,5236.0,2,104.72,5131.28,4635.56,Delivered,0,0.0,Indirect,Credit
ORD103193,2024-07-15,Jul-2024,South,Tamil Nadu,Coimbatore,D020,Coimbatore Marketing,Distributor,OUT0196,Wholesale Shop,SP009_Karan,Snacks & Confectionery,ChocoNut Bar 40g,115.09,24,2762.16,0,0.0,2762.16,3263.27,Cancelled,0,0.0,Indirect,Cash
ORD100088,2024-07-15,Jul-2024,South,Karnataka,Bengaluru,D002,Bengaluru Marketing,Distributor,OUT0124,Kirana/General Store,SP037_Sanjay,Beverages,FreshSip Cola 500ml,202.13,38,7680.94,0,0.0,7680.94,8848.86,Delivered,0,0.0,Direct,Credit
ORD102674,2024-07-15,Jul-2024,West,Gujarat,Surat,D027,Surat Agencies,Wholesaler,OUT0158,Modern Trade,SP031_Ravi,Dairy & Food Staples,PureDrop Milk 500ml,289.76,6,1738.56,2,34.77,1703.79,1530.47,Delivered,0,0.0,Indirect,UPI/Online
ORD101495,2024-07-15,Jul-2024,South,Tamil Nadu,Coimbatore,D023,Coimbatore Marketing,Super Stockist,OUT0108,Convenience Store,SP035_Arjun,Dairy & Food Staples,SunRice Basmati 1kg,293.98,28,8231.44,0,0.0,8231.44,8660.01,Delivered,0,0.0,Indirect,Credit
ORD100190,2024-07-16,Jul-2024,South,Tamil Nadu,Coimbatore,D020,Coimbatore Marketing,Distributor,OUT0087,Kirana/General Store,SP034_Kavita,Snacks & Confectionery,SweetPuff Biscuit 100g,119.32,17,2028.44,0,0.0,2028.44,1761.29,Delivered,0,0.0,Indirect,Credit
ORD101279,2024-07-16,Jul-2024,West,Goa,Panaji,D024,Panaji Marketing,Distributor,OUT0073,Wholesale Shop,SP005_Vikram,Snacks & Confectionery,CrispBite Chips 100g,51.6,24,1238.4,8,99.07,1139.33,1284.49,Delivered,0,0.0,Direct,UPI/Online
ORD102841,2024-07-16,Jul-2024,East,Odisha,Bhubaneswar,D007,Bhubaneswar Distribution Co,Super Stockist,OUT0193,Modern Trade,SP011_Ravi,Dairy & Food Staples,PureDrop Milk 500ml,189.68,16,3034.88,12,364.19,2670.69,3051.56,Delivered,0,0.0,Indirect,Credit
ORD103594,2024-07-16,Jul-2024,West,Rajasthan,Jodhpur,D013,Jodhpur Distribution Co,Super Stockist,OUT0163,Convenience Store,SP008_Neha,Home Care,PureAir Freshener 250ml,39.69,53,2103.57,5,105.18,1998.39,1865.83,Delivered,0,0.0,Indirect,UPI/Online
ORD101673,2024-07-16,Jul-2024,South,Karnataka,Bengaluru,D002,Bengaluru Marketing,Distributor,OUT0179,Modern Trade,SP010_Pooja,Beverages,MintCool Soda 300ml,300.09,13,3901.17,10,390.12,3511.05,3436.4,Delivered,0,0.0,Indirect,Credit
ORD103405,2024-07-16,Jul-2024,East,Odisha,Bhubaneswar,D028,Bhubaneswar Distribution Co,Wholesaler,OUT0014,Wholesale Shop,SP013_Manoj,Beverages,FreshSip Cola 500ml,144.31,16,2308.96,5,115.45,2193.51,1981.79,Delivered,0,0.0,Direct,UPI/Online
ORD103130,2024-07-16,Jul-2024,South,Karnataka,Mysuru,D017,Mysuru Enterprises,Distributor,OUT0101,Convenience Store,SP010_Pooja,Dairy & Food Staples,DailyFresh Ghee 500ml,104.22,51,5315.22,0,0.0,5315.22,6596.93,Delivered,0,0.0,Indirect,UPI/Online
ORD101493,2024-07-16,Jul-2024,East,Odisha,Bhubaneswar,D007,Bhubaneswar Distribution Co,Super Stockist,OUT0091,Convenience Store,SP027_Suresh,Personal Care,SilkTouch Lotion 200ml,305.09,24,7322.16,10,732.22,6589.94,6518.08,Delivered,0,0.0,Indirect,UPI/Online
ORD101593,2024-07-16,Jul-2024,West,Goa,Panaji,D024,Panaji Marketing,Distributor,OUT0073,Wholesale Shop,SP036_Meera,Dairy & Food Staples,GoldenGrain Atta 5kg,229.3,14,3210.2,5,160.51,3049.69,3702.11,Delivered,0,0.0,Indirect,Cash
ORD103283,2024-07-16,Jul-2024,North,Delhi,New Delhi,D001,New Delhi Traders,Super Stockist,OUT0097,Modern Trade,SP023_Priya,Snacks & Confectionery,SweetPuff Biscuit 100g,310.38,66,20485.08,0,0.0,20485.08,22279.42,Delivered,0,0.0,Indirect,Credit
ORD103011,2024-07-16,Jul-2024,West,Goa,Panaji,D024,Panaji Marketing,Distributor,OUT0187,Convenience Store,SP028_Neha,Dairy & Food Staples,SunRice Basmati 1kg,29.45,9,265.05,2,5.3,259.75,243.53,Delivered,0,0.0,Indirect,Cash
ORD101333,2024-07-16,Jul-2024,Central,Madhya Pradesh,Jabalpur,D030,Jabalpur Distribution Co,Distributor,OUT0145,Supermarket,SP023_Priya,Snacks & Confectionery,CrispBite Chips 100g,36.26,31,1124.06,2,22.48,1101.58,1076.14,Delivered,0,0.0,Indirect,Credit
ORD102341,2024-07-17,Jul-2024,Central,Madhya Pradesh,Bhopal,D029,Bhopal Distribution Co,Super Stockist,OUT0114,Kirana/General Store,SP005_Vikram,Dairy & Food Staples,GoldenGrain Atta 5kg,72.98,28,2043.44,0,0.0,2043.44,2447.12,Cancelled,0,0.0,Direct,UPI/Online
ORD103356,2024-07-17,Jul-2024,Central,Madhya Pradesh,Bhopal,D029,Bhopal Distribution Co,Super Stockist,OUT0003,Convenience Store,SP036_Meera,Dairy & Food Staples,DailyFresh Ghee 500ml,66.55,57,3793.35,2,75.87,3717.48,4608.72,Delivered,0,0.0,Direct,Cash
ORD102327,2024-07-17,Jul-2024,North,Delhi,New Delhi,D003,New Delhi Traders,Super Stockist,OUT0081,Wholesale Shop,SP004_Sneha,Beverages,FreshSip Cola 500ml,291.38,8,2331.04,2,46.62,2284.42,2376.52,Delivered,0,0.0,Direct,Credit
ORD103215,2024-07-17,Jul-2024,South,Karnataka,Bengaluru,D002,Bengaluru Marketing,Distributor,OUT0075,Kirana/General Store,SP035_Arjun,Beverages,OrangeZest Juice 1L,117.42,37,4344.54,8,347.56,3996.98,4643.11,Returned,10,1174.2,Direct,Credit
ORD103997,2024-07-17,Jul-2024,West,Gujarat,Surat,D027,Surat Agencies,Wholesaler,OUT0058,Kirana/General Store,SP039_Deepak,Beverages,OrangeZest Juice 1L,258.82,9,2329.38,2,46.59,2282.79,2381.09,Delivered,0,0.0,Direct,Cash
ORD101369,2024-07-17,Jul-2024,South,Tamil Nadu,Coimbatore,D020,Coimbatore Marketing,Distributor,OUT0109,Wholesale Shop,SP034_Kavita,Personal Care,FreshBreath Toothpaste 150g,43.05,8,344.4,0,0.0,344.4,301.22,Delivered,0,0.0,Indirect,Cash
ORD102719,2024-07-17,Jul-2024,South,Telangana,Hyderabad,D012,Hyderabad Traders,Super Stockist,OUT0166,Wholesale Shop,SP023_Priya,Beverages,OrangeZest Juice 1L,228.79,15,3431.85,5,171.59,3260.26,3723.91,Cancelled,0,0.0,Direct,Cash
ORD100356,2024-07-17,Jul-2024,South,Tamil Nadu,Coimbatore,D023,Coimbatore Marketing,Super Stockist,OUT0108,Convenience Store,SP012_Divya,Dairy & Food Staples,GoldenGrain Atta 5kg,215.76,12,2589.12,0,0.0,2589.12,2448.8,Delivered,0,0.0,Indirect,Credit
ORD103982,2024-07-17,Jul-2024,North,Uttar Pradesh,Lucknow,D008,Lucknow Distribution Co,Distributor,OUT0085,Wholesale Shop,SP018_Rina,Home Care,ShineFloor Cleaner 1L,337.3,27,9107.1,10,910.71,8196.39,8999.18,Delivered,0,0.0,Direct,Credit
ORD100784,2024-07-17,Jul-2024,Central,Chhattisgarh,Raipur,D021,Raipur Traders,Super Stockist,OUT0126,Convenience Store,SP003_Priya,Home Care,SparkleShine Dishwash 500ml,68.56,16,1096.96,0,0.0,1096.96,986.5,Delivered,0,0.0,Direct,Cash
ORD103946,2024-07-17,Jul-2024,South,Tamil Nadu,Coimbatore,D023,Coimbatore Marketing,Super Stockist,OUT0018,Convenience Store,SP011_Ravi,Home Care,PureAir Freshener 250ml,191.19,5,955.95,8,76.48,879.47,918.99,Delivered,0,0.0,Indirect,Credit
ORD100726,2024-07-17,Jul-2024,North,Uttar Pradesh,Lucknow,D008,Lucknow Distribution Co,Distributor,OUT0049,Supermarket,SP040_Shreya,Dairy & Food Staples,SunRice Basmati 1kg,203.19,7,1422.33,0,0.0,1422.33,1306.74,Delivered,0,0.0,Indirect,Cash
ORD103427,2024-07-17,Jul-2024,West,Rajasthan,Jodhpur,D013,Jodhpur Distribution Co,Super Stockist,OUT0019,Convenience Store,SP013_Manoj,Beverages,MintCool Soda 300ml,228.07,38,8666.66,5,433.33,8233.33,9004.75,Delivered,0,0.0,Indirect,Cash
ORD100440,2024-07-17,Jul-2024,Central,Chhattisgarh,Raipur,D005,Raipur Enterprises,Wholesaler,OUT0070,Supermarket,SP002_Amit,Snacks & Confectionery,CrispBite Chips 50g,68.61,11,754.71,2,15.09,739.62,776.78,Delivered,0,0.0,Direct,Cash
ORD102278,2024-07-17,Jul-2024,Central,Madhya Pradesh,Jabalpur,D030,Jabalpur Distribution Co,Distributor,OUT0096,Kirana/General Store,SP031_Ravi,Snacks & Confectionery,ChocoNut Bar 40g,121.2,23,2787.6,2,55.75,2731.85,2676.75,Delivered,0,0.0,Indirect,UPI/Online
ORD100790,2024-07-17,Jul-2024,West,Gujarat,Surat,D027,Surat Agencies,Wholesaler,OUT0133,Convenience Store,SP020_Shreya,Beverages,FreshSip Cola 500ml,337.31,15,5059.65,10,505.96,4553.69,5258.92,Delivered,0,0.0,Direct,Credit
ORD102146,2024-07-17,Jul-2024,Central,Chhattisgarh,Raipur,D009,Raipur Enterprises,Wholesaler,OUT0066,Modern Trade,SP020_Shreya,Snacks & Confectionery,ChocoNut Bar 40g,282.79,28,7918.12,5,395.91,7522.21,9239.49,Delivered,0,0.0,Indirect,Credit
ORD102739,2024-07-17,Jul-2024,South,Karnataka,Mysuru,D017,Mysuru Enterprises,Distributor,OUT0079,Kirana/General Store,SP005_Vikram,Snacks & Confectionery,CrispBite Chips 100g,221.87,11,2440.57,8,195.25,2245.32,2504.38,Delivered,0,0.0,Indirect,Credit
ORD100561,2024-07-17,Jul-2024,Central,Madhya Pradesh,Jabalpur,D004,Jabalpur Traders,Wholesaler,OUT0169,Convenience Store,SP027_Suresh,Dairy & Food Staples,DailyFresh Ghee 500ml,329.53,16,5272.48,2,105.45,5167.03,4827.65,Delivered,0,0.0,Indirect,Credit
ORD100015,2024-07-18,Jul-2024,South,Tamil Nadu,Coimbatore,D023,Coimbatore Marketing,Super Stockist,OUT0108,Convenience Store,SP028_Neha,Dairy & Food Staples,GoldenGrain Atta 5kg,182.95,21,3841.95,2,76.84,3765.11,3362.83,Delivered,0,0.0,Indirect,Credit
ORD103950,2024-07-18,Jul-2024,West,Rajasthan,Jodhpur,D013,Jodhpur Distribution Co,Super Stockist,OUT0155,Kirana/General Store,SP024_Sneha,Personal Care,ShinyLocks Shampoo 200ml,343.83,24,8251.92,5,412.6,7839.32,7069.76,Delivered,0,0.0,Indirect,Cash
ORD101039,2024-07-18,Jul-2024,West,Rajasthan,Jodhpur,D013,Jodhpur Distribution Co,Super Stockist,OUT0083,Kirana/General Store,SP014_Kavita,Dairy & Food Staples,PureDrop Milk 500ml,146.59,18,2638.62,5,131.93,2506.69,2430.41,Delivered,0,0.0,Indirect,Cash
ORD102646,2024-07-18,Jul-2024,West,Gujarat,Surat,D027,Surat Agencies,Wholesaler,OUT0123,Convenience Store,SP018_Rina,Snacks & Confectionery,CrispBite Chips 100g,182.79,15,2741.85,12,329.02,2412.83,2396.94,Returned,1,182.79,Indirect,Credit
ORD103257,2024-07-18,Jul-2024,North,Uttar Pradesh,Lucknow,D010,Lucknow Marketing,Distributor,OUT0071,Supermarket,SP040_Shreya,Dairy & Food Staples,DailyFresh Ghee 500ml,115.6,32,3699.2,2,73.98,3625.22,3786.15,Delivered,0,0.0,Indirect,UPI/Online
ORD102044,2024-07-18,Jul-2024,West,Goa,Panaji,D019,Panaji Traders,Distributor,OUT0134,Wholesale Shop,SP020_Shreya,Home Care,ShineFloor Cleaner 1L,109.34,14,1530.76,5,76.54,1454.22,1323.13,Delivered,0,0.0,Indirect,Cash
ORD100321,2024-07-18,Jul-2024,North,Delhi,New Delhi,D003,New Delhi Traders,Super Stockist,OUT0082,Supermarket,SP029_Karan,Personal Care,GlowSoft Soap 100g,195.7,6,1174.2,0,0.0,1174.2,1450.56,Delivered,0,0.0,Direct,Credit
ORD101411,2024-07-18,Jul-2024,West,Goa,Panaji,D024,Panaji Marketing,Distributor,OUT0047,Convenience Store,SP017_Sanjay,Personal Care,SilkTouch Lotion 200ml,33.82,9,304.38,5,15.22,289.16,251.47,Cancelled,0,0.0,Indirect,Cash
ORD101696,2024-07-18,Jul-2024,Central,Madhya Pradesh,Jabalpur,D030,Jabalpur Distribution Co,Distributor,OUT0181,Wholesale Shop,SP035_Arjun,Personal Care,GlowSoft Soap 100g,203.18,13,2641.34,2,52.83,2588.51,2659.9,Returned,2,406.36,Indirect,Cash
ORD103838,2024-07-18,Jul-2024,South,Karnataka,Bengaluru,D002,Bengaluru Marketing,Distributor,OUT0046,Modern Trade,SP023_Priya,Beverages,OrangeZest Juice 1L,231.06,32,7393.92,0,0.0,7393.92,9224.87,Delivered,0,0.0,Indirect,UPI/Online
ORD100712,2024-07-18,Jul-2024,East,Bihar,Patna,D014,Patna Distribution Co,Wholesaler,OUT0175,Wholesale Shop,SP003_Priya,Personal Care,FreshBreath Toothpaste 150g,79.69,15,1195.35,2,23.91,1171.44,1385.87,Delivered,0,0.0,Direct,UPI/Online
ORD101378,2024-07-19,Jul-2024,South,Karnataka,Mysuru,D017,Mysuru Enterprises,Distributor,OUT0101,Convenience Store,SP036_Meera,Beverages,OrangeZest Juice 1L,31.48,7,220.36,8,17.63,202.73,221.5,Delivered,0,0.0,Direct,Cash
ORD101668,2024-07-19,Jul-2024,East,Bihar,Patna,D014,Patna Distribution Co,Wholesaler,OUT0015,Supermarket,SP016_Meera,Beverages,OrangeZest Juice 1L,295.54,7,2068.78,0,0.0,2068.78,2176.4,Delivered,0,0.0,Indirect,Cash
ORD103693,2024-07-19,Jul-2024,Central,Chhattisgarh,Raipur,D005,Raipur Enterprises,Wholesaler,OUT0011,Modern Trade,SP023_Priya,Beverages,MintCool Soda 300ml,39.22,16,627.52,8,50.2,577.32,507.51,Delivered,0,0.0,Direct,Credit
ORD101127,2024-07-19,Jul-2024,East,Odisha,Bhubaneswar,D028,Bhubaneswar Distribution Co,Wholesaler,OUT0014,Wholesale Shop,SP028_Neha,Personal Care,GlowSoft Soap 100g,260.74,39,10168.86,10,1016.89,9151.97,9574.6,Delivered,0,0.0,Direct,UPI/Online
ORD100597,2024-07-19,Jul-2024,East,Odisha,Bhubaneswar,D007,Bhubaneswar Distribution Co,Super Stockist,OUT0140,Supermarket,SP024_Sneha,Personal Care,ShinyLocks Shampoo 200ml,175.42,26,4560.92,8,364.87,4196.05,4536.59,Delivered,0,0.0,Direct,UPI/Online
ORD101220,2024-07-19,Jul-2024,East,Odisha,Bhubaneswar,D007,Bhubaneswar Distribution Co,Super Stockist,OUT0050,Wholesale Shop,SP015_Arjun,Personal Care,GlowSoft Soap 100g,127.79,15,1916.85,2,38.34,1878.51,1926.07,Delivered,0,0.0,Indirect,Cash
ORD103558,2024-07-19,Jul-2024,Central,Chhattisgarh,Raipur,D022,Raipur Agencies,Super Stockist,OUT0186,Kirana/General Store,SP039_Deepak,Personal Care,ShinyLocks Shampoo 200ml,50.24,58,2913.92,0,0.0,2913.92,3192.51,Delivered,0,0.0,Direct,UPI/Online
ORD102412,2024-07-19,Jul-2024,East,Odisha,Bhubaneswar,D007,Bhubaneswar Distribution Co,Super Stockist,OUT0050,Wholesale Shop,SP025_Vikram,Personal Care,GlowSoft Soap 100g,267.27,25,6681.75,0,0.0,6681.75,7079.18,Delivered,0,0.0,Direct,Credit
ORD101626,2024-07-19,Jul-2024,South,Karnataka,Mysuru,D017,Mysuru Enterprises,Distributor,OUT0101,Convenience Store,SP018_Rina,Beverages,FreshSip Cola 500ml,231.22,42,9711.24,0,0.0,9711.24,10703.34,Delivered,0,0.0,Indirect,UPI/Online
ORD103265,2024-07-19,Jul-2024,West,Goa,Panaji,D019,Panaji Traders,Distributor,OUT0134,Wholesale Shop,SP002_Amit,Beverages,FreshSip Cola 250ml,155.1,16,2481.6,0,0.0,2481.6,2248.04,Delivered,0,0.0,Direct,Cash
ORD102997,2024-07-19,Jul-2024,North,Punjab,Ludhiana,D015,Ludhiana Traders,Distributor,OUT0051,Supermarket,SP001_Rahul,Personal Care,ShinyLocks Shampoo 200ml,33.26,30,997.8,10,99.78,898.02,1080.19,Returned,4,133.04,Indirect,Credit
ORD100453,2024-07-19,Jul-2024,North,Punjab,Amritsar,D018,Amritsar Traders,Wholesaler,OUT0198,Kirana/General Store,SP040_Shreya,Dairy & Food Staples,PureDrop Milk 500ml,137.85,7,964.95,0,0.0,964.95,958.61,Delivered,0,0.0,Direct,Credit
ORD101789,2024-07-19,Jul-2024,Central,Madhya Pradesh,Bhopal,D029,Bhopal Distribution Co,Super Stockist,OUT0114,Kirana/General Store,SP018_Rina,Home Care,ShineFloor Cleaner 1L,251.87,46,11586.02,0,0.0,11586.02,10713.58,Delivered,0,0.0,Direct,Cash
ORD103539,2024-07-19,Jul-2024,West,Goa,Panaji,D024,Panaji Marketing,Distributor,OUT0073,Wholesale Shop,SP021_Rahul,Snacks & Confectionery,ChocoNut Bar 40g,181.31,14,2538.34,8,203.07,2335.27,2895.49,Delivered,0,0.0,Direct,UPI/Online
ORD100895,2024-07-20,Jul-2024,South,Karnataka,Bengaluru,D002,Bengaluru Marketing,Distributor,OUT0046,Modern Trade,SP014_Kavita,Home Care,CleanWave Detergent 1kg,122.85,13,1597.05,2,31.94,1565.11,1552.77,Delivered,0,0.0,Direct,Credit
ORD103206,2024-07-20,Jul-2024,Central,Madhya Pradesh,Bhopal,D029,Bhopal Distribution Co,Super Stockist,OUT0003,Convenience Store,SP011_Ravi,Personal Care,ShinyLocks Shampoo 200ml,184.04,14,2576.56,5,128.83,2447.73,2130.86,Delivered,0,0.0,Direct,Cash
ORD102718,2024-07-20,Jul-2024,Central,Madhya Pradesh,Jabalpur,D030,Jabalpur Distribution Co,Distributor,OUT0016,Wholesale Shop,SP016_Meera,Beverages,FreshSip Cola 500ml,96.34,23,2215.82,0,0.0,2215.82,2636.48,Pending,0,0.0,Direct,Credit
ORD102153,2024-07-20,Jul-2024,West,Goa,Panaji,D019,Panaji Traders,Distributor,OUT0037,Modern Trade,SP020_Shreya,Home Care,CleanWave Detergent 1kg,134.52,45,6053.4,8,484.27,5569.13,5154.59,Delivered,0,0.0,Indirect,Credit
ORD102669,2024-07-20,Jul-2024,South,Karnataka,Mysuru,D017,Mysuru Enterprises,Distributor,OUT0079,Kirana/General Store,SP021_Rahul,Beverages,OrangeZest Juice 1L,309.81,23,7125.63,12,855.08,6270.55,6172.64,Delivered,0,0.0,Direct,Cash
ORD103386,2024-07-20,Jul-2024,Central,Chhattisgarh,Raipur,D005,Raipur Enterprises,Wholesaler,OUT0116,Convenience Store,SP025_Vikram,Beverages,MintCool Soda 300ml,188.96,19,3590.24,0,0.0,3590.24,3771.29,Delivered,0,0.0,Indirect,UPI/Online
ORD101680,2024-07-20,Jul-2024,South,Tamil Nadu,Coimbatore,D023,Coimbatore Marketing,Super Stockist,OUT0018,Convenience Store,SP012_Divya,Home Care,ShineFloor Cleaner 1L,314.4,24,7545.6,0,0.0,7545.6,8111.99,Delivered,0,0.0,Indirect,UPI/Online
ORD101379,2024-07-20,Jul-2024,North,Punjab,Amritsar,D018,Amritsar Traders,Wholesaler,OUT0025,Supermarket,SP004_Sneha,Snacks & Confectionery,ChocoNut Bar 40g,219.41,14,3071.74,2,61.43,3010.31,2877.9,Delivered,0,0.0,Indirect,UPI/Online
ORD103900,2024-07-20,Jul-2024,Central,Madhya Pradesh,Bhopal,D029,Bhopal Distribution Co,Super Stockist,OUT0112,Supermarket,SP038_Rina,Personal Care,ShinyLocks Shampoo 200ml,93.67,28,2622.76,0,0.0,2622.76,2692.01,Delivered,0,0.0,Direct,UPI/Online
ORD101067,2024-07-20,Jul-2024,Central,Chhattisgarh,Raipur,D009,Raipur Enterprises,Wholesaler,OUT0066,Modern Trade,SP020_Shreya,Personal Care,GlowSoft Soap 100g,63.0,26,1638.0,8,131.04,1506.96,1319.04,Delivered,0,0.0,Indirect,Cash
ORD102927,2024-07-20,Jul-2024,West,Rajasthan,Jodhpur,D013,Jodhpur Distribution Co,Super Stockist,OUT0093,Supermarket,SP026_Anjali,Home Care,PureAir Freshener 250ml,283.32,25,7083.0,0,0.0,7083.0,8522.7,Delivered,0,0.0,Direct,Credit
ORD101585,2024-07-20,Jul-2024,North,Delhi,New Delhi,D001,New Delhi Traders,Super Stockist,OUT0027,Kirana/General Store,SP032_Divya,Dairy & Food Staples,DailyFresh Ghee 500ml,195.53,20,3910.6,8,312.85,3597.75,4242.79,Cancelled,0,0.0,Direct,Cash
ORD103456,2024-07-20,Jul-2024,Central,Chhattisgarh,Raipur,D026,Raipur Agencies,Distributor,OUT0152,Supermarket,SP016_Meera,Snacks & Confectionery,CrispBite Chips 100g,168.15,46,7734.9,2,154.7,7580.2,8029.13,Returned,1,168.15,Indirect,Credit
ORD102952,2024-07-20,Jul-2024,Central,Chhattisgarh,Raipur,D021,Raipur Traders,Super Stockist,OUT0126,Convenience Store,SP022_Amit,Home Care,ShineFloor Cleaner 1L,181.77,19,3453.63,12,414.44,3039.19,3300.82,Delivered,0,0.0,Indirect,Cash
ORD103499,2024-07-20,Jul-2024,North,Delhi,New Delhi,D003,New Delhi Traders,Super Stockist,OUT0081,Wholesale Shop,SP010_Pooja,Dairy & Food Staples,GoldenGrain Atta 5kg,73.65,19,1399.35,5,69.97,1329.38,1281.04,Delivered,0,0.0,Indirect,Cash
ORD101991,2024-07-21,Jul-2024,Central,Chhattisgarh,Raipur,D011,Raipur Agencies,Super Stockist,OUT0125,Supermarket,SP024_Sneha,Beverages,FreshSip Cola 250ml,281.64,10,2816.4,2,56.33,2760.07,2406.27,Delivered,0,0.0,Indirect,UPI/Online
ORD102554,2024-07-21,Jul-2024,West,Goa,Panaji,D024,Panaji Marketing,Distributor,OUT0187,Convenience Store,SP007_Suresh,Snacks & Confectionery,CrispBite Chips 100g,44.42,21,932.82,12,111.94,820.88,985.36,Pending,0,0.0,Indirect,Cash
ORD101899,2024-07-21,Jul-2024,East,West Bengal,Kolkata,D006,Kolkata Enterprises,Distributor,OUT0064,Modern Trade,SP010_Pooja,Snacks & Confectionery,CrispBite Chips 50g,308.44,27,8327.88,0,0.0,8327.88,8064.8,Returned,9,2775.96,Direct,UPI/Online
ORD102226,2024-07-21,Jul-2024,South,Karnataka,Bengaluru,D002,Bengaluru Marketing,Distributor,OUT0046,Modern Trade,SP037_Sanjay,Personal Care,GlowSoft Soap 100g,320.87,33,10588.71,8,847.1,9741.61,9093.76,Delivered,0,0.0,Indirect,Credit
ORD103075,2024-07-21,Jul-2024,South,Karnataka,Mysuru,D017,Mysuru Enterprises,Distributor,OUT0079,Kirana/General Store,SP037_Sanjay,Personal Care,SilkTouch Lotion 200ml,349.09,30,10472.7,0,0.0,10472.7,10570.56,Delivered,0,0.0,Indirect,Credit
ORD102308,2024-07-21,Jul-2024,West,Gujarat,Surat,D027,Surat Agencies,Wholesaler,OUT0008,Kirana/General Store,SP015_Arjun,Snacks & Confectionery,ChocoNut Bar 40g,292.7,44,12878.8,0,0.0,12878.8,14934.57,Delivered,0,0.0,Direct,UPI/Online
ORD100700,2024-07-21,Jul-2024,East,West Bengal,Kolkata,D006,Kolkata Enterprises,Distributor,OUT0064,Modern Trade,SP017_Sanjay,Snacks & Confectionery,SweetPuff Biscuit 100g,73.91,16,1182.56,0,0.0,1182.56,1247.23,Delivered,0,0.0,Indirect,Cash
ORD100349,2024-07-21,Jul-2024,West,Gujarat,Surat,D027,Surat Agencies,Wholesaler,OUT0008,Kirana/General Store,SP025_Vikram,Dairy & Food Staples,GoldenGrain Atta 5kg,105.89,26,2753.14,0,0.0,2753.14,2847.14,Delivered,0,0.0,Indirect,Credit
ORD102820,2024-07-21,Jul-2024,North,Uttar Pradesh,Lucknow,D008,Lucknow Distribution Co,Distributor,OUT0054,Kirana/General Store,SP009_Karan,Home Care,PureAir Freshener 250ml,27.62,14,386.68,8,30.93,355.75,308.94,Delivered,0,0.0,Direct,UPI/Online
ORD103699,2024-07-22,Jul-2024,Central,Madhya Pradesh,Bhopal,D029,Bhopal Distribution Co,Super Stockist,OUT0104,Supermarket,SP024_Sneha,Snacks & Confectionery,CrispBite Chips 100g,70.57,10,705.7,5,35.28,670.42,762.13,Delivered,0,0.0,Indirect,UPI/Online
ORD101842,2024-07-22,Jul-2024,North,Punjab,Amritsar,D018,Amritsar Traders,Wholesaler,OUT0012,Supermarket,SP002_Amit,Personal Care,FreshBreath Toothpaste 150g,291.14,31,9025.34,8,722.03,8303.31,7900.42,Delivered,0,0.0,Indirect,UPI/Online
ORD100668,2024-07-22,Jul-2024,Central,Chhattisgarh,Raipur,D021,Raipur Traders,Super Stockist,OUT0057,Wholesale Shop,SP031_Ravi,Dairy & Food Staples,GoldenGrain Atta 5kg,166.55,39,6495.45,5,324.77,6170.68,6052.06,Delivered,0,0.0,Direct,Credit
ORD101518,2024-07-22,Jul-2024,North,Punjab,Amritsar,D018,Amritsar Traders,Wholesaler,OUT0129,Kirana/General Store,SP023_Priya,Snacks & Confectionery,ChocoNut Bar 40g,144.73,12,1736.76,0,0.0,1736.76,1854.53,Delivered,0,0.0,Indirect,UPI/Online
ORD102076,2024-07-22,Jul-2024,East,Odisha,Bhubaneswar,D007,Bhubaneswar Distribution Co,Super Stockist,OUT0035,Wholesale Shop,SP019_Deepak,Home Care,CleanWave Detergent 1kg,78.43,27,2117.61,10,211.76,1905.85,2381.43,Delivered,0,0.0,Indirect,UPI/Online
ORD103477,2024-07-22,Jul-2024,Central,Chhattisgarh,Raipur,D022,Raipur Agencies,Super Stockist,OUT0194,Modern Trade,SP040_Shreya,Personal Care,FreshBreath Toothpaste 150g,213.47,33,7044.51,5,352.23,6692.28,7646.04,Delivered,0,0.0,Direct,Credit
ORD102074,2024-07-22,Jul-2024,South,Telangana,Hyderabad,D012,Hyderabad Traders,Super Stockist,OUT0159,Convenience Store,SP039_Deepak,Beverages,FreshSip Cola 500ml,33.98,28,951.44,5,47.57,903.87,922.92,Pending,0,0.0,Direct,UPI/Online
ORD101338,2024-07-22,Jul-2024,Central,Madhya Pradesh,Jabalpur,D030,Jabalpur Distribution Co,Distributor,OUT0181,Wholesale Shop,SP028_Neha,Dairy & Food Staples,PureDrop Milk 500ml,238.76,17,4058.92,12,487.07,3571.85,3886.24,Delivered,0,0.0,Indirect,Cash
ORD100317,2024-07-22,Jul-2024,North,Uttar Pradesh,Lucknow,D010,Lucknow Marketing,Distributor,OUT0199,Convenience Store,SP032_Divya,Personal Care,GlowSoft Soap 100g,272.62,27,7360.74,8,588.86,6771.88,8347.33,Delivered,0,0.0,Indirect,Credit
ORD102031,2024-07-22,Jul-2024,West,Rajasthan,Jodhpur,D013,Jodhpur Distribution Co,Super Stockist,OUT0083,Kirana/General Store,SP013_Manoj,Beverages,MintCool Soda 300ml,90.4,12,1084.8,2,21.7,1063.1,1227.53,Delivered,0,0.0,Indirect,Credit
ORD100741,2024-07-22,Jul-2024,North,Delhi,New Delhi,D001,New Delhi Traders,Super Stockist,OUT0001,Kirana/General Store,SP009_Karan,Beverages,OrangeZest Juice 1L,185.19,28,5185.32,2,103.71,5081.61,4953.68,Delivered,0,0.0,Indirect,UPI/Online
ORD103424,2024-07-22,Jul-2024,Central,Chhattisgarh,Raipur,D009,Raipur Enterprises,Wholesaler,OUT0171,Kirana/General Store,SP023_Priya,Home Care,CleanWave Detergent 1kg,90.41,9,813.69,10,81.37,732.32,628.1,Delivered,0,0.0,Direct,Credit
ORD103251,2024-07-22,Jul-2024,Central,Chhattisgarh,Raipur,D026,Raipur Agencies,Distributor,OUT0151,Modern Trade,SP009_Karan,Beverages,OrangeZest Juice 1L,62.37,27,1683.99,0,0.0,1683.99,1511.23,Returned,4,249.48,Direct,Credit
ORD100199,2024-07-22,Jul-2024,North,Delhi,New Delhi,D003,New Delhi Traders,Super Stockist,OUT0081,Wholesale Shop,SP012_Divya,Personal Care,ShinyLocks Shampoo 200ml,30.73,33,1014.09,5,50.7,963.39,1004.44,Delivered,0,0.0,Indirect,Cash
ORD103915,2024-07-22,Jul-2024,Central,Chhattisgarh,Raipur,D026,Raipur Agencies,Distributor,OUT0048,Kirana/General Store,SP038_Rina,Personal Care,FreshBreath Toothpaste 150g,212.68,23,4891.64,2,97.83,4793.81,5033.51,Delivered,0,0.0,Indirect,UPI/Online
ORD100005,2024-07-23,Jul-2024,Central,Madhya Pradesh,Bhopal,D029,Bhopal Distribution Co,Super Stockist,OUT0063,Kirana/General Store,SP028_Neha,Snacks & Confectionery,CrispBite Chips 50g,333.13,27,8994.51,8,719.56,8274.95,7357.0,Delivered,0,0.0,Indirect,Cash
ORD101880,2024-07-23,Jul-2024,North,Punjab,Amritsar,D018,Amritsar Traders,Wholesaler,OUT0198,Kirana/General Store,SP028_Neha,Personal Care,FreshBreath Toothpaste 150g,80.35,57,4579.95,10,458.0,4121.95,4289.79,Delivered,0,0.0,Indirect,UPI/Online
ORD101818,2024-07-23,Jul-2024,Central,Madhya Pradesh,Bhopal,D029,Bhopal Distribution Co,Super Stockist,OUT0003,Convenience Store,SP018_Rina,Personal Care,GlowSoft Soap 100g,52.59,80,4207.2,0,0.0,4207.2,4208.39,Cancelled,0,0.0,Indirect,Credit
ORD101105,2024-07-23,Jul-2024,North,Delhi,New Delhi,D003,New Delhi Traders,Super Stockist,OUT0023,Convenience Store,SP019_Deepak,Beverages,FreshSip Cola 500ml,91.07,27,2458.89,0,0.0,2458.89,2985.91,Delivered,0,0.0,Direct,Credit
ORD103628,2024-07-23,Jul-2024,Central,Madhya Pradesh,Bhopal,D029,Bhopal Distribution Co,Super Stockist,OUT0143,Modern Trade,SP040_Shreya,Dairy & Food Staples,SunRice Basmati 1kg,55.68,49,2728.32,8,218.27,2510.05,2570.91,Delivered,0,0.0,Indirect,Credit
ORD102064,2024-07-23,Jul-2024,North,Uttar Pradesh,Lucknow,D008,Lucknow Distribution Co,Distributor,OUT0161,Kirana/General Store,SP002_Amit,Home Care,CleanWave Detergent 1kg,291.87,17,4961.79,5,248.09,4713.7,4955.55,Delivered,0,0.0,Direct,Cash
ORD103808,2024-07-23,Jul-2024,North,Punjab,Ludhiana,D015,Ludhiana Traders,Distributor,OUT0021,Kirana/General Store,SP007_Suresh,Snacks & Confectionery,CrispBite Chips 100g,337.65,41,13843.65,10,1384.36,12459.29,12473.57,Delivered,0,0.0,Indirect,UPI/Online
ORD103207,2024-07-23,Jul-2024,Central,Chhattisgarh,Raipur,D005,Raipur Enterprises,Wholesaler,OUT0036,Wholesale Shop,SP036_Meera,Home Care,CleanWave Detergent 1kg,220.69,15,3310.35,5,165.52,3144.83,3686.93,Delivered,0,0.0,Direct,Credit
ORD100754,2024-07-23,Jul-2024,South,Tamil Nadu,Coimbatore,D023,Coimbatore Marketing,Super Stockist,OUT0068,Wholesale Shop,SP009_Karan,Beverages,MintCool Soda 300ml,279.07,29,8093.03,2,161.86,7931.17,7555.7,Delivered,0,0.0,Indirect,UPI/Online
ORD102809,2024-07-24,Jul-2024,Central,Madhya Pradesh,Jabalpur,D025,Jabalpur Agencies,Wholesaler,OUT0017,Supermarket,SP005_Vikram,Home Care,ShineFloor Cleaner 1L,26.18,38,994.84,5,49.74,945.1,1061.33,Delivered,0,0.0,Indirect,UPI/Online
ORD101510,2024-07-24,Jul-2024,South,Telangana,Hyderabad,D012,Hyderabad Traders,Super Stockist,OUT0159,Convenience Store,SP036_Meera,Beverages,FreshSip Cola 500ml,68.3,27,1844.1,2,36.88,1807.22,2015.52,Pending,0,0.0,Direct,UPI/Online
ORD101307,2024-07-24,Jul-2024,Central,Chhattisgarh,Raipur,D011,Raipur Agencies,Super Stockist,OUT0168,Kirana/General Store,SP015_Arjun,Personal Care,GlowSoft Soap 100g,150.35,15,2255.25,0,0.0,2255.25,2202.64,Delivered,0,0.0,Direct,Credit
ORD100537,2024-07-24,Jul-2024,Central,Madhya Pradesh,Bhopal,D029,Bhopal Distribution Co,Super Stockist,OUT0103,Kirana/General Store,SP031_Ravi,Home Care,PureAir Freshener 250ml,249.23,21,5233.83,5,261.69,4972.14,5542.88,Delivered,0,0.0,Indirect,UPI/Online
ORD102811,2024-07-24,Jul-2024,East,Odisha,Bhubaneswar,D007,Bhubaneswar Distribution Co,Super Stockist,OUT0119,Convenience Store,SP029_Karan,Dairy & Food Staples,GoldenGrain Atta 5kg,252.86,25,6321.5,0,0.0,6321.5,7149.74,Pending,0,0.0,Direct,Cash
ORD101429,2024-07-24,Jul-2024,East,Odisha,Bhubaneswar,D007,Bhubaneswar Distribution Co,Super Stockist,OUT0091,Convenience Store,SP006_Anjali,Beverages,FreshSip Cola 250ml,327.17,18,5889.06,5,294.45,5594.61,6599.61,Delivered,0,0.0,Indirect,Cash
ORD103160,2024-07-24,Jul-2024,South,Karnataka,Mysuru,D017,Mysuru Enterprises,Distributor,OUT0077,Wholesale Shop,SP034_Kavita,Beverages,FreshSip Cola 250ml,210.0,20,4200.0,5,210.0,3990.0,3575.73,Delivered,0,0.0,Indirect,Cash
ORD103580,2024-07-24,Jul-2024,East,Bihar,Patna,D014,Patna Distribution Co,Wholesaler,OUT0175,Wholesale Shop,SP012_Divya,Home Care,CleanWave Detergent 1kg,170.69,22,3755.18,2,75.1,3680.08,4177.34,Cancelled,0,0.0,Indirect,Cash
ORD100337,2024-07-24,Jul-2024,North,Uttar Pradesh,Lucknow,D010,Lucknow Marketing,Distributor,OUT0137,Convenience Store,SP035_Arjun,Dairy & Food Staples,SunRice Basmati 1kg,165.31,14,2314.34,8,185.15,2129.19,2633.49,Delivered,0,0.0,Indirect,Credit
ORD102806,2024-07-24,Jul-2024,South,Tamil Nadu,Coimbatore,D020,Coimbatore Marketing,Distributor,OUT0086,Kirana/General Store,SP020_Shreya,Beverages,FreshSip Cola 500ml,295.59,44,13005.96,5,650.3,12355.66,15043.93,Delivered,0,0.0,Direct,Credit
ORD101073,2024-07-24,Jul-2024,East,Bihar,Patna,D014,Patna Distribution Co,Wholesaler,OUT0052,Supermarket,SP011_Ravi,Personal Care,FreshBreath Toothpaste 150g,289.93,6,1739.58,2,34.79,1704.79,2065.03,Delivered,0,0.0,Indirect,Cash
ORD102123,2024-07-24,Jul-2024,North,Punjab,Amritsar,D018,Amritsar Traders,Wholesaler,OUT0012,Supermarket,SP017_Sanjay,Snacks & Confectionery,CrispBite Chips 100g,106.08,11,1166.88,2,23.34,1143.54,1117.59,Delivered,0,0.0,Indirect,UPI/Online
ORD101872,2024-07-24,Jul-2024,Central,Chhattisgarh,Raipur,D026,Raipur Agencies,Distributor,OUT0152,Supermarket,SP039_Deepak,Beverages,FreshSip Cola 500ml,345.03,36,12421.08,0,0.0,12421.08,10770.48,Delivered,0,0.0,Indirect,Credit
ORD102148,2024-07-24,Jul-2024,North,Uttar Pradesh,Lucknow,D008,Lucknow Distribution Co,Distributor,OUT0033,Convenience Store,SP027_Suresh,Personal Care,ShinyLocks Shampoo 200ml,100.31,72,7222.32,10,722.23,6500.09,7764.65,Delivered,0,0.0,Indirect,Credit
ORD102633,2024-07-25,Jul-2024,North,Punjab,Amritsar,D018,Amritsar Traders,Wholesaler,OUT0128,Modern Trade,SP001_Rahul,Snacks & Confectionery,SweetPuff Biscuit 100g,188.21,24,4517.04,10,451.7,4065.34,4444.21,Delivered,0,0.0,Indirect,Cash
ORD103881,2024-07-25,Jul-2024,South,Telangana,Hyderabad,D012,Hyderabad Traders,Super Stockist,OUT0105,Convenience Store,SP017_Sanjay,Home Care,CleanWave Detergent 1kg,80.35,18,1446.3,0,0.0,1446.3,1691.02,Delivered,0,0.0,Direct,Cash
ORD102613,2024-07-25,Jul-2024,South,Tamil Nadu,Coimbatore,D020,Coimbatore Marketing,Distributor,OUT0196,Wholesale Shop,SP002_Amit,Home Care,SparkleShine Dishwash 500ml,238.18,33,7859.94,5,393.0,7466.94,7520.13,Delivered,0,0.0,Indirect,Credit
ORD103181,2024-07-25,Jul-2024,South,Karnataka,Bengaluru,D002,Bengaluru Marketing,Distributor,OUT0046,Modern Trade,SP036_Meera,Home Care,ShineFloor Cleaner 1L,147.19,10,1471.9,0,0.0,1471.9,1314.39,Delivered,0,0.0,Direct,Credit
ORD102110,2024-07-25,Jul-2024,Central,Chhattisgarh,Raipur,D005,Raipur Enterprises,Wholesaler,OUT0011,Modern Trade,SP038_Rina,Personal Care,GlowSoft Soap 100g,27.08,20,541.6,0,0.0,541.6,614.65,Delivered,0,0.0,Indirect,Credit
ORD103621,2024-07-25,Jul-2024,East,Odisha,Bhubaneswar,D007,Bhubaneswar Distribution Co,Super Stockist,OUT0119,Convenience Store,SP009_Karan,Dairy & Food Staples,SunRice Basmati 1kg,247.62,63,15600.06,5,780.0,14820.06,18178.91,Delivered,0,0.0,Direct,Cash
ORD100488,2024-07-25,Jul-2024,East,Odisha,Bhubaneswar,D007,Bhubaneswar Distribution Co,Super Stockist,OUT0035,Wholesale Shop,SP004_Sneha,Dairy & Food Staples,PureDrop Milk 500ml,217.68,48,10448.64,0,0.0,10448.64,9929.94,Returned,6,1306.08,Direct,Cash
ORD101599,2024-07-25,Jul-2024,Central,Madhya Pradesh,Jabalpur,D025,Jabalpur Agencies,Wholesaler,OUT0010,Supermarket,SP005_Vikram,Dairy & Food Staples,PureDrop Milk 500ml,24.65,26,640.9,0,0.0,640.9,611.47,Delivered,0,0.0,Direct,Cash
ORD102898,2024-07-25,Jul-2024,Central,Chhattisgarh,Raipur,D005,Raipur Enterprises,Wholesaler,OUT0036,Wholesale Shop,SP039_Deepak,Home Care,PureAir Freshener 250ml,251.58,32,8050.56,5,402.53,7648.03,9109.18,Pending,0,0.0,Direct,Cash
ORD103712,2024-07-26,Jul-2024,North,Delhi,New Delhi,D001,New Delhi Traders,Super Stockist,OUT0149,Supermarket,SP036_Meera,Snacks & Confectionery,SweetPuff Biscuit 100g,180.91,33,5970.03,5,298.5,5671.53,6599.99,Pending,0,0.0,Direct,Cash
ORD103235,2024-07-26,Jul-2024,Central,Madhya Pradesh,Bhopal,D029,Bhopal Distribution Co,Super Stockist,OUT0030,Kirana/General Store,SP006_Anjali,Dairy & Food Staples,DailyFresh Ghee 500ml,103.26,24,2478.24,0,0.0,2478.24,3087.58,Delivered,0,0.0,Indirect,UPI/Online
ORD103186,2024-07-26,Jul-2024,South,Karnataka,Bengaluru,D002,Bengaluru Marketing,Distributor,OUT0124,Kirana/General Store,SP028_Neha,Home Care,ShineFloor Cleaner 1L,265.55,14,3717.7,5,185.88,3531.82,4301.61,Delivered,0,0.0,Direct,Cash
ORD100858,2024-07-26,Jul-2024,South,Tamil Nadu,Coimbatore,D020,Coimbatore Marketing,Distributor,OUT0098,Wholesale Shop,SP009_Karan,Home Care,SparkleShine Dishwash 500ml,75.82,74,5610.68,2,112.21,5498.47,5806.75,Delivered,0,0.0,Indirect,Credit
ORD103365,2024-07-26,Jul-2024,North,Uttar Pradesh,Lucknow,D010,Lucknow Marketing,Distributor,OUT0111,Kirana/General Store,SP004_Sneha,Home Care,SparkleShine Dishwash 500ml,269.99,4,1079.96,0,0.0,1079.96,1174.57,Delivered,0,0.0,Indirect,Cash
ORD102242,2024-07-26,Jul-2024,Central,Chhattisgarh,Raipur,D009,Raipur Enterprises,Wholesaler,OUT0053,Modern Trade,SP014_Kavita,Snacks & Confectionery,CrispBite Chips 50g,198.87,15,2983.05,0,0.0,2983.05,2611.15,Delivered,0,0.0,Direct,Cash
ORD102829,2024-07-26,Jul-2024,South,Tamil Nadu,Coimbatore,D020,Coimbatore Marketing,Distributor,OUT0098,Wholesale Shop,SP004_Sneha,Snacks & Confectionery,CrispBite Chips 100g,167.92,7,1175.44,12,141.05,1034.39,989.28,Returned,2,335.84,Direct,Credit
ORD100622,2024-07-26,Jul-2024,East,Odisha,Bhubaneswar,D007,Bhubaneswar Distribution Co,Super Stockist,OUT0091,Convenience Store,SP001_Rahul,Personal Care,SilkTouch Lotion 200ml,227.84,47,10708.48,5,535.42,10173.06,11623.72,Delivered,0,0.0,Indirect,UPI/Online
ORD103327,2024-07-27,Jul-2024,North,Uttar Pradesh,Lucknow,D008,Lucknow Distribution Co,Distributor,OUT0029,Kirana/General Store,SP005_Vikram,Home Care,CleanWave Detergent 1kg,124.46,36,4480.56,10,448.06,4032.5,4921.93,Delivered,0,0.0,Indirect,UPI/Online
ORD103170,2024-07-27,Jul-2024,Central,Chhattisgarh,Raipur,D026,Raipur Agencies,Distributor,OUT0151,Modern Trade,SP007_Suresh,Dairy & Food Staples,DailyFresh Ghee 500ml,62.25,19,1182.75,2,23.66,1159.09,1304.9,Delivered,0,0.0,Indirect,UPI/Online
ORD100424,2024-07-27,Jul-2024,East,Odisha,Bhubaneswar,D028,Bhubaneswar Distribution Co,Wholesaler,OUT0031,Convenience Store,SP029_Karan,Dairy & Food Staples,DailyFresh Ghee 500ml,291.32,17,4952.44,2,99.05,4853.39,4544.21,Cancelled,0,0.0,Indirect,Cash
ORD103682,2024-07-27,Jul-2024,Central,Chhattisgarh,Raipur,D022,Raipur Agencies,Super Stockist,OUT0034,Modern Trade,SP025_Vikram,Home Care,SparkleShine Dishwash 500ml,46.79,8,374.32,2,7.49,366.83,354.26,Returned,1,46.79,Direct,UPI/Online
ORD102558,2024-07-27,Jul-2024,Central,Madhya Pradesh,Jabalpur,D025,Jabalpur Agencies,Wholesaler,OUT0009,Wholesale Shop,SP033_Manoj,Beverages,FreshSip Cola 250ml,247.74,37,9166.38,2,183.33,8983.05,9331.37,Delivered,0,0.0,Indirect,UPI/Online
ORD101804,2024-07-27,Jul-2024,South,Tamil Nadu,Coimbatore,D020,Coimbatore Marketing,Distributor,OUT0144,Supermarket,SP033_Manoj,Personal Care,SilkTouch Lotion 200ml,211.09,45,9499.05,0,0.0,9499.05,9266.27,Returned,5,1055.45,Indirect,UPI/Online
ORD102568,2024-07-27,Jul-2024,East,Odisha,Bhubaneswar,D007,Bhubaneswar Distribution Co,Super Stockist,OUT0050,Wholesale Shop,SP039_Deepak,Snacks & Confectionery,CrispBite Chips 100g,206.69,32,6614.08,0,0.0,6614.08,6290.54,Delivered,0,0.0,Indirect,UPI/Online
ORD102593,2024-07-27,Jul-2024,West,Gujarat,Surat,D027,Surat Agencies,Wholesaler,OUT0160,Supermarket,SP008_Neha,Beverages,MintCool Soda 300ml,100.41,11,1104.51,2,22.09,1082.42,1235.71,Delivered,0,0.0,Direct,UPI/Online
ORD102096,2024-07-27,Jul-2024,South,Tamil Nadu,Coimbatore,D020,Coimbatore Marketing,Distributor,OUT0098,Wholesale Shop,SP007_Suresh,Home Care,SparkleShine Dishwash 500ml,269.97,6,1619.82,0,0.0,1619.82,1449.16,Delivered,0,0.0,Indirect,Cash
ORD103028,2024-07-27,Jul-2024,North,Uttar Pradesh,Lucknow,D008,Lucknow Distribution Co,Distributor,OUT0049,Supermarket,SP004_Sneha,Snacks & Confectionery,SweetPuff Biscuit 100g,206.72,23,4754.56,0,0.0,4754.56,4669.6,Delivered,0,0.0,Direct,Credit
ORD101445,2024-07-27,Jul-2024,Central,Chhattisgarh,Raipur,D005,Raipur Enterprises,Wholesaler,OUT0135,Modern Trade,SP031_Ravi,Personal Care,ShinyLocks Shampoo 200ml,190.52,7,1333.64,2,26.67,1306.97,1275.61,Delivered,0,0.0,Direct,Credit
ORD100656,2024-07-27,Jul-2024,Central,Madhya Pradesh,Jabalpur,D004,Jabalpur Traders,Wholesaler,OUT0130,Kirana/General Store,SP008_Neha,Beverages,FreshSip Cola 250ml,105.34,23,2422.82,2,48.46,2374.36,2299.27,Delivered,0,0.0,Indirect,Credit
ORD100104,2024-07-27,Jul-2024,South,Karnataka,Bengaluru,D002,Bengaluru Marketing,Distributor,OUT0072,Wholesale Shop,SP016_Meera,Beverages,OrangeZest Juice 1L,213.66,17,3632.22,0,0.0,3632.22,4025.83,Delivered,0,0.0,Direct,Credit
ORD101188,2024-07-27,Jul-2024,West,Goa,Panaji,D024,Panaji Marketing,Distributor,OUT0174,Convenience Store,SP012_Divya,Snacks & Confectionery,CrispBite Chips 50g,83.84,20,1676.8,0,0.0,1676.8,1854.05,Delivered,0,0.0,Indirect,Credit
ORD103763,2024-07-27,Jul-2024,South,Karnataka,Bengaluru,D002,Bengaluru Marketing,Distributor,OUT0072,Wholesale Shop,SP026_Anjali,Personal Care,SilkTouch Lotion 200ml,68.01,18,1224.18,2,24.48,1199.7,1352.99,Delivered,0,0.0,Indirect,UPI/Online
ORD103287,2024-07-28,Jul-2024,Central,Madhya Pradesh,Jabalpur,D030,Jabalpur Distribution Co,Distributor,OUT0002,Convenience Store,SP006_Anjali,Personal Care,ShinyLocks Shampoo 200ml,112.68,36,4056.48,2,81.13,3975.35,4582.57,Cancelled,0,0.0,Direct,UPI/Online
ORD100157,2024-07-28,Jul-2024,North,Uttar Pradesh,Lucknow,D010,Lucknow Marketing,Distributor,OUT0199,Convenience Store,SP022_Amit,Personal Care,GlowSoft Soap 100g,274.4,8,2195.2,0,0.0,2195.2,2301.0,Delivered,0,0.0,Indirect,UPI/Online
ORD102125,2024-07-28,Jul-2024,West,Rajasthan,Jodhpur,D013,Jodhpur Distribution Co,Super Stockist,OUT0177,Wholesale Shop,SP032_Divya,Beverages,MintCool Soda 300ml,301.4,13,3918.2,10,391.82,3526.38,3892.35,Returned,4,1205.6,Direct,Cash
ORD100360,2024-07-28,Jul-2024,South,Karnataka,Mysuru,D017,Mysuru Enterprises,Distributor,OUT0176,Kirana/General Store,SP032_Divya,Home Care,ShineFloor Cleaner 1L,218.63,63,13773.69,5,688.68,13085.01,12364.99,Delivered,0,0.0,Indirect,Credit
ORD102755,2024-07-28,Jul-2024,Central,Chhattisgarh,Raipur,D005,Raipur Enterprises,Wholesaler,OUT0116,Convenience Store,SP015_Arjun,Beverages,FreshSip Cola 500ml,109.01,16,1744.16,5,87.21,1656.95,2008.31,Delivered,0,0.0,Direct,UPI/Online
ORD102197,2024-07-28,Jul-2024,South,Karnataka,Mysuru,D017,Mysuru Enterprises,Distributor,OUT0120,Modern Trade,SP029_Karan,Home Care,PureAir Freshener 250ml,181.85,3,545.55,5,27.28,518.27,522.55,Returned,1,181.85,Indirect,Credit
ORD100641,2024-07-28,Jul-2024,West,Rajasthan,Jodhpur,D013,Jodhpur Distribution Co,Super Stockist,OUT0093,Supermarket,SP017_Sanjay,Beverages,FreshSip Cola 500ml,38.7,20,774.0,2,15.48,758.52,703.43,Delivered,0,0.0,Indirect,UPI/Online
ORD101788,2024-07-28,Jul-2024,Central,Madhya Pradesh,Jabalpur,D030,Jabalpur Distribution Co,Distributor,OUT0016,Wholesale Shop,SP027_Suresh,Dairy & Food Staples,DailyFresh Ghee 500ml,152.48,7,1067.36,10,106.74,960.62,979.29,Delivered,0,0.0,Direct,Credit
ORD100785,2024-07-28,Jul-2024,South,Tamil Nadu,Coimbatore,D020,Coimbatore Marketing,Distributor,OUT0196,Wholesale Shop,SP013_Manoj,Beverages,OrangeZest Juice 1L,121.53,19,2309.07,0,0.0,2309.07,2152.79,Returned,4,486.12,Direct,UPI/Online
ORD100335,2024-07-28,Jul-2024,East,Bihar,Patna,D014,Patna Distribution Co,Wholesaler,OUT0173,Convenience Store,SP010_Pooja,Home Care,SparkleShine Dishwash 500ml,281.78,35,9862.3,0,0.0,9862.3,8938.05,Returned,11,3099.58,Direct,Credit
ORD102726,2024-07-28,Jul-2024,South,Karnataka,Mysuru,D017,Mysuru Enterprises,Distributor,OUT0120,Modern Trade,SP006_Anjali,Snacks & Confectionery,CrispBite Chips 50g,261.87,15,3928.05,2,78.56,3849.49,4807.49,Delivered,0,0.0,Direct,UPI/Online
ORD101171,2024-07-28,Jul-2024,North,Uttar Pradesh,Lucknow,D008,Lucknow Distribution Co,Distributor,OUT0029,Kirana/General Store,SP008_Neha,Beverages,OrangeZest Juice 1L,209.25,24,5022.0,10,502.2,4519.8,4779.22,Returned,5,1046.25,Direct,Cash
ORD100780,2024-07-29,Jul-2024,East,West Bengal,Kolkata,D006,Kolkata Enterprises,Distributor,OUT0078,Kirana/General Store,SP007_Suresh,Home Care,PureAir Freshener 250ml,146.1,18,2629.8,0,0.0,2629.8,2867.48,Delivered,0,0.0,Direct,Cash
ORD103347,2024-07-29,Jul-2024,North,Delhi,New Delhi,D003,New Delhi Traders,Super Stockist,OUT0082,Supermarket,SP001_Rahul,Personal Care,SilkTouch Lotion 200ml,307.11,38,11670.18,5,583.51,11086.67,10286.13,Delivered,0,0.0,Direct,UPI/Online
ORD103569,2024-07-29,Jul-2024,East,Odisha,Bhubaneswar,D007,Bhubaneswar Distribution Co,Super Stockist,OUT0193,Modern Trade,SP015_Arjun,Home Care,CleanWave Detergent 1kg,242.77,32,7768.64,2,155.37,7613.27,9113.66,Delivered,0,0.0,Direct,Cash
ORD101035,2024-07-29,Jul-2024,Central,Chhattisgarh,Raipur,D011,Raipur Agencies,Super Stockist,OUT0090,Convenience Store,SP020_Shreya,Beverages,FreshSip Cola 500ml,246.41,10,2464.1,0,0.0,2464.1,2149.05,Delivered,0,0.0,Direct,UPI/Online
ORD101165,2024-07-29,Jul-2024,North,Punjab,Ludhiana,D015,Ludhiana Traders,Distributor,OUT0021,Kirana/General Store,SP031_Ravi,Beverages,FreshSip Cola 250ml,298.01,29,8642.29,0,0.0,8642.29,9049.45,Delivered,0,0.0,Indirect,Cash
ORD103620,2024-07-29,Jul-2024,Central,Chhattisgarh,Raipur,D026,Raipur Agencies,Distributor,OUT0039,Modern Trade,SP025_Vikram,Snacks & Confectionery,CrispBite Chips 100g,173.44,17,2948.48,2,58.97,2889.51,2640.37,Cancelled,0,0.0,Direct,Cash
ORD103828,2024-07-29,Jul-2024,North,Delhi,New Delhi,D003,New Delhi Traders,Super Stockist,OUT0122,Modern Trade,SP028_Neha,Dairy & Food Staples,DailyFresh Ghee 500ml,204.4,7,1430.8,5,71.54,1359.26,1502.56,Delivered,0,0.0,Direct,Cash
ORD103542,2024-07-29,Jul-2024,Central,Madhya Pradesh,Bhopal,D029,Bhopal Distribution Co,Super Stockist,OUT0030,Kirana/General Store,SP028_Neha,Beverages,OrangeZest Juice 1L,343.43,12,4121.16,5,206.06,3915.1,4212.73,Delivered,0,0.0,Direct,Cash
ORD103371,2024-07-29,Jul-2024,East,Odisha,Bhubaneswar,D028,Bhubaneswar Distribution Co,Wholesaler,OUT0080,Supermarket,SP002_Amit,Snacks & Confectionery,CrispBite Chips 100g,86.75,59,5118.25,0,0.0,5118.25,5167.02,Delivered,0,0.0,Direct,Credit
ORD103460,2024-07-29,Jul-2024,Central,Chhattisgarh,Raipur,D005,Raipur Enterprises,Wholesaler,OUT0116,Convenience Store,SP032_Divya,Beverages,MintCool Soda 300ml,325.9,15,4888.5,2,97.77,4790.73,4895.69,Delivered,0,0.0,Indirect,Credit
ORD103921,2024-07-29,Jul-2024,East,Bihar,Patna,D014,Patna Distribution Co,Wholesaler,OUT0175,Wholesale Shop,SP008_Neha,Dairy & Food Staples,GoldenGrain Atta 5kg,240.34,40,9613.6,8,769.09,8844.51,10528.65,Returned,4,961.36,Direct,UPI/Online
ORD103198,2024-07-29,Jul-2024,South,Tamil Nadu,Coimbatore,D020,Coimbatore Marketing,Distributor,OUT0109,Wholesale Shop,SP037_Sanjay,Dairy & Food Staples,DailyFresh Ghee 500ml,40.82,20,816.4,8,65.31,751.09,880.19,Delivered,0,0.0,Direct,Credit
ORD102230,2024-07-30,Jul-2024,East,Bihar,Patna,D014,Patna Distribution Co,Wholesaler,OUT0088,Wholesale Shop,SP034_Kavita,Beverages,MintCool Soda 300ml,154.97,22,3409.34,0,0.0,3409.34,3106.33,Delivered,0,0.0,Indirect,Cash
ORD101115,2024-07-30,Jul-2024,North,Punjab,Amritsar,D018,Amritsar Traders,Wholesaler,OUT0025,Supermarket,SP006_Anjali,Home Care,PureAir Freshener 250ml,200.38,50,10019.0,8,801.52,9217.48,8550.61,Delivered,0,0.0,Direct,UPI/Online
ORD101149,2024-07-30,Jul-2024,South,Telangana,Hyderabad,D012,Hyderabad Traders,Super Stockist,OUT0105,Convenience Store,SP010_Pooja,Home Care,PureAir Freshener 250ml,204.76,43,8804.68,8,704.37,8100.31,7309.98,Delivered,0,0.0,Indirect,Credit
ORD103125,2024-07-30,Jul-2024,North,Uttar Pradesh,Lucknow,D010,Lucknow Marketing,Distributor,OUT0067,Modern Trade,SP031_Ravi,Dairy & Food Staples,SunRice Basmati 1kg,301.21,7,2108.47,5,105.42,2003.05,2181.47,Delivered,0,0.0,Indirect,Cash
ORD101190,2024-07-30,Jul-2024,West,Rajasthan,Jodhpur,D013,Jodhpur Distribution Co,Super Stockist,OUT0083,Kirana/General Store,SP004_Sneha,Personal Care,SilkTouch Lotion 200ml,203.95,34,6934.3,2,138.69,6795.61,6504.41,Delivered,0,0.0,Indirect,Cash
ORD100846,2024-07-30,Jul-2024,East,Odisha,Bhubaneswar,D007,Bhubaneswar Distribution Co,Super Stockist,OUT0062,Modern Trade,SP025_Vikram,Dairy & Food Staples,GoldenGrain Atta 5kg,330.18,9,2971.62,2,59.43,2912.19,3621.26,Delivered,0,0.0,Indirect,Credit
ORD100295,2024-07-30,Jul-2024,North,Punjab,Amritsar,D018,Amritsar Traders,Wholesaler,OUT0012,Supermarket,SP017_Sanjay,Dairy & Food Staples,GoldenGrain Atta 5kg,323.25,35,11313.75,8,905.1,10408.65,12080.06,Delivered,0,0.0,Indirect,Cash
ORD103907,2024-07-30,Jul-2024,West,Goa,Panaji,D019,Panaji Traders,Distributor,OUT0026,Supermarket,SP038_Rina,Home Care,SparkleShine Dishwash 500ml,234.3,25,5857.5,5,292.88,5564.62,5125.54,Delivered,0,0.0,Direct,Credit
ORD101796,2024-07-30,Jul-2024,Central,Madhya Pradesh,Jabalpur,D004,Jabalpur Traders,Wholesaler,OUT0056,Kirana/General Store,SP002_Amit,Dairy & Food Staples,GoldenGrain Atta 5kg,49.69,32,1590.08,0,0.0,1590.08,1542.4,Delivered,0,0.0,Indirect,Cash
ORD103086,2024-07-30,Jul-2024,Central,Madhya Pradesh,Jabalpur,D004,Jabalpur Traders,Wholesaler,OUT0169,Convenience Store,SP017_Sanjay,Home Care,SparkleShine Dishwash 500ml,80.97,29,2348.13,10,234.81,2113.32,2213.74,Delivered,0,0.0,Direct,Credit
ORD100249,2024-07-30,Jul-2024,North,Uttar Pradesh,Lucknow,D008,Lucknow Distribution Co,Distributor,OUT0085,Wholesale Shop,SP001_Rahul,Home Care,CleanWave Detergent 1kg,317.01,28,8876.28,0,0.0,8876.28,8520.54,Delivered,0,0.0,Indirect,Cash
ORD101206,2024-07-30,Jul-2024,Central,Madhya Pradesh,Bhopal,D029,Bhopal Distribution Co,Super Stockist,OUT0143,Modern Trade,SP005_Vikram,Home Care,ShineFloor Cleaner 1L,293.78,25,7344.5,5,367.22,6977.28,7690.61,Delivered,0,0.0,Indirect,UPI/Online
ORD101553,2024-07-30,Jul-2024,East,West Bengal,Kolkata,D006,Kolkata Enterprises,Distributor,OUT0106,Modern Trade,SP034_Kavita,Personal Care,FreshBreath Toothpaste 150g,172.57,22,3796.54,5,189.83,3606.71,4459.59,Delivered,0,0.0,Indirect,Credit
ORD102959,2024-07-30,Jul-2024,Central,Madhya Pradesh,Bhopal,D029,Bhopal Distribution Co,Super Stockist,OUT0131,Supermarket,SP006_Anjali,Personal Care,ShinyLocks Shampoo 200ml,39.35,12,472.2,0,0.0,472.2,462.78,Delivered,0,0.0,Direct,Cash
ORD100325,2024-07-30,Jul-2024,North,Punjab,Amritsar,D018,Amritsar Traders,Wholesaler,OUT0100,Supermarket,SP025_Vikram,Beverages,FreshSip Cola 500ml,300.7,38,11426.6,10,1142.66,10283.94,9019.71,Delivered,0,0.0,Indirect,Cash
ORD102918,2024-07-30,Jul-2024,South,Karnataka,Mysuru,D017,Mysuru Enterprises,Distributor,OUT0188,Convenience Store,SP020_Shreya,Beverages,FreshSip Cola 500ml,273.31,9,2459.79,10,245.98,2213.81,2571.19,Delivered,0,0.0,Indirect,Cash
ORD100064,2024-07-30,Jul-2024,East,Odisha,Bhubaneswar,D028,Bhubaneswar Distribution Co,Wholesaler,OUT0014,Wholesale Shop,SP029_Karan,Snacks & Confectionery,ChocoNut Bar 40g,267.79,17,4552.43,2,91.05,4461.38,4363.32,Pending,0,0.0,Indirect,Credit
ORD102917,2024-07-30,Jul-2024,West,Goa,Panaji,D019,Panaji Traders,Distributor,OUT0089,Wholesale Shop,SP008_Neha,Snacks & Confectionery,ChocoNut Bar 40g,148.17,16,2370.72,5,118.54,2252.18,2644.17,Delivered,0,0.0,Direct,Credit
ORD103134,2024-07-31,Jul-2024,South,Tamil Nadu,Coimbatore,D023,Coimbatore Marketing,Super Stockist,OUT0191,Convenience Store,SP030_Pooja,Dairy & Food Staples,PureDrop Milk 500ml,182.88,7,1280.16,0,0.0,1280.16,1481.23,Delivered,0,0.0,Indirect,Cash
ORD101128,2024-07-31,Jul-2024,East,West Bengal,Kolkata,D006,Kolkata Enterprises,Distributor,OUT0127,Modern Trade,SP032_Divya,Dairy & Food Staples,DailyFresh Ghee 500ml,59.52,21,1249.92,0,0.0,1249.92,1517.81,Cancelled,0,0.0,Direct,Credit
ORD101483,2024-07-31,Jul-2024,West,Goa,Panaji,D019,Panaji Traders,Distributor,OUT0037,Modern Trade,SP025_Vikram,Beverages,FreshSip Cola 500ml,290.7,24,6976.8,0,0.0,6976.8,7461.94,Delivered,0,0.0,Direct,Credit
ORD101146,2024-07-31,Jul-2024,North,Uttar Pradesh,Lucknow,D010,Lucknow Marketing,Distributor,OUT0197,Modern Trade,SP011_Ravi,Beverages,FreshSip Cola 500ml,267.41,18,4813.38,2,96.27,4717.11,5463.24,Returned,4,1069.64,Direct,UPI/Online
ORD103984,2024-07-31,Jul-2024,North,Delhi,New Delhi,D001,New Delhi Traders,Super Stockist,OUT0024,Wholesale Shop,SP020_Shreya,Snacks & Confectionery,SweetPuff Biscuit 100g,170.57,22,3752.54,5,187.63,3564.91,3267.16,Pending,0,0.0,Indirect,Cash
ORD103732,2024-07-31,Jul-2024,Central,Chhattisgarh,Raipur,D022,Raipur Agencies,Super Stockist,OUT0186,Kirana/General Store,SP020_Shreya,Dairy & Food Staples,PureDrop Milk 500ml,89.78,55,4937.9,2,98.76,4839.14,4577.67,Delivered,0,0.0,Indirect,Credit
ORD103576,2024-07-31,Jul-2024,Central,Chhattisgarh,Raipur,D009,Raipur Enterprises,Wholesaler,OUT0053,Modern Trade,SP040_Shreya,Personal Care,ShinyLocks Shampoo 200ml,221.56,44,9748.64,5,487.43,9261.21,10466.93,Delivered,0,0.0,Indirect,UPI/Online
ORD102022,2024-07-31,Jul-2024,Central,Madhya Pradesh,Bhopal,D029,Bhopal Distribution Co,Super Stockist,OUT0138,Kirana/General Store,SP001_Rahul,Home Care,SparkleShine Dishwash 500ml,309.42,10,3094.2,8,247.54,2846.66,2793.45,Delivered,0,0.0,Indirect,UPI/Online
ORD100004,2024-07-31,Jul-2024,Central,Chhattisgarh,Raipur,D022,Raipur Agencies,Super Stockist,OUT0162,Supermarket,SP032_Divya,Dairy & Food Staples,GoldenGrain Atta 5kg,85.89,76,6527.64,5,326.38,6201.26,5432.43,Delivered,0,0.0,Indirect,Credit
ORD102764,2024-07-31,Jul-2024,South,Tamil Nadu,Coimbatore,D020,Coimbatore Marketing,Distributor,OUT0109,Wholesale Shop,SP038_Rina,Beverages,OrangeZest Juice 1L,135.57,31,4202.67,8,336.21,3866.46,4452.03,Delivered,0,0.0,Indirect,UPI/Online
ORD100983,2024-07-31,Jul-2024,Central,Chhattisgarh,Raipur,D022,Raipur Agencies,Super Stockist,OUT0045,Kirana/General Store,SP013_Manoj,Dairy & Food Staples,SunRice Basmati 1kg,309.06,30,9271.8,0,0.0,9271.8,9688.57,Delivered,0,0.0,Indirect,Cash
ORD100094,2024-07-31,Jul-2024,Central,Chhattisgarh,Raipur,D022,Raipur Agencies,Super Stockist,OUT0045,Kirana/General Store,SP034_Kavita,Snacks & Confectionery,CrispBite Chips 100g,62.26,10,622.6,10,62.26,560.34,625.91,Delivered,0,0.0,Indirect,Credit
ORD102564,2024-07-31,Jul-2024,North,Delhi,New Delhi,D001,New Delhi Traders,Super Stockist,OUT0001,Kirana/General Store,SP023_Priya,Dairy & Food Staples,GoldenGrain Atta 5kg,319.81,50,15990.5,10,1599.05,14391.45,13416.89,Delivered,0,0.0,Direct,UPI/Online
ORD100486,2024-08-01,Aug-2024,West,Rajasthan,Jodhpur,D013,Jodhpur Distribution Co,Super Stockist,OUT0155,Kirana/General Store,SP032_Divya,Beverages,FreshSip Cola 500ml,87.76,6,526.56,5,26.33,500.23,545.98,Returned,2,175.52,Direct,Credit
ORD102423,2024-08-01,Aug-2024,East,Odisha,Bhubaneswar,D007,Bhubaneswar Distribution Co,Super Stockist,OUT0119,Convenience Store,SP015_Arjun,Dairy & Food Staples,GoldenGrain Atta 5kg,106.07,77,8167.39,0,0.0,8167.39,8631.35,Delivered,0,0.0,Indirect,UPI/Online
ORD101134,2024-08-01,Aug-2024,East,Bihar,Patna,D014,Patna Distribution Co,Wholesaler,OUT0173,Convenience Store,SP040_Shreya,Personal Care,SilkTouch Lotion 200ml,61.94,37,2291.78,5,114.59,2177.19,1888.63,Pending,0,0.0,Indirect,Cash
ORD101504,2024-08-01,Aug-2024,Central,Chhattisgarh,Raipur,D026,Raipur Agencies,Distributor,OUT0039,Modern Trade,SP034_Kavita,Snacks & Confectionery,SweetPuff Biscuit 100g,217.4,25,5435.0,10,543.5,4891.5,5298.47,Delivered,0,0.0,Indirect,UPI/Online
ORD100920,2024-08-01,Aug-2024,East,Odisha,Bhubaneswar,D007,Bhubaneswar Distribution Co,Super Stockist,OUT0178,Convenience Store,SP034_Kavita,Home Care,SparkleShine Dishwash 500ml,248.29,20,4965.8,12,595.9,4369.9,4914.7,Returned,2,496.58,Direct,Credit
ORD102231,2024-08-01,Aug-2024,Central,Madhya Pradesh,Jabalpur,D025,Jabalpur Agencies,Wholesaler,OUT0165,Convenience Store,SP014_Kavita,Home Care,SparkleShine Dishwash 500ml,226.86,15,3402.9,10,340.29,3062.61,3403.7,Delivered,0,0.0,Indirect,Cash
ORD103177,2024-08-01,Aug-2024,West,Gujarat,Surat,D027,Surat Agencies,Wholesaler,OUT0158,Modern Trade,SP035_Arjun,Snacks & Confectionery,CrispBite Chips 50g,76.85,22,1690.7,0,0.0,1690.7,1885.66,Delivered,0,0.0,Direct,Credit
ORD100181,2024-08-01,Aug-2024,Central,Chhattisgarh,Raipur,D026,Raipur Agencies,Distributor,OUT0048,Kirana/General Store,SP035_Arjun,Beverages,OrangeZest Juice 1L,45.12,12,541.44,2,10.83,530.61,576.75,Delivered,0,0.0,Direct,UPI/Online
ORD102417,2024-08-01,Aug-2024,Central,Madhya Pradesh,Jabalpur,D025,Jabalpur Agencies,Wholesaler,OUT0010,Supermarket,SP024_Sneha,Beverages,OrangeZest Juice 1L,152.4,32,4876.8,8,390.14,4486.66,3972.52,Delivered,0,0.0,Indirect,UPI/Online
ORD101849,2024-08-01,Aug-2024,Central,Chhattisgarh,Raipur,D009,Raipur Enterprises,Wholesaler,OUT0171,Kirana/General Store,SP010_Pooja,Beverages,FreshSip Cola 250ml,147.06,16,2352.96,2,47.06,2305.9,1990.82,Delivered,0,0.0,Direct,UPI/Online
ORD100103,2024-08-02,Aug-2024,Central,Chhattisgarh,Raipur,D026,Raipur Agencies,Distributor,OUT0151,Modern Trade,SP040_Shreya,Snacks & Confectionery,SweetPuff Biscuit 100g,244.1,14,3417.4,2,68.35,3349.05,3566.21,Delivered,0,0.0,Indirect,Credit
ORD102543,2024-08-02,Aug-2024,Central,Chhattisgarh,Raipur,D022,Raipur Agencies,Super Stockist,OUT0194,Modern Trade,SP028_Neha,Snacks & Confectionery,ChocoNut Bar 40g,256.67,21,5390.07,10,539.01,4851.06,4124.04,Delivered,0,0.0,Indirect,UPI/Online
ORD103762,2024-08-02,Aug-2024,West,Rajasthan,Jodhpur,D013,Jodhpur Distribution Co,Super Stockist,OUT0083,Kirana/General Store,SP033_Manoj,Personal Care,FreshBreath Toothpaste 150g,119.34,21,2506.14,0,0.0,2506.14,3096.38,Cancelled,0,0.0,Indirect,UPI/Online
ORD100503,2024-08-02,Aug-2024,Central,Madhya Pradesh,Bhopal,D029,Bhopal Distribution Co,Super Stockist,OUT0104,Supermarket,SP013_Manoj,Home Care,CleanWave Detergent 1kg,182.06,6,1092.36,0,0.0,1092.36,1107.51,Delivered,0,0.0,Indirect,UPI/Online
ORD100923,2024-08-02,Aug-2024,Central,Madhya Pradesh,Jabalpur,D030,Jabalpur Distribution Co,Distributor,OUT0002,Convenience Store,SP007_Suresh,Dairy & Food Staples,GoldenGrain Atta 5kg,330.45,24,7930.8,0,0.0,7930.8,7591.35,Delivered,0,0.0,Direct,UPI/Online
ORD103980,2024-08-02,Aug-2024,West,Rajasthan,Jodhpur,D013,Jodhpur Distribution Co,Super Stockist,OUT0155,Kirana/General Store,SP010_Pooja,Home Care,CleanWave Detergent 1kg,302.43,7,2117.01,12,254.04,1862.97,2185.76,Delivered,0,0.0,Indirect,Credit
ORD102570,2024-08-02,Aug-2024,North,Punjab,Ludhiana,D015,Ludhiana Traders,Distributor,OUT0020,Wholesale Shop,SP019_Deepak,Beverages,OrangeZest Juice 1L,159.01,21,3339.21,2,66.78,3272.43,2847.49,Delivered,0,0.0,Indirect,UPI/Online
ORD103604,2024-08-02,Aug-2024,Central,Madhya Pradesh,Bhopal,D029,Bhopal Distribution Co,Super Stockist,OUT0139,Convenience Store,SP008_Neha,Beverages,MintCool Soda 300ml,319.03,20,6380.6,0,0.0,6380.6,6923.53,Delivered,0,0.0,Indirect,UPI/Online
ORD100417,2024-08-02,Aug-2024,Central,Chhattisgarh,Raipur,D021,Raipur Traders,Super Stockist,OUT0126,Convenience Store,SP003_Priya,Beverages,FreshSip Cola 500ml,264.5,11,2909.5,0,0.0,2909.5,2787.76,Delivered,0,0.0,Indirect,Cash
ORD101543,2024-08-02,Aug-2024,Central,Chhattisgarh,Raipur,D005,Raipur Enterprises,Wholesaler,OUT0135,Modern Trade,SP006_Anjali,Snacks & Confectionery,ChocoNut Bar 40g,289.7,7,2027.9,0,0.0,2027.9,1755.56,Delivered,0,0.0,Direct,Cash
ORD102016,2024-08-02,Aug-2024,Central,Chhattisgarh,Raipur,D022,Raipur Agencies,Super Stockist,OUT0045,Kirana/General Store,SP012_Divya,Snacks & Confectionery,CrispBite Chips 100g,270.29,38,10271.02,0,0.0,10271.02,9117.69,Delivered,0,0.0,Indirect,UPI/Online
ORD103295,2024-08-02,Aug-2024,East,West Bengal,Kolkata,D006,Kolkata Enterprises,Distributor,OUT0127,Modern Trade,SP039_Deepak,Home Care,PureAir Freshener 250ml,315.47,6,1892.82,2,37.86,1854.96,2004.71,Delivered,0,0.0,Indirect,UPI/Online
ORD100527,2024-08-02,Aug-2024,North,Delhi,New Delhi,D001,New Delhi Traders,Super Stockist,OUT0027,Kirana/General Store,SP032_Divya,Dairy & Food Staples,PureDrop Milk 500ml,173.2,14,2424.8,5,121.24,2303.56,1965.73,Delivered,0,0.0,Direct,Cash
ORD103419,2024-08-02,Aug-2024,South,Tamil Nadu,Coimbatore,D020,Coimbatore Marketing,Distributor,OUT0144,Supermarket,SP036_Meera,Beverages,FreshSip Cola 250ml,199.6,21,4191.6,5,209.58,3982.02,4754.61,Delivered,0,0.0,Direct,Credit
ORD103584,2024-08-02,Aug-2024,North,Delhi,New Delhi,D001,New Delhi Traders,Super Stockist,OUT0180,Wholesale Shop,SP030_Pooja,Personal Care,ShinyLocks Shampoo 200ml,96.28,22,2118.16,2,42.36,2075.8,2185.78,Delivered,0,0.0,Indirect,Cash
ORD102885,2024-08-02,Aug-2024,Central,Chhattisgarh,Raipur,D022,Raipur Agencies,Super Stockist,OUT0141,Kirana/General Store,SP035_Arjun,Snacks & Confectionery,ChocoNut Bar 40g,95.14,18,1712.52,5,85.63,1626.89,1417.32,Delivered,0,0.0,Indirect,Credit
ORD103573,2024-08-03,Aug-2024,East,West Bengal,Kolkata,D006,Kolkata Enterprises,Distributor,OUT0106,Modern Trade,SP002_Amit,Home Care,PureAir Freshener 250ml,178.3,18,3209.4,0,0.0,3209.4,3313.97,Delivered,0,0.0,Indirect,UPI/Online
ORD100677,2024-08-03,Aug-2024,North,Punjab,Amritsar,D018,Amritsar Traders,Wholesaler,OUT0128,Modern Trade,SP017_Sanjay,Snacks & Confectionery,ChocoNut Bar 40g,82.68,43,3555.24,5,177.76,3377.48,4102.07,Delivered,0,0.0,Indirect,Credit
ORD101436,2024-08-03,Aug-2024,Central,Chhattisgarh,Raipur,D021,Raipur Traders,Super Stockist,OUT0126,Convenience Store,SP009_Karan,Dairy & Food Staples,SunRice Basmati 1kg,289.93,8,2319.44,0,0.0,2319.44,2246.21,Delivered,0,0.0,Indirect,UPI/Online
ORD100538,2024-08-03,Aug-2024,West,Rajasthan,Jodhpur,D013,Jodhpur Distribution Co,Super Stockist,OUT0167,Wholesale Shop,SP004_Sneha,Snacks & Confectionery,CrispBite Chips 50g,288.93,33,9534.69,0,0.0,9534.69,9509.32,Delivered,0,0.0,Direct,UPI/Online
ORD101550,2024-08-03,Aug-2024,South,Karnataka,Bengaluru,D002,Bengaluru Marketing,Distributor,OUT0179,Modern Trade,SP023_Priya,Dairy & Food Staples,GoldenGrain Atta 5kg,256.16,15,3842.4,0,0.0,3842.4,3807.72,Delivered,0,0.0,Indirect,Cash
ORD103802,2024-08-03,Aug-2024,North,Punjab,Amritsar,D018,Amritsar Traders,Wholesaler,OUT0128,Modern Trade,SP005_Vikram,Personal Care,FreshBreath Toothpaste 150g,81.41,47,3826.27,2,76.53,3749.74,3546.66,Delivered,0,0.0,Direct,UPI/Online
ORD101396,2024-08-04,Aug-2024,Central,Madhya Pradesh,Jabalpur,D004,Jabalpur Traders,Wholesaler,OUT0169,Convenience Store,SP019_Deepak,Beverages,FreshSip Cola 500ml,162.51,22,3575.22,0,0.0,3575.22,3215.66,Delivered,0,0.0,Direct,UPI/Online
ORD100568,2024-08-04,Aug-2024,North,Uttar Pradesh,Lucknow,D008,Lucknow Distribution Co,Distributor,OUT0004,Kirana/General Store,SP004_Sneha,Dairy & Food Staples,PureDrop Milk 500ml,47.15,5,235.75,0,0.0,235.75,243.62,Delivered,0,0.0,Direct,Cash
ORD101652,2024-08-04,Aug-2024,Central,Madhya Pradesh,Bhopal,D029,Bhopal Distribution Co,Super Stockist,OUT0103,Kirana/General Store,SP020_Shreya,Beverages,OrangeZest Juice 1L,191.93,80,15354.4,0,0.0,15354.4,15726.01,Pending,0,0.0,Indirect,UPI/Online
ORD102963,2024-08-04,Aug-2024,East,Odisha,Bhubaneswar,D028,Bhubaneswar Distribution Co,Wholesaler,OUT0080,Supermarket,SP027_Suresh,Snacks & Confectionery,SweetPuff Biscuit 100g,164.9,30,4947.0,0,0.0,4947.0,6135.42,Delivered,0,0.0,Direct,Cash
ORD101401,2024-08-04,Aug-2024,North,Punjab,Ludhiana,D015,Ludhiana Traders,Distributor,OUT0020,Wholesale Shop,SP026_Anjali,Dairy & Food Staples,DailyFresh Ghee 500ml,155.77,11,1713.47,0,0.0,1713.47,1614.53,Returned,2,311.54,Direct,Cash
ORD102029,2024-08-04,Aug-2024,Central,Madhya Pradesh,Jabalpur,D030,Jabalpur Distribution Co,Distributor,OUT0096,Kirana/General Store,SP004_Sneha,Snacks & Confectionery,CrispBite Chips 50g,50.13,14,701.82,0,0.0,701.82,645.17,Delivered,0,0.0,Indirect,Credit
ORD101326,2024-08-04,Aug-2024,Central,Madhya Pradesh,Jabalpur,D004,Jabalpur Traders,Wholesaler,OUT0130,Kirana/General Store,SP002_Amit,Dairy & Food Staples,SunRice Basmati 1kg,158.09,1,158.09,0,0.0,158.09,159.4,Delivered,0,0.0,Indirect,Credit
ORD102124,2024-08-04,Aug-2024,East,Bihar,Patna,D014,Patna Distribution Co,Wholesaler,OUT0175,Wholesale Shop,SP018_Rina,Dairy & Food Staples,DailyFresh Ghee 500ml,224.97,12,2699.64,8,215.97,2483.67,2584.49,Delivered,0,0.0,Direct,UPI/Online
ORD101622,2024-08-04,Aug-2024,East,Odisha,Bhubaneswar,D007,Bhubaneswar Distribution Co,Super Stockist,OUT0050,Wholesale Shop,SP018_Rina,Personal Care,ShinyLocks Shampoo 200ml,202.67,16,3242.72,10,324.27,2918.45,2969.17,Delivered,0,0.0,Indirect,UPI/Online
ORD103466,2024-08-04,Aug-2024,East,Bihar,Patna,D014,Patna Distribution Co,Wholesaler,OUT0043,Modern Trade,SP024_Sneha,Beverages,OrangeZest Juice 1L,117.55,8,940.4,10,94.04,846.36,945.49,Delivered,0,0.0,Direct,UPI/Online
ORD101109,2024-08-04,Aug-2024,North,Delhi,New Delhi,D001,New Delhi Traders,Super Stockist,OUT0024,Wholesale Shop,SP028_Neha,Home Care,PureAir Freshener 250ml,272.88,12,3274.56,0,0.0,3274.56,3919.19,Delivered,0,0.0,Indirect,Credit
ORD100336,2024-08-04,Aug-2024,North,Delhi,New Delhi,D001,New Delhi Traders,Super Stockist,OUT0097,Modern Trade,SP038_Rina,Beverages,MintCool Soda 300ml,86.67,17,1473.39,10,147.34,1326.05,1207.82,Delivered,0,0.0,Indirect,Credit
ORD103443,2024-08-04,Aug-2024,North,Punjab,Amritsar,D018,Amritsar Traders,Wholesaler,OUT0198,Kirana/General Store,SP029_Karan,Home Care,ShineFloor Cleaner 1L,326.8,12,3921.6,0,0.0,3921.6,4144.81,Returned,2,653.6,Direct,Cash
ORD101757,2024-08-04,Aug-2024,East,Odisha,Bhubaneswar,D007,Bhubaneswar Distribution Co,Super Stockist,OUT0091,Convenience Store,SP019_Deepak,Snacks & Confectionery,SweetPuff Biscuit 100g,33.86,30,1015.8,2,20.32,995.48,1071.72,Delivered,0,0.0,Indirect,Cash
ORD102277,2024-08-04,Aug-2024,North,Uttar Pradesh,Lucknow,D008,Lucknow Distribution Co,Distributor,OUT0092,Convenience Store,SP022_Amit,Home Care,CleanWave Detergent 1kg,70.29,22,1546.38,0,0.0,1546.38,1463.19,Delivered,0,0.0,Indirect,Credit
ORD103706,2024-08-04,Aug-2024,East,Odisha,Bhubaneswar,D028,Bhubaneswar Distribution Co,Wholesaler,OUT0014,Wholesale Shop,SP009_Karan,Personal Care,SilkTouch Lotion 200ml,124.25,6,745.5,2,14.91,730.59,648.88,Delivered,0,0.0,Indirect,Credit
ORD101238,2024-08-04,Aug-2024,West,Goa,Panaji,D019,Panaji Traders,Distributor,OUT0089,Wholesale Shop,SP005_Vikram,Snacks & Confectionery,CrispBite Chips 100g,119.87,12,1438.44,0,0.0,1438.44,1364.91,Delivered,0,0.0,Indirect,Cash
ORD102826,2024-08-04,Aug-2024,Central,Chhattisgarh,Raipur,D022,Raipur Agencies,Super Stockist,OUT0094,Convenience Store,SP037_Sanjay,Home Care,ShineFloor Cleaner 1L,24.33,35,851.55,5,42.58,808.97,871.21,Delivered,0,0.0,Direct,Cash
ORD100497,2024-08-04,Aug-2024,North,Delhi,New Delhi,D001,New Delhi Traders,Super Stockist,OUT0097,Modern Trade,SP034_Kavita,Personal Care,SilkTouch Lotion 200ml,220.22,12,2642.64,0,0.0,2642.64,3132.58,Returned,3,660.66,Direct,Credit
ORD101070,2024-08-04,Aug-2024,West,Goa,Panaji,D019,Panaji Traders,Distributor,OUT0026,Supermarket,SP027_Suresh,Snacks & Confectionery,ChocoNut Bar 40g,142.98,31,4432.38,8,354.59,4077.79,4570.45,Delivered,0,0.0,Indirect,Credit
ORD100863,2024-08-05,Aug-2024,South,Telangana,Hyderabad,D012,Hyderabad Traders,Super Stockist,OUT0142,Wholesale Shop,SP028_Neha,Home Care,ShineFloor Cleaner 1L,306.43,51,15627.93,0,0.0,15627.93,15749.7,Delivered,0,0.0,Direct,Cash
ORD103357,2024-08-05,Aug-2024,West,Gujarat,Surat,D027,Surat Agencies,Wholesaler,OUT0123,Convenience Store,SP002_Amit,Personal Care,SilkTouch Lotion 200ml,109.46,45,4925.7,10,492.57,4433.13,4975.94,Delivered,0,0.0,Direct,Cash
ORD103840,2024-08-05,Aug-2024,Central,Madhya Pradesh,Jabalpur,D025,Jabalpur Agencies,Wholesaler,OUT0017,Supermarket,SP011_Ravi,Home Care,CleanWave Detergent 1kg,50.15,29,1454.35,2,29.09,1425.26,1514.37,Delivered,0,0.0,Direct,Cash
ORD101726,2024-08-05,Aug-2024,Central,Chhattisgarh,Raipur,D026,Raipur Agencies,Distributor,OUT0147,Supermarket,SP030_Pooja,Dairy & Food Staples,DailyFresh Ghee 500ml,301.11,7,2107.77,2,42.16,2065.61,2174.42,Delivered,0,0.0,Direct,Credit
ORD102861,2024-08-05,Aug-2024,Central,Chhattisgarh,Raipur,D026,Raipur Agencies,Distributor,OUT0151,Modern Trade,SP039_Deepak,Dairy & Food Staples,GoldenGrain Atta 5kg,253.84,53,13453.52,8,1076.28,12377.24,13946.83,Delivered,0,0.0,Indirect,UPI/Online
ORD103404,2024-08-05,Aug-2024,Central,Madhya Pradesh,Jabalpur,D030,Jabalpur Distribution Co,Distributor,OUT0002,Convenience Store,SP033_Manoj,Snacks & Confectionery,SweetPuff Biscuit 100g,251.42,14,3519.88,10,351.99,3167.89,3794.91,Delivered,0,0.0,Direct,UPI/Online
ORD103431,2024-08-05,Aug-2024,Central,Chhattisgarh,Raipur,D026,Raipur Agencies,Distributor,OUT0154,Kirana/General Store,SP003_Priya,Beverages,FreshSip Cola 250ml,48.96,27,1321.92,2,26.44,1295.48,1109.31,Delivered,0,0.0,Direct,Cash
ORD103541,2024-08-05,Aug-2024,Central,Madhya Pradesh,Jabalpur,D004,Jabalpur Traders,Wholesaler,OUT0169,Convenience Store,SP013_Manoj,Snacks & Confectionery,CrispBite Chips 100g,345.08,34,11732.72,5,586.64,11146.08,11571.7,Delivered,0,0.0,Indirect,Cash
ORD103787,2024-08-05,Aug-2024,Central,Chhattisgarh,Raipur,D022,Raipur Agencies,Super Stockist,OUT0189,Modern Trade,SP034_Kavita,Personal Care,ShinyLocks Shampoo 200ml,25.57,35,894.95,8,71.6,823.35,744.31,Delivered,0,0.0,Direct,UPI/Online
ORD101335,2024-08-05,Aug-2024,Central,Chhattisgarh,Raipur,D022,Raipur Agencies,Super Stockist,OUT0189,Modern Trade,SP002_Amit,Snacks & Confectionery,CrispBite Chips 100g,169.61,22,3731.42,8,298.51,3432.91,4002.59,Delivered,0,0.0,Indirect,Credit
ORD101771,2024-08-06,Aug-2024,South,Karnataka,Mysuru,D017,Mysuru Enterprises,Distributor,OUT0188,Convenience Store,SP008_Neha,Home Care,SparkleShine Dishwash 500ml,89.13,19,1693.47,2,33.87,1659.6,1992.59,Delivered,0,0.0,Indirect,Credit
ORD102705,2024-08-06,Aug-2024,Central,Madhya Pradesh,Bhopal,D029,Bhopal Distribution Co,Super Stockist,OUT0084,Wholesale Shop,SP010_Pooja,Dairy & Food Staples,PureDrop Milk 500ml,326.32,29,9463.28,0,0.0,9463.28,9252.9,Returned,5,1631.6,Direct,UPI/Online
ORD102500,2024-08-06,Aug-2024,South,Karnataka,Bengaluru,D002,Bengaluru Marketing,Distributor,OUT0179,Modern Trade,SP011_Ravi,Personal Care,FreshBreath Toothpaste 150g,270.5,23,6221.5,0,0.0,6221.5,6133.53,Delivered,0,0.0,Indirect,UPI/Online
ORD100258,2024-08-06,Aug-2024,North,Punjab,Amritsar,D018,Amritsar Traders,Wholesaler,OUT0132,Kirana/General Store,SP012_Divya,Personal Care,GlowSoft Soap 100g,261.11,9,2349.99,0,0.0,2349.99,2897.66,Delivered,0,0.0,Indirect,Cash
ORD101383,2024-08-06,Aug-2024,West,Goa,Panaji,D024,Panaji Marketing,Distributor,OUT0174,Convenience Store,SP012_Divya,Snacks & Confectionery,CrispBite Chips 50g,184.33,17,3133.61,5,156.68,2976.93,2741.73,Delivered,0,0.0,Direct,Credit
ORD103416,2024-08-06,Aug-2024,West,Gujarat,Surat,D027,Surat Agencies,Wholesaler,OUT0008,Kirana/General Store,SP010_Pooja,Dairy & Food Staples,PureDrop Milk 500ml,304.79,7,2133.53,12,256.02,1877.51,1678.74,Delivered,0,0.0,Indirect,Credit
ORD100808,2024-08-06,Aug-2024,Central,Chhattisgarh,Raipur,D022,Raipur Agencies,Super Stockist,OUT0141,Kirana/General Store,SP018_Rina,Beverages,OrangeZest Juice 1L,271.53,9,2443.77,5,122.19,2321.58,2428.17,Delivered,0,0.0,Indirect,Cash
ORD103084,2024-08-06,Aug-2024,South,Karnataka,Mysuru,D017,Mysuru Enterprises,Distributor,OUT0077,Wholesale Shop,SP019_Deepak,Snacks & Confectionery,CrispBite Chips 50g,68.44,23,1574.12,5,78.71,1495.41,1576.01,Delivered,0,0.0,Indirect,UPI/Online
ORD100115,2024-08-06,Aug-2024,South,Karnataka,Mysuru,D017,Mysuru Enterprises,Distributor,OUT0176,Kirana/General Store,SP005_Vikram,Beverages,MintCool Soda 300ml,261.19,11,2873.09,0,0.0,2873.09,3293.85,Delivered,0,0.0,Indirect,Credit
ORD100348,2024-08-06,Aug-2024,East,Odisha,Bhubaneswar,D007,Bhubaneswar Distribution Co,Super Stockist,OUT0119,Convenience Store,SP028_Neha,Snacks & Confectionery,SweetPuff Biscuit 100g,329.64,24,7911.36,8,632.91,7278.45,8122.71,Delivered,0,0.0,Indirect,Cash
ORD103829,2024-08-06,Aug-2024,South,Karnataka,Mysuru,D017,Mysuru Enterprises,Distributor,OUT0077,Wholesale Shop,SP040_Shreya,Beverages,FreshSip Cola 250ml,226.2,10,2262.0,2,45.24,2216.76,2362.86,Delivered,0,0.0,Indirect,Cash
ORD101444,2024-08-06,Aug-2024,North,Uttar Pradesh,Lucknow,D008,Lucknow Distribution Co,Distributor,OUT0005,Wholesale Shop,SP025_Vikram,Dairy & Food Staples,GoldenGrain Atta 5kg,342.1,18,6157.8,2,123.16,6034.64,7430.15,Delivered,0,0.0,Direct,Cash
ORD102382,2024-08-06,Aug-2024,Central,Chhattisgarh,Raipur,D022,Raipur Agencies,Super Stockist,OUT0141,Kirana/General Store,SP001_Rahul,Dairy & Food Staples,DailyFresh Ghee 500ml,302.08,14,4229.12,5,211.46,4017.66,4055.63,Delivered,0,0.0,Indirect,Cash
ORD100776,2024-08-06,Aug-2024,East,Odisha,Bhubaneswar,D028,Bhubaneswar Distribution Co,Wholesaler,OUT0080,Supermarket,SP014_Kavita,Dairy & Food Staples,DailyFresh Ghee 500ml,79.1,30,2373.0,8,189.84,2183.16,2712.58,Delivered,0,0.0,Indirect,Cash
ORD101217,2024-08-06,Aug-2024,Central,Madhya Pradesh,Jabalpur,D025,Jabalpur Agencies,Wholesaler,OUT0165,Convenience Store,SP018_Rina,Beverages,OrangeZest Juice 1L,164.55,15,2468.25,5,123.41,2344.84,2640.87,Delivered,0,0.0,Indirect,Credit
ORD103119,2024-08-06,Aug-2024,West,Goa,Panaji,D019,Panaji Traders,Distributor,OUT0037,Modern Trade,SP016_Meera,Home Care,PureAir Freshener 250ml,246.46,11,2711.06,10,271.11,2439.95,2471.15,Delivered,0,0.0,Indirect,Credit
ORD101590,2024-08-07,Aug-2024,Central,Chhattisgarh,Raipur,D026,Raipur Agencies,Distributor,OUT0048,Kirana/General Store,SP024_Sneha,Personal Care,ShinyLocks Shampoo 200ml,135.33,33,4465.89,5,223.29,4242.6,4428.03,Delivered,0,0.0,Direct,UPI/Online
ORD100390,2024-08-07,Aug-2024,North,Delhi,New Delhi,D003,New Delhi Traders,Super Stockist,OUT0081,Wholesale Shop,SP016_Meera,Snacks & Confectionery,CrispBite Chips 100g,105.58,9,950.22,5,47.51,902.71,976.9,Delivered,0,0.0,Direct,Cash
ORD101544,2024-08-07,Aug-2024,East,Bihar,Patna,D014,Patna Distribution Co,Wholesaler,OUT0088,Wholesale Shop,SP031_Ravi,Personal Care,ShinyLocks Shampoo 200ml,120.8,33,3986.4,2,79.73,3906.67,3926.91,Delivered,0,0.0,Direct,Credit
ORD101939,2024-08-07,Aug-2024,North,Delhi,New Delhi,D003,New Delhi Traders,Super Stockist,OUT0032,Wholesale Shop,SP008_Neha,Beverages,FreshSip Cola 500ml,310.21,26,8065.46,12,967.86,7097.6,7966.74,Delivered,0,0.0,Indirect,UPI/Online
ORD103758,2024-08-07,Aug-2024,South,Karnataka,Mysuru,D017,Mysuru Enterprises,Distributor,OUT0176,Kirana/General Store,SP013_Manoj,Home Care,PureAir Freshener 250ml,160.97,65,10463.05,2,209.26,10253.79,8889.79,Pending,0,0.0,Indirect,Credit
ORD103547,2024-08-07,Aug-2024,South,Tamil Nadu,Coimbatore,D023,Coimbatore Marketing,Super Stockist,OUT0018,Convenience Store,SP033_Manoj,Home Care,PureAir Freshener 250ml,55.21,25,1380.25,2,27.6,1352.65,1684.16,Delivered,0,0.0,Indirect,Cash
ORD103790,2024-08-07,Aug-2024,West,Gujarat,Surat,D027,Surat Agencies,Wholesaler,OUT0008,Kirana/General Store,SP011_Ravi,Personal Care,SilkTouch Lotion 200ml,224.3,17,3813.1,5,190.66,3622.44,4338.34,Delivered,0,0.0,Indirect,Credit
ORD100637,2024-08-07,Aug-2024,North,Delhi,New Delhi,D003,New Delhi Traders,Super Stockist,OUT0059,Supermarket,SP037_Sanjay,Home Care,ShineFloor Cleaner 1L,94.61,23,2176.03,10,217.6,1958.43,2017.23,Delivered,0,0.0,Direct,UPI/Online
ORD101015,2024-08-07,Aug-2024,North,Uttar Pradesh,Lucknow,D008,Lucknow Distribution Co,Distributor,OUT0049,Supermarket,SP012_Divya,Beverages,MintCool Soda 300ml,82.68,55,4547.4,0,0.0,4547.4,5038.95,Delivered,0,0.0,Indirect,Credit
ORD101271,2024-08-07,Aug-2024,North,Punjab,Amritsar,D018,Amritsar Traders,Wholesaler,OUT0198,Kirana/General Store,SP002_Amit,Home Care,SparkleShine Dishwash 500ml,314.95,61,19211.95,0,0.0,19211.95,23084.17,Delivered,0,0.0,Indirect,UPI/Online
ORD101631,2024-08-07,Aug-2024,South,Tamil Nadu,Coimbatore,D020,Coimbatore Marketing,Distributor,OUT0086,Kirana/General Store,SP011_Ravi,Beverages,FreshSip Cola 500ml,278.74,23,6411.02,0,0.0,6411.02,5683.36,Delivered,0,0.0,Indirect,Cash
ORD100127,2024-08-07,Aug-2024,South,Tamil Nadu,Coimbatore,D020,Coimbatore Marketing,Distributor,OUT0144,Supermarket,SP018_Rina,Dairy & Food Staples,PureDrop Milk 500ml,213.46,35,7471.1,5,373.56,7097.54,8508.88,Delivered,0,0.0,Indirect,UPI/Online
ORD101620,2024-08-08,Aug-2024,North,Punjab,Ludhiana,D015,Ludhiana Traders,Distributor,OUT0055,Wholesale Shop,SP022_Amit,Snacks & Confectionery,SweetPuff Biscuit 100g,303.12,36,10912.32,0,0.0,10912.32,12748.13,Delivered,0,0.0,Indirect,UPI/Online
ORD102730,2024-08-08,Aug-2024,South,Tamil Nadu,Coimbatore,D020,Coimbatore Marketing,Distributor,OUT0098,Wholesale Shop,SP012_Divya,Personal Care,ShinyLocks Shampoo 200ml,161.05,15,2415.75,8,193.26,2222.49,2756.15,Pending,0,0.0,Indirect,UPI/Online
ORD101706,2024-08-08,Aug-2024,North,Delhi,New Delhi,D001,New Delhi Traders,Super Stockist,OUT0180,Wholesale Shop,SP040_Shreya,Home Care,SparkleShine Dishwash 500ml,80.84,9,727.56,0,0.0,727.56,800.74,Delivered,0,0.0,Direct,Cash
ORD102743,2024-08-08,Aug-2024,North,Delhi,New Delhi,D001,New Delhi Traders,Super Stockist,OUT0110,Wholesale Shop,SP009_Karan,Dairy & Food Staples,PureDrop Milk 500ml,339.9,57,19374.3,8,1549.94,17824.36,17924.61,Delivered,0,0.0,Indirect,Cash
ORD102193,2024-08-08,Aug-2024,North,Punjab,Ludhiana,D015,Ludhiana Traders,Distributor,OUT0021,Kirana/General Store,SP006_Anjali,Home Care,CleanWave Detergent 1kg,315.24,46,14501.04,2,290.02,14211.02,13737.27,Delivered,0,0.0,Indirect,UPI/Online
ORD103282,2024-08-08,Aug-2024,North,Delhi,New Delhi,D001,New Delhi Traders,Super Stockist,OUT0024,Wholesale Shop,SP022_Amit,Personal Care,FreshBreath Toothpaste 150g,197.57,26,5136.82,0,0.0,5136.82,6110.1,Returned,8,1580.56,Indirect,Cash
ORD100138,2024-08-08,Aug-2024,Central,Chhattisgarh,Raipur,D022,Raipur Agencies,Super Stockist,OUT0045,Kirana/General Store,SP036_Meera,Snacks & Confectionery,SweetPuff Biscuit 100g,152.25,10,1522.5,10,152.25,1370.25,1369.32,Returned,3,456.75,Indirect,UPI/Online
ORD103739,2024-08-08,Aug-2024,Central,Madhya Pradesh,Jabalpur,D004,Jabalpur Traders,Wholesaler,OUT0041,Modern Trade,SP013_Manoj,Beverages,FreshSip Cola 250ml,345.83,18,6224.94,0,0.0,6224.94,7698.13,Delivered,0,0.0,Direct,Credit
ORD102624,2024-08-08,Aug-2024,North,Uttar Pradesh,Lucknow,D010,Lucknow Marketing,Distributor,OUT0071,Supermarket,SP017_Sanjay,Personal Care,GlowSoft Soap 100g,215.4,10,2154.0,10,215.4,1938.6,2132.62,Delivered,0,0.0,Direct,Cash
ORD100883,2024-08-09,Aug-2024,North,Uttar Pradesh,Lucknow,D008,Lucknow Distribution Co,Distributor,OUT0157,Supermarket,SP017_Sanjay,Personal Care,FreshBreath Toothpaste 150g,286.63,17,4872.71,8,389.82,4482.89,4969.57,Delivered,0,0.0,Direct,Cash
ORD103671,2024-08-09,Aug-2024,Central,Chhattisgarh,Raipur,D011,Raipur Agencies,Super Stockist,OUT0125,Supermarket,SP039_Deepak,Beverages,MintCool Soda 300ml,297.07,15,4456.05,12,534.73,3921.32,3619.38,Delivered,0,0.0,Indirect,Cash
ORD100057,2024-08-09,Aug-2024,Central,Chhattisgarh,Raipur,D022,Raipur Agencies,Super Stockist,OUT0189,Modern Trade,SP037_Sanjay,Personal Care,FreshBreath Toothpaste 150g,213.31,36,7679.16,5,383.96,7295.2,8078.09,Delivered,0,0.0,Direct,Cash
ORD101586,2024-08-09,Aug-2024,West,Goa,Panaji,D024,Panaji Marketing,Distributor,OUT0115,Wholesale Shop,SP007_Suresh,Home Care,PureAir Freshener 250ml,54.0,12,648.0,0,0.0,648.0,578.95,Delivered,0,0.0,Indirect,UPI/Online
ORD101969,2024-08-09,Aug-2024,East,Bihar,Patna,D014,Patna Distribution Co,Wholesaler,OUT0173,Convenience Store,SP022_Amit,Personal Care,GlowSoft Soap 100g,137.3,8,1098.4,8,87.87,1010.53,1019.26,Delivered,0,0.0,Indirect,Credit
ORD100029,2024-08-09,Aug-2024,West,Rajasthan,Jodhpur,D013,Jodhpur Distribution Co,Super Stockist,OUT0093,Supermarket,SP034_Kavita,Home Care,SparkleShine Dishwash 500ml,65.38,10,653.8,0,0.0,653.8,785.17,Cancelled,0,0.0,Indirect,UPI/Online
ORD103520,2024-08-09,Aug-2024,North,Uttar Pradesh,Lucknow,D010,Lucknow Marketing,Distributor,OUT0071,Supermarket,SP034_Kavita,Beverages,OrangeZest Juice 1L,162.94,18,2932.92,5,146.65,2786.27,2574.51,Delivered,0,0.0,Indirect,Credit
ORD103476,2024-08-09,Aug-2024,East,Odisha,Bhubaneswar,D007,Bhubaneswar Distribution Co,Super Stockist,OUT0062,Modern Trade,SP003_Priya,Dairy & Food Staples,PureDrop Milk 500ml,235.45,12,2825.4,0,0.0,2825.4,3301.94,Delivered,0,0.0,Indirect,UPI/Online
ORD100593,2024-08-09,Aug-2024,North,Delhi,New Delhi,D003,New Delhi Traders,Super Stockist,OUT0081,Wholesale Shop,SP040_Shreya,Beverages,MintCool Soda 300ml,256.3,30,7689.0,5,384.45,7304.55,7120.12,Returned,2,512.6,Indirect,UPI/Online
ORD102203,2024-08-09,Aug-2024,Central,Madhya Pradesh,Bhopal,D029,Bhopal Distribution Co,Super Stockist,OUT0112,Supermarket,SP023_Priya,Snacks & Confectionery,SweetPuff Biscuit 100g,258.85,39,10095.15,5,504.76,9590.39,11153.4,Delivered,0,0.0,Indirect,Cash
ORD101670,2024-08-09,Aug-2024,North,Uttar Pradesh,Lucknow,D008,Lucknow Distribution Co,Distributor,OUT0038,Modern Trade,SP016_Meera,Beverages,FreshSip Cola 500ml,159.91,41,6556.31,5,327.82,6228.49,7302.1,Pending,0,0.0,Direct,UPI/Online
ORD103998,2024-08-10,Aug-2024,South,Karnataka,Mysuru,D017,Mysuru Enterprises,Distributor,OUT0101,Convenience Store,SP032_Divya,Snacks & Confectionery,CrispBite Chips 50g,147.54,60,8852.4,2,177.05,8675.35,10531.43,Delivered,0,0.0,Indirect,Cash
ORD101050,2024-08-10,Aug-2024,East,West Bengal,Kolkata,D006,Kolkata Enterprises,Distributor,OUT0106,Modern Trade,SP018_Rina,Personal Care,GlowSoft Soap 100g,269.13,11,2960.43,0,0.0,2960.43,3341.75,Delivered,0,0.0,Indirect,Credit
ORD102508,2024-08-10,Aug-2024,North,Delhi,New Delhi,D003,New Delhi Traders,Super Stockist,OUT0059,Supermarket,SP036_Meera,Snacks & Confectionery,ChocoNut Bar 40g,52.65,10,526.5,5,26.32,500.18,475.28,Delivered,0,0.0,Indirect,UPI/Online
ORD102923,2024-08-10,Aug-2024,Central,Madhya Pradesh,Jabalpur,D025,Jabalpur Agencies,Wholesaler,OUT0010,Supermarket,SP015_Arjun,Home Care,ShineFloor Cleaner 1L,229.88,54,12413.52,0,0.0,12413.52,15325.59,Delivered,0,0.0,Direct,UPI/Online
ORD102970,2024-08-10,Aug-2024,South,Tamil Nadu,Coimbatore,D023,Coimbatore Marketing,Super Stockist,OUT0028,Kirana/General Store,SP022_Amit,Beverages,MintCool Soda 300ml,349.24,31,10826.44,12,1299.17,9527.27,11875.8,Delivered,0,0.0,Direct,Credit
ORD102012,2024-08-10,Aug-2024,West,Rajasthan,Jodhpur,D013,Jodhpur Distribution Co,Super Stockist,OUT0167,Wholesale Shop,SP025_Vikram,Personal Care,ShinyLocks Shampoo 200ml,347.34,43,14935.62,2,298.71,14636.91,13636.17,Delivered,0,0.0,Indirect,Cash
ORD103637,2024-08-10,Aug-2024,Central,Madhya Pradesh,Jabalpur,D025,Jabalpur Agencies,Wholesaler,OUT0165,Convenience Store,SP009_Karan,Personal Care,SilkTouch Lotion 200ml,258.78,13,3364.14,10,336.41,3027.73,2939.42,Delivered,0,0.0,Direct,UPI/Online
ORD103927,2024-08-10,Aug-2024,East,West Bengal,Kolkata,D006,Kolkata Enterprises,Distributor,OUT0127,Modern Trade,SP035_Arjun,Dairy & Food Staples,GoldenGrain Atta 5kg,57.58,9,518.22,2,10.36,507.86,564.74,Returned,1,57.58,Direct,Credit
ORD103246,2024-08-10,Aug-2024,Central,Chhattisgarh,Raipur,D026,Raipur Agencies,Distributor,OUT0048,Kirana/General Store,SP029_Karan,Personal Care,GlowSoft Soap 100g,321.37,13,4177.81,5,208.89,3968.92,3844.35,Delivered,0,0.0,Direct,Cash
ORD100695,2024-08-10,Aug-2024,Central,Chhattisgarh,Raipur,D005,Raipur Enterprises,Wholesaler,OUT0135,Modern Trade,SP035_Arjun,Dairy & Food Staples,DailyFresh Ghee 500ml,91.39,49,4478.11,0,0.0,4478.11,5286.57,Pending,0,0.0,Indirect,Credit
ORD100172,2024-08-11,Aug-2024,North,Delhi,New Delhi,D001,New Delhi Traders,Super Stockist,OUT0024,Wholesale Shop,SP027_Suresh,Snacks & Confectionery,SweetPuff Biscuit 100g,92.02,20,1840.4,10,184.04,1656.36,1814.32,Delivered,0,0.0,Indirect,Cash
ORD101457,2024-08-11,Aug-2024,South,Tamil Nadu,Coimbatore,D023,Coimbatore Marketing,Super Stockist,OUT0018,Convenience Store,SP002_Amit,Home Care,ShineFloor Cleaner 1L,218.36,17,3712.12,12,445.45,3266.67,3751.61,Delivered,0,0.0,Indirect,UPI/Online
ORD102346,2024-08-11,Aug-2024,Central,Chhattisgarh,Raipur,D022,Raipur Agencies,Super Stockist,OUT0186,Kirana/General Store,SP023_Priya,Home Care,ShineFloor Cleaner 1L,153.71,33,5072.43,2,101.45,4970.98,6177.02,Delivered,0,0.0,Direct,Credit
ORD103010,2024-08-11,Aug-2024,North,Punjab,Ludhiana,D015,Ludhiana Traders,Distributor,OUT0095,Convenience Store,SP026_Anjali,Dairy & Food Staples,SunRice Basmati 1kg,35.39,45,1592.55,2,31.85,1560.7,1635.14,Delivered,0,0.0,Indirect,Credit
ORD102038,2024-08-11,Aug-2024,South,Telangana,Hyderabad,D012,Hyderabad Traders,Super Stockist,OUT0142,Wholesale Shop,SP013_Manoj,Beverages,FreshSip Cola 500ml,37.43,19,711.17,8,56.89,654.28,640.84,Delivered,0,0.0,Direct,UPI/Online
ORD100900,2024-08-11,Aug-2024,Central,Madhya Pradesh,Bhopal,D029,Bhopal Distribution Co,Super Stockist,OUT0104,Supermarket,SP031_Ravi,Beverages,FreshSip Cola 500ml,270.81,7,1895.67,8,151.65,1744.02,1721.27,Delivered,0,0.0,Direct,UPI/Online
ORD101041,2024-08-11,Aug-2024,East,Bihar,Patna,D014,Patna Distribution Co,Wholesaler,OUT0052,Supermarket,SP014_Kavita,Home Care,CleanWave Detergent 1kg,46.42,12,557.04,0,0.0,557.04,653.44,Delivered,0,0.0,Indirect,UPI/Online
ORD102762,2024-08-11,Aug-2024,Central,Chhattisgarh,Raipur,D026,Raipur Agencies,Distributor,OUT0039,Modern Trade,SP016_Meera,Beverages,OrangeZest Juice 1L,22.35,10,223.5,2,4.47,219.03,270.78,Delivered,0,0.0,Indirect,UPI/Online
ORD102880,2024-08-11,Aug-2024,North,Uttar Pradesh,Lucknow,D010,Lucknow Marketing,Distributor,OUT0111,Kirana/General Store,SP001_Rahul,Home Care,ShineFloor Cleaner 1L,72.62,16,1161.92,0,0.0,1161.92,1229.23,Delivered,0,0.0,Direct,Cash
ORD100143,2024-08-11,Aug-2024,Central,Chhattisgarh,Raipur,D026,Raipur Agencies,Distributor,OUT0151,Modern Trade,SP022_Amit,Home Care,CleanWave Detergent 1kg,87.64,12,1051.68,10,105.17,946.51,836.91,Delivered,0,0.0,Direct,Credit
ORD102711,2024-08-12,Aug-2024,North,Delhi,New Delhi,D001,New Delhi Traders,Super Stockist,OUT0001,Kirana/General Store,SP022_Amit,Snacks & Confectionery,CrispBite Chips 100g,209.01,22,4598.22,2,91.96,4506.26,5127.69,Returned,4,836.04,Direct,Cash
ORD101225,2024-08-12,Aug-2024,South,Tamil Nadu,Coimbatore,D020,Coimbatore Marketing,Distributor,OUT0196,Wholesale Shop,SP004_Sneha,Beverages,MintCool Soda 300ml,248.62,30,7458.6,0,0.0,7458.6,8014.58,Delivered,0,0.0,Indirect,Cash
ORD100280,2024-08-12,Aug-2024,East,West Bengal,Kolkata,D006,Kolkata Enterprises,Distributor,OUT0060,Modern Trade,SP009_Karan,Dairy & Food Staples,GoldenGrain Atta 5kg,284.51,10,2845.1,2,56.9,2788.2,2981.1,Delivered,0,0.0,Indirect,Cash
ORD102717,2024-08-12,Aug-2024,Central,Chhattisgarh,Raipur,D011,Raipur Agencies,Super Stockist,OUT0090,Convenience Store,SP035_Arjun,Snacks & Confectionery,ChocoNut Bar 40g,194.63,24,4671.12,10,467.11,4204.01,4829.71,Returned,6,1167.78,Direct,UPI/Online
ORD102481,2024-08-12,Aug-2024,East,Odisha,Bhubaneswar,D007,Bhubaneswar Distribution Co,Super Stockist,OUT0035,Wholesale Shop,SP033_Manoj,Beverages,FreshSip Cola 500ml,121.93,53,6462.29,5,323.11,6139.18,6287.24,Returned,16,1950.88,Direct,UPI/Online
ORD102629,2024-08-12,Aug-2024,East,West Bengal,Kolkata,D006,Kolkata Enterprises,Distributor,OUT0060,Modern Trade,SP016_Meera,Home Care,SparkleShine Dishwash 500ml,288.54,10,2885.4,2,57.71,2827.69,3021.27,Delivered,0,0.0,Indirect,UPI/Online
ORD102729,2024-08-12,Aug-2024,East,West Bengal,Kolkata,D006,Kolkata Enterprises,Distributor,OUT0064,Modern Trade,SP013_Manoj,Snacks & Confectionery,CrispBite Chips 100g,340.42,6,2042.52,12,245.1,1797.42,1722.53,Pending,0,0.0,Direct,UPI/Online
ORD100650,2024-08-12,Aug-2024,Central,Madhya Pradesh,Bhopal,D029,Bhopal Distribution Co,Super Stockist,OUT0003,Convenience Store,SP033_Manoj,Snacks & Confectionery,ChocoNut Bar 40g,272.57,30,8177.1,0,0.0,8177.1,9154.55,Returned,4,1090.28,Direct,UPI/Online
ORD101245,2024-08-13,Aug-2024,East,Odisha,Bhubaneswar,D007,Bhubaneswar Distribution Co,Super Stockist,OUT0050,Wholesale Shop,SP013_Manoj,Dairy & Food Staples,DailyFresh Ghee 500ml,161.53,44,7107.32,10,710.73,6396.59,6034.75,Delivered,0,0.0,Direct,Cash
ORD103225,2024-08-13,Aug-2024,West,Gujarat,Surat,D027,Surat Agencies,Wholesaler,OUT0008,Kirana/General Store,SP020_Shreya,Personal Care,SilkTouch Lotion 200ml,46.78,31,1450.18,0,0.0,1450.18,1255.93,Delivered,0,0.0,Direct,Credit
ORD101168,2024-08-13,Aug-2024,West,Rajasthan,Jodhpur,D013,Jodhpur Distribution Co,Super Stockist,OUT0177,Wholesale Shop,SP032_Divya,Home Care,ShineFloor Cleaner 1L,280.47,5,1402.35,0,0.0,1402.35,1214.04,Returned,1,280.47,Direct,Cash
ORD102986,2024-08-13,Aug-2024,North,Uttar Pradesh,Lucknow,D010,Lucknow Marketing,Distributor,OUT0117,Wholesale Shop,SP007_Suresh,Home Care,PureAir Freshener 250ml,298.4,18,5371.2,8,429.7,4941.5,5330.37,Delivered,0,0.0,Direct,UPI/Online
ORD100967,2024-08-13,Aug-2024,North,Uttar Pradesh,Lucknow,D010,Lucknow Marketing,Distributor,OUT0067,Modern Trade,SP003_Priya,Personal Care,ShinyLocks Shampoo 200ml,270.43,38,10276.34,2,205.53,10070.81,12331.36,Delivered,0,0.0,Direct,UPI/Online
ORD101010,2024-08-13,Aug-2024,East,Bihar,Patna,D014,Patna Distribution Co,Wholesaler,OUT0173,Convenience Store,SP028_Neha,Beverages,FreshSip Cola 500ml,146.18,5,730.9,2,14.62,716.28,712.49,Delivered,0,0.0,Indirect,Credit
ORD103820,2024-08-13,Aug-2024,West,Goa,Panaji,D024,Panaji Marketing,Distributor,OUT0174,Convenience Store,SP031_Ravi,Beverages,OrangeZest Juice 1L,132.04,43,5677.72,2,113.55,5564.17,4927.46,Returned,3,396.12,Indirect,UPI/Online
ORD102167,2024-08-13,Aug-2024,West,Goa,Panaji,D024,Panaji Marketing,Distributor,OUT0150,Convenience Store,SP032_Divya,Dairy & Food Staples,GoldenGrain Atta 5kg,268.1,64,17158.4,2,343.17,16815.23,18631.93,Delivered,0,0.0,Indirect,Cash
ORD103617,2024-08-13,Aug-2024,North,Punjab,Ludhiana,D015,Ludhiana Traders,Distributor,OUT0095,Convenience Store,SP018_Rina,Personal Care,GlowSoft Soap 100g,22.99,50,1149.5,0,0.0,1149.5,1347.21,Delivered,0,0.0,Indirect,Credit
ORD101736,2024-08-13,Aug-2024,North,Delhi,New Delhi,D001,New Delhi Traders,Super Stockist,OUT0149,Supermarket,SP004_Sneha,Personal Care,GlowSoft Soap 100g,302.31,43,12999.33,0,0.0,12999.33,11714.24,Delivered,0,0.0,Indirect,Cash
ORD102134,2024-08-14,Aug-2024,Central,Chhattisgarh,Raipur,D009,Raipur Enterprises,Wholesaler,OUT0153,Supermarket,SP021_Rahul,Beverages,FreshSip Cola 500ml,191.81,35,6713.35,12,805.6,5907.75,6861.37,Delivered,0,0.0,Indirect,UPI/Online
ORD103163,2024-08-14,Aug-2024,Central,Chhattisgarh,Raipur,D009,Raipur Enterprises,Wholesaler,OUT0164,Kirana/General Store,SP034_Kavita,Dairy & Food Staples,SunRice Basmati 1kg,53.81,14,753.34,2,15.07,738.27,876.32,Delivered,0,0.0,Direct,Credit
ORD103807,2024-08-14,Aug-2024,East,West Bengal,Kolkata,D006,Kolkata Enterprises,Distributor,OUT0106,Modern Trade,SP031_Ravi,Snacks & Confectionery,CrispBite Chips 50g,106.94,7,748.58,0,0.0,748.58,694.83,Delivered,0,0.0,Indirect,Cash
ORD102339,2024-08-14,Aug-2024,Central,Chhattisgarh,Raipur,D026,Raipur Agencies,Distributor,OUT0039,Modern Trade,SP014_Kavita,Home Care,ShineFloor Cleaner 1L,222.45,19,4226.55,10,422.66,3803.89,4115.55,Pending,0,0.0,Direct,Credit
ORD100980,2024-08-14,Aug-2024,South,Karnataka,Bengaluru,D002,Bengaluru Marketing,Distributor,OUT0074,Convenience Store,SP009_Karan,Snacks & Confectionery,SweetPuff Biscuit 100g,21.29,23,489.67,0,0.0,489.67,489.86,Delivered,0,0.0,Indirect,Credit
ORD102939,2024-08-14,Aug-2024,Central,Madhya Pradesh,Jabalpur,D030,Jabalpur Distribution Co,Distributor,OUT0181,Wholesale Shop,SP004_Sneha,Snacks & Confectionery,CrispBite Chips 100g,318.77,52,16576.04,5,828.8,15747.24,15884.88,Delivered,0,0.0,Indirect,UPI/Online
ORD100999,2024-08-14,Aug-2024,Central,Chhattisgarh,Raipur,D009,Raipur Enterprises,Wholesaler,OUT0153,Supermarket,SP002_Amit,Dairy & Food Staples,DailyFresh Ghee 500ml,315.01,10,3150.1,0,0.0,3150.1,3610.66,Delivered,0,0.0,Direct,Credit
ORD101686,2024-08-14,Aug-2024,South,Tamil Nadu,Coimbatore,D020,Coimbatore Marketing,Distributor,OUT0196,Wholesale Shop,SP007_Suresh,Personal Care,GlowSoft Soap 100g,326.41,54,17626.14,0,0.0,17626.14,21369.59,Delivered,0,0.0,Indirect,Credit
ORD101721,2024-08-15,Aug-2024,North,Punjab,Amritsar,D018,Amritsar Traders,Wholesaler,OUT0012,Supermarket,SP028_Neha,Snacks & Confectionery,CrispBite Chips 100g,51.99,20,1039.8,8,83.18,956.62,1173.71,Delivered,0,0.0,Direct,UPI/Online
ORD100167,2024-08-15,Aug-2024,North,Uttar Pradesh,Lucknow,D008,Lucknow Distribution Co,Distributor,OUT0157,Supermarket,SP031_Ravi,Personal Care,SilkTouch Lotion 200ml,27.02,26,702.52,2,14.05,688.47,805.17,Returned,4,108.08,Indirect,Credit
ORD100548,2024-08-15,Aug-2024,Central,Chhattisgarh,Raipur,D026,Raipur Agencies,Distributor,OUT0147,Supermarket,SP021_Rahul,Home Care,CleanWave Detergent 1kg,95.53,32,3056.96,0,0.0,3056.96,2857.2,Delivered,0,0.0,Indirect,Credit
ORD101260,2024-08-15,Aug-2024,West,Gujarat,Surat,D027,Surat Agencies,Wholesaler,OUT0133,Convenience Store,SP033_Manoj,Personal Care,ShinyLocks Shampoo 200ml,150.05,6,900.3,2,18.01,882.29,927.66,Delivered,0,0.0,Indirect,Credit
ORD102006,2024-08-15,Aug-2024,South,Tamil Nadu,Coimbatore,D023,Coimbatore Marketing,Super Stockist,OUT0191,Convenience Store,SP026_Anjali,Snacks & Confectionery,SweetPuff Biscuit 100g,315.52,5,1577.6,10,157.76,1419.84,1226.73,Delivered,0,0.0,Direct,Credit
ORD103792,2024-08-15,Aug-2024,East,Odisha,Bhubaneswar,D007,Bhubaneswar Distribution Co,Super Stockist,OUT0050,Wholesale Shop,SP014_Kavita,Beverages,MintCool Soda 300ml,162.16,34,5513.44,0,0.0,5513.44,5542.22,Delivered,0,0.0,Indirect,UPI/Online
ORD101846,2024-08-15,Aug-2024,Central,Chhattisgarh,Raipur,D009,Raipur Enterprises,Wholesaler,OUT0164,Kirana/General Store,SP018_Rina,Beverages,OrangeZest Juice 1L,102.74,11,1130.14,5,56.51,1073.63,1197.64,Delivered,0,0.0,Direct,UPI/Online
ORD103680,2024-08-15,Aug-2024,East,Odisha,Bhubaneswar,D007,Bhubaneswar Distribution Co,Super Stockist,OUT0193,Modern Trade,SP040_Shreya,Beverages,OrangeZest Juice 1L,26.88,18,483.84,2,9.68,474.16,432.95,Delivered,0,0.0,Direct,Cash
ORD102474,2024-08-15,Aug-2024,East,West Bengal,Kolkata,D006,Kolkata Enterprises,Distributor,OUT0170,Wholesale Shop,SP013_Manoj,Snacks & Confectionery,CrispBite Chips 100g,309.85,16,4957.6,2,99.15,4858.45,5673.94,Delivered,0,0.0,Direct,Credit
ORD103027,2024-08-15,Aug-2024,East,Odisha,Bhubaneswar,D007,Bhubaneswar Distribution Co,Super Stockist,OUT0119,Convenience Store,SP021_Rahul,Home Care,SparkleShine Dishwash 500ml,62.76,34,2133.84,0,0.0,2133.84,2416.4,Delivered,0,0.0,Indirect,Credit
ORD101209,2024-08-15,Aug-2024,Central,Madhya Pradesh,Bhopal,D029,Bhopal Distribution Co,Super Stockist,OUT0003,Convenience Store,SP023_Priya,Snacks & Confectionery,CrispBite Chips 50g,38.2,26,993.2,0,0.0,993.2,1059.66,Delivered,0,0.0,Indirect,UPI/Online
ORD100976,2024-08-16,Aug-2024,West,Goa,Panaji,D024,Panaji Marketing,Distributor,OUT0174,Convenience Store,SP039_Deepak,Beverages,MintCool Soda 300ml,85.4,18,1537.2,0,0.0,1537.2,1384.49,Cancelled,0,0.0,Direct,Credit
ORD102067,2024-08-16,Aug-2024,Central,Chhattisgarh,Raipur,D009,Raipur Enterprises,Wholesaler,OUT0013,Wholesale Shop,SP017_Sanjay,Personal Care,SilkTouch Lotion 200ml,319.68,30,9590.4,0,0.0,9590.4,8246.42,Delivered,0,0.0,Indirect,UPI/Online
ORD100979,2024-08-16,Aug-2024,South,Tamil Nadu,Coimbatore,D020,Coimbatore Marketing,Distributor,OUT0144,Supermarket,SP027_Suresh,Beverages,FreshSip Cola 500ml,346.41,19,6581.79,5,329.09,6252.7,5599.03,Delivered,0,0.0,Indirect,Credit
ORD100456,2024-08-16,Aug-2024,Central,Madhya Pradesh,Bhopal,D029,Bhopal Distribution Co,Super Stockist,OUT0003,Convenience Store,SP023_Priya,Personal Care,ShinyLocks Shampoo 200ml,333.65,7,2335.55,2,46.71,2288.84,2204.15,Delivered,0,0.0,Direct,Cash
ORD102838,2024-08-16,Aug-2024,East,Odisha,Bhubaneswar,D007,Bhubaneswar Distribution Co,Super Stockist,OUT0035,Wholesale Shop,SP028_Neha,Home Care,PureAir Freshener 250ml,347.41,7,2431.87,2,48.64,2383.23,2975.76,Delivered,0,0.0,Indirect,UPI/Online
ORD100260,2024-08-16,Aug-2024,East,Odisha,Bhubaneswar,D007,Bhubaneswar Distribution Co,Super Stockist,OUT0193,Modern Trade,SP037_Sanjay,Personal Care,FreshBreath Toothpaste 150g,134.7,31,4175.7,8,334.06,3841.64,3625.96,Cancelled,0,0.0,Direct,UPI/Online
ORD103766,2024-08-16,Aug-2024,South,Tamil Nadu,Coimbatore,D020,Coimbatore Marketing,Distributor,OUT0087,Kirana/General Store,SP019_Deepak,Dairy & Food Staples,SunRice Basmati 1kg,44.43,13,577.59,2,11.55,566.04,554.59,Cancelled,0,0.0,Indirect,Cash
ORD100683,2024-08-16,Aug-2024,North,Punjab,Ludhiana,D015,Ludhiana Traders,Distributor,OUT0021,Kirana/General Store,SP011_Ravi,Home Care,PureAir Freshener 250ml,165.87,19,3151.53,0,0.0,3151.53,3864.41,Delivered,0,0.0,Indirect,Cash
ORD102338,2024-08-16,Aug-2024,North,Punjab,Ludhiana,D015,Ludhiana Traders,Distributor,OUT0055,Wholesale Shop,SP029_Karan,Snacks & Confectionery,CrispBite Chips 50g,64.32,15,964.8,10,96.48,868.32,857.36,Delivered,0,0.0,Indirect,Credit
ORD102298,2024-08-16,Aug-2024,Central,Madhya Pradesh,Jabalpur,D004,Jabalpur Traders,Wholesaler,OUT0169,Convenience Store,SP005_Vikram,Dairy & Food Staples,DailyFresh Ghee 500ml,100.31,9,902.79,5,45.14,857.65,1034.02,Delivered,0,0.0,Indirect,Credit
ORD100752,2024-08-16,Aug-2024,East,Odisha,Bhubaneswar,D007,Bhubaneswar Distribution Co,Super Stockist,OUT0193,Modern Trade,SP010_Pooja,Dairy & Food Staples,PureDrop Milk 500ml,165.42,22,3639.24,0,0.0,3639.24,3457.24,Returned,2,330.84,Indirect,Credit
ORD100193,2024-08-16,Aug-2024,West,Rajasthan,Jodhpur,D013,Jodhpur Distribution Co,Super Stockist,OUT0155,Kirana/General Store,SP029_Karan,Home Care,SparkleShine Dishwash 500ml,349.05,5,1745.25,2,34.9,1710.35,1997.56,Delivered,0,0.0,Indirect,Credit
ORD100576,2024-08-17,Aug-2024,South,Karnataka,Bengaluru,D002,Bengaluru Marketing,Distributor,OUT0046,Modern Trade,SP033_Manoj,Beverages,FreshSip Cola 500ml,292.48,27,7896.96,5,394.85,7502.11,7500.75,Delivered,0,0.0,Indirect,UPI/Online
ORD101161,2024-08-17,Aug-2024,South,Karnataka,Mysuru,D017,Mysuru Enterprises,Distributor,OUT0077,Wholesale Shop,SP038_Rina,Dairy & Food Staples,PureDrop Milk 500ml,46.15,17,784.55,2,15.69,768.86,762.71,Delivered,0,0.0,Indirect,Cash
ORD100148,2024-08-17,Aug-2024,East,Bihar,Patna,D014,Patna Distribution Co,Wholesaler,OUT0175,Wholesale Shop,SP021_Rahul,Dairy & Food Staples,DailyFresh Ghee 500ml,108.66,64,6954.24,0,0.0,6954.24,8649.41,Pending,0,0.0,Indirect,UPI/Online
ORD103236,2024-08-17,Aug-2024,South,Tamil Nadu,Coimbatore,D023,Coimbatore Marketing,Super Stockist,OUT0018,Convenience Store,SP004_Sneha,Beverages,OrangeZest Juice 1L,64.2,20,1284.0,0,0.0,1284.0,1497.16,Delivered,0,0.0,Indirect,UPI/Online
ORD101791,2024-08-17,Aug-2024,South,Telangana,Hyderabad,D012,Hyderabad Traders,Super Stockist,OUT0105,Convenience Store,SP008_Neha,Snacks & Confectionery,CrispBite Chips 100g,96.22,21,2020.62,0,0.0,2020.62,2100.94,Delivered,0,0.0,Indirect,UPI/Online
ORD103076,2024-08-17,Aug-2024,Central,Chhattisgarh,Raipur,D026,Raipur Agencies,Distributor,OUT0152,Supermarket,SP027_Suresh,Home Care,PureAir Freshener 250ml,291.12,29,8442.48,0,0.0,8442.48,7372.49,Delivered,0,0.0,Indirect,Cash
ORD102232,2024-08-17,Aug-2024,Central,Madhya Pradesh,Jabalpur,D004,Jabalpur Traders,Wholesaler,OUT0041,Modern Trade,SP036_Meera,Beverages,OrangeZest Juice 1L,146.85,19,2790.15,5,139.51,2650.64,3151.3,Delivered,0,0.0,Direct,Cash
ORD100323,2024-08-17,Aug-2024,Central,Madhya Pradesh,Bhopal,D029,Bhopal Distribution Co,Super Stockist,OUT0143,Modern Trade,SP036_Meera,Dairy & Food Staples,SunRice Basmati 1kg,261.17,10,2611.7,2,52.23,2559.47,2798.55,Returned,1,261.17,Direct,Credit
ORD100009,2024-08-18,Aug-2024,North,Uttar Pradesh,Lucknow,D010,Lucknow Marketing,Distributor,OUT0067,Modern Trade,SP032_Divya,Snacks & Confectionery,ChocoNut Bar 40g,127.36,36,4584.96,0,0.0,4584.96,4551.5,Pending,0,0.0,Indirect,UPI/Online
ORD103826,2024-08-18,Aug-2024,South,Telangana,Hyderabad,D012,Hyderabad Traders,Super Stockist,OUT0159,Convenience Store,SP015_Arjun,Home Care,CleanWave Detergent 1kg,266.66,8,2133.28,5,106.66,2026.62,2238.5,Delivered,0,0.0,Indirect,Cash
ORD100153,2024-08-18,Aug-2024,Central,Chhattisgarh,Raipur,D026,Raipur Agencies,Distributor,OUT0147,Supermarket,SP010_Pooja,Snacks & Confectionery,ChocoNut Bar 40g,35.5,29,1029.5,5,51.48,978.02,1067.27,Delivered,0,0.0,Indirect,UPI/Online
ORD100288,2024-08-18,Aug-2024,North,Punjab,Ludhiana,D015,Ludhiana Traders,Distributor,OUT0095,Convenience Store,SP039_Deepak,Beverages,FreshSip Cola 500ml,81.11,44,3568.84,0,0.0,3568.84,4124.68,Delivered,0,0.0,Direct,Credit
ORD102144,2024-08-18,Aug-2024,North,Punjab,Amritsar,D018,Amritsar Traders,Wholesaler,OUT0192,Supermarket,SP030_Pooja,Snacks & Confectionery,SweetPuff Biscuit 100g,144.04,19,2736.76,0,0.0,2736.76,3102.34,Delivered,0,0.0,Indirect,Credit
ORD103754,2024-08-18,Aug-2024,Central,Chhattisgarh,Raipur,D005,Raipur Enterprises,Wholesaler,OUT0135,Modern Trade,SP035_Arjun,Dairy & Food Staples,SunRice Basmati 1kg,79.83,33,2634.39,5,131.72,2502.67,2958.4,Delivered,0,0.0,Direct,UPI/Online
ORD101028,2024-08-18,Aug-2024,North,Delhi,New Delhi,D003,New Delhi Traders,Super Stockist,OUT0081,Wholesale Shop,SP012_Divya,Home Care,ShineFloor Cleaner 1L,147.23,24,3533.52,12,424.02,3109.5,2715.51,Delivered,0,0.0,Indirect,Cash
ORD102426,2024-08-18,Aug-2024,East,Odisha,Bhubaneswar,D007,Bhubaneswar Distribution Co,Super Stockist,OUT0062,Modern Trade,SP018_Rina,Home Care,CleanWave Detergent 1kg,230.09,12,2761.08,0,0.0,2761.08,2347.53,Delivered,0,0.0,Indirect,Cash
ORD102195,2024-08-18,Aug-2024,North,Uttar Pradesh,Lucknow,D008,Lucknow Distribution Co,Distributor,OUT0092,Convenience Store,SP021_Rahul,Home Care,PureAir Freshener 250ml,214.38,12,2572.56,5,128.63,2443.93,2248.92,Delivered,0,0.0,Indirect,Credit
ORD102424,2024-08-18,Aug-2024,South,Tamil Nadu,Coimbatore,D023,Coimbatore Marketing,Super Stockist,OUT0068,Wholesale Shop,SP038_Rina,Personal Care,GlowSoft Soap 100g,84.91,32,2717.12,8,217.37,2499.75,2924.87,Delivered,0,0.0,Indirect,UPI/Online
ORD103459,2024-08-18,Aug-2024,North,Delhi,New Delhi,D001,New Delhi Traders,Super Stockist,OUT0110,Wholesale Shop,SP021_Rahul,Personal Care,GlowSoft Soap 100g,240.84,17,4094.28,10,409.43,3684.85,3178.75,Delivered,0,0.0,Direct,UPI/Online
ORD103308,2024-08-18,Aug-2024,East,Odisha,Bhubaneswar,D007,Bhubaneswar Distribution Co,Super Stockist,OUT0119,Convenience Store,SP005_Vikram,Snacks & Confectionery,CrispBite Chips 50g,251.45,7,1760.15,2,35.2,1724.95,1703.57,Delivered,0,0.0,Direct,Credit
ORD101177,2024-08-18,Aug-2024,Central,Chhattisgarh,Raipur,D009,Raipur Enterprises,Wholesaler,OUT0171,Kirana/General Store,SP006_Anjali,Home Care,SparkleShine Dishwash 500ml,211.11,4,844.44,10,84.44,760.0,838.51,Delivered,0,0.0,Indirect,Credit
ORD102827,2024-08-18,Aug-2024,South,Karnataka,Mysuru,D017,Mysuru Enterprises,Distributor,OUT0079,Kirana/General Store,SP039_Deepak,Personal Care,ShinyLocks Shampoo 200ml,161.59,15,2423.85,0,0.0,2423.85,2931.15,Delivered,0,0.0,Direct,UPI/Online
ORD101549,2024-08-18,Aug-2024,North,Uttar Pradesh,Lucknow,D008,Lucknow Distribution Co,Distributor,OUT0033,Convenience Store,SP013_Manoj,Home Care,CleanWave Detergent 1kg,265.36,10,2653.6,8,212.29,2441.31,2285.07,Delivered,0,0.0,Direct,UPI/Online
ORD101588,2024-08-18,Aug-2024,East,Bihar,Patna,D014,Patna Distribution Co,Wholesaler,OUT0043,Modern Trade,SP039_Deepak,Beverages,OrangeZest Juice 1L,238.24,27,6432.48,0,0.0,6432.48,6161.79,Delivered,0,0.0,Indirect,Credit
ORD102496,2024-08-18,Aug-2024,North,Uttar Pradesh,Lucknow,D008,Lucknow Distribution Co,Distributor,OUT0054,Kirana/General Store,SP017_Sanjay,Beverages,OrangeZest Juice 1L,158.14,23,3637.22,0,0.0,3637.22,3236.23,Returned,2,316.28,Indirect,Cash
ORD100208,2024-08-18,Aug-2024,South,Karnataka,Mysuru,D017,Mysuru Enterprises,Distributor,OUT0120,Modern Trade,SP038_Rina,Dairy & Food Staples,DailyFresh Ghee 500ml,37.15,55,2043.25,5,102.16,1941.09,1913.49,Delivered,0,0.0,Direct,UPI/Online
ORD101860,2024-08-18,Aug-2024,Central,Chhattisgarh,Raipur,D022,Raipur Agencies,Super Stockist,OUT0162,Supermarket,SP025_Vikram,Snacks & Confectionery,CrispBite Chips 50g,26.98,32,863.36,0,0.0,863.36,1046.56,Delivered,0,0.0,Indirect,UPI/Online
ORD100921,2024-08-18,Aug-2024,East,West Bengal,Kolkata,D006,Kolkata Enterprises,Distributor,OUT0106,Modern Trade,SP039_Deepak,Snacks & Confectionery,CrispBite Chips 100g,100.39,20,2007.8,10,200.78,1807.02,1991.8,Delivered,0,0.0,Indirect,Cash
ORD101277,2024-08-19,Aug-2024,Central,Chhattisgarh,Raipur,D009,Raipur Enterprises,Wholesaler,OUT0164,Kirana/General Store,SP036_Meera,Personal Care,GlowSoft Soap 100g,236.08,13,3069.04,0,0.0,3069.04,2865.89,Delivered,0,0.0,Direct,UPI/Online
ORD102644,2024-08-19,Aug-2024,North,Uttar Pradesh,Lucknow,D008,Lucknow Distribution Co,Distributor,OUT0161,Kirana/General Store,SP029_Karan,Dairy & Food Staples,SunRice Basmati 1kg,220.02,81,17821.62,0,0.0,17821.62,18818.04,Delivered,0,0.0,Indirect,Cash
ORD100513,2024-08-19,Aug-2024,North,Uttar Pradesh,Lucknow,D010,Lucknow Marketing,Distributor,OUT0071,Supermarket,SP032_Divya,Snacks & Confectionery,CrispBite Chips 100g,313.98,54,16954.92,2,339.1,16615.82,15601.33,Delivered,0,0.0,Indirect,Cash
ORD103619,2024-08-19,Aug-2024,North,Punjab,Amritsar,D018,Amritsar Traders,Wholesaler,OUT0128,Modern Trade,SP026_Anjali,Snacks & Confectionery,ChocoNut Bar 40g,282.86,25,7071.5,0,0.0,7071.5,7348.48,Delivered,0,0.0,Direct,UPI/Online
ORD103659,2024-08-19,Aug-2024,North,Uttar Pradesh,Lucknow,D010,Lucknow Marketing,Distributor,OUT0067,Modern Trade,SP039_Deepak,Personal Care,SilkTouch Lotion 200ml,66.25,33,2186.25,0,0.0,2186.25,2311.5,Delivered,0,0.0,Indirect,Cash
ORD101354,2024-08-19,Aug-2024,South,Telangana,Hyderabad,D012,Hyderabad Traders,Super Stockist,OUT0159,Convenience Store,SP021_Rahul,Home Care,ShineFloor Cleaner 1L,235.71,24,5657.04,5,282.85,5374.19,4764.72,Delivered,0,0.0,Indirect,Cash
ORD101103,2024-08-19,Aug-2024,Central,Madhya Pradesh,Bhopal,D029,Bhopal Distribution Co,Super Stockist,OUT0084,Wholesale Shop,SP019_Deepak,Dairy & Food Staples,GoldenGrain Atta 5kg,159.19,3,477.57,0,0.0,477.57,528.84,Delivered,0,0.0,Direct,Cash
ORD100563,2024-08-19,Aug-2024,East,Odisha,Bhubaneswar,D007,Bhubaneswar Distribution Co,Super Stockist,OUT0035,Wholesale Shop,SP033_Manoj,Snacks & Confectionery,SweetPuff Biscuit 100g,270.57,19,5140.83,2,102.82,5038.01,5891.03,Delivered,0,0.0,Indirect,UPI/Online
ORD101619,2024-08-19,Aug-2024,East,Odisha,Bhubaneswar,D007,Bhubaneswar Distribution Co,Super Stockist,OUT0091,Convenience Store,SP023_Priya,Personal Care,GlowSoft Soap 100g,151.21,58,8770.18,8,701.61,8068.57,8534.22,Delivered,0,0.0,Indirect,Cash
ORD103482,2024-08-19,Aug-2024,Central,Chhattisgarh,Raipur,D005,Raipur Enterprises,Wholesaler,OUT0102,Convenience Store,SP036_Meera,Personal Care,ShinyLocks Shampoo 200ml,289.43,8,2315.44,0,0.0,2315.44,1968.17,Delivered,0,0.0,Indirect,Cash
ORD100942,2024-08-19,Aug-2024,East,West Bengal,Kolkata,D006,Kolkata Enterprises,Distributor,OUT0127,Modern Trade,SP027_Suresh,Snacks & Confectionery,CrispBite Chips 50g,181.01,42,7602.42,5,380.12,7222.3,9015.29,Delivered,0,0.0,Indirect,Cash
ORD102351,2024-08-19,Aug-2024,Central,Chhattisgarh,Raipur,D026,Raipur Agencies,Distributor,OUT0039,Modern Trade,SP012_Divya,Personal Care,ShinyLocks Shampoo 200ml,89.53,16,1432.48,2,28.65,1403.83,1735.39,Delivered,0,0.0,Indirect,Credit
ORD103772,2024-08-19,Aug-2024,North,Delhi,New Delhi,D003,New Delhi Traders,Super Stockist,OUT0006,Kirana/General Store,SP020_Shreya,Snacks & Confectionery,SweetPuff Biscuit 100g,132.25,13,1719.25,0,0.0,1719.25,1713.85,Delivered,0,0.0,Direct,UPI/Online
ORD100202,2024-08-19,Aug-2024,Central,Chhattisgarh,Raipur,D022,Raipur Agencies,Super Stockist,OUT0045,Kirana/General Store,SP023_Priya,Home Care,CleanWave Detergent 1kg,23.83,20,476.6,5,23.83,452.77,510.72,Delivered,0,0.0,Indirect,Credit
ORD101644,2024-08-20,Aug-2024,East,Odisha,Bhubaneswar,D028,Bhubaneswar Distribution Co,Wholesaler,OUT0146,Supermarket,SP032_Divya,Personal Care,FreshBreath Toothpaste 150g,320.71,19,6093.49,0,0.0,6093.49,7392.71,Delivered,0,0.0,Direct,Cash
ORD100632,2024-08-20,Aug-2024,Central,Chhattisgarh,Raipur,D009,Raipur Enterprises,Wholesaler,OUT0153,Supermarket,SP009_Karan,Dairy & Food Staples,PureDrop Milk 500ml,27.82,17,472.94,10,47.29,425.65,370.42,Delivered,0,0.0,Direct,Credit
ORD101280,2024-08-20,Aug-2024,East,Bihar,Patna,D014,Patna Distribution Co,Wholesaler,OUT0015,Supermarket,SP026_Anjali,Personal Care,GlowSoft Soap 100g,33.1,34,1125.4,2,22.51,1102.89,1035.06,Delivered,0,0.0,Direct,Credit
ORD103299,2024-08-20,Aug-2024,Central,Chhattisgarh,Raipur,D022,Raipur Agencies,Super Stockist,OUT0069,Modern Trade,SP036_Meera,Snacks & Confectionery,CrispBite Chips 50g,298.07,55,16393.85,10,1639.38,14754.47,13539.13,Delivered,0,0.0,Indirect,Credit
ORD101102,2024-08-20,Aug-2024,North,Uttar Pradesh,Lucknow,D008,Lucknow Distribution Co,Distributor,OUT0161,Kirana/General Store,SP040_Shreya,Personal Care,GlowSoft Soap 100g,171.99,20,3439.8,8,275.18,3164.62,3095.07,Delivered,0,0.0,Direct,Cash
ORD100098,2024-08-20,Aug-2024,North,Punjab,Ludhiana,D015,Ludhiana Traders,Distributor,OUT0095,Convenience Store,SP007_Suresh,Personal Care,SilkTouch Lotion 200ml,40.16,35,1405.6,0,0.0,1405.6,1403.05,Delivered,0,0.0,Indirect,Credit
ORD100552,2024-08-20,Aug-2024,North,Uttar Pradesh,Lucknow,D008,Lucknow Distribution Co,Distributor,OUT0085,Wholesale Shop,SP029_Karan,Dairy & Food Staples,SunRice Basmati 1kg,110.85,28,3103.8,0,0.0,3103.8,3203.34,Delivered,0,0.0,Indirect,Credit
ORD103351,2024-08-20,Aug-2024,East,Odisha,Bhubaneswar,D007,Bhubaneswar Distribution Co,Super Stockist,OUT0062,Modern Trade,SP034_Kavita,Dairy & Food Staples,PureDrop Milk 500ml,25.14,12,301.68,0,0.0,301.68,274.61,Delivered,0,0.0,Indirect,Cash
ORD101231,2024-08-20,Aug-2024,West,Gujarat,Surat,D027,Surat Agencies,Wholesaler,OUT0133,Convenience Store,SP039_Deepak,Personal Care,ShinyLocks Shampoo 200ml,36.22,23,833.06,2,16.66,816.4,704.86,Pending,0,0.0,Direct,Cash
ORD102325,2024-08-20,Aug-2024,Central,Chhattisgarh,Raipur,D022,Raipur Agencies,Super Stockist,OUT0141,Kirana/General Store,SP013_Manoj,Dairy & Food Staples,DailyFresh Ghee 500ml,110.16,52,5728.32,2,114.57,5613.75,6473.64,Delivered,0,0.0,Indirect,Credit
ORD101570,2024-08-20,Aug-2024,West,Rajasthan,Jodhpur,D013,Jodhpur Distribution Co,Super Stockist,OUT0163,Convenience Store,SP020_Shreya,Personal Care,ShinyLocks Shampoo 200ml,274.47,11,3019.17,0,0.0,3019.17,2709.83,Returned,1,274.47,Indirect,Cash
ORD100870,2024-08-20,Aug-2024,North,Punjab,Amritsar,D018,Amritsar Traders,Wholesaler,OUT0132,Kirana/General Store,SP019_Deepak,Home Care,PureAir Freshener 250ml,297.74,15,4466.1,8,357.29,4108.81,3850.1,Delivered,0,0.0,Indirect,Credit
ORD101241,2024-08-20,Aug-2024,Central,Chhattisgarh,Raipur,D005,Raipur Enterprises,Wholesaler,OUT0011,Modern Trade,SP015_Arjun,Home Care,SparkleShine Dishwash 500ml,144.75,13,1881.75,5,94.09,1787.66,2026.32,Delivered,0,0.0,Indirect,UPI/Online
ORD102421,2024-08-20,Aug-2024,South,Tamil Nadu,Coimbatore,D020,Coimbatore Marketing,Distributor,OUT0185,Convenience Store,SP003_Priya,Dairy & Food Staples,DailyFresh Ghee 500ml,173.03,16,2768.48,2,55.37,2713.11,2933.04,Delivered,0,0.0,Indirect,Credit
ORD102052,2024-08-20,Aug-2024,East,Odisha,Bhubaneswar,D007,Bhubaneswar Distribution Co,Super Stockist,OUT0040,Kirana/General Store,SP025_Vikram,Beverages,OrangeZest Juice 1L,122.58,45,5516.1,8,441.29,5074.81,5364.37,Delivered,0,0.0,Indirect,Cash
ORD103016,2024-08-20,Aug-2024,North,Uttar Pradesh,Lucknow,D010,Lucknow Marketing,Distributor,OUT0071,Supermarket,SP038_Rina,Snacks & Confectionery,CrispBite Chips 100g,300.81,35,10528.35,0,0.0,10528.35,9754.92,Delivered,0,0.0,Direct,UPI/Online
ORD100862,2024-08-21,Aug-2024,South,Karnataka,Bengaluru,D002,Bengaluru Marketing,Distributor,OUT0179,Modern Trade,SP033_Manoj,Dairy & Food Staples,SunRice Basmati 1kg,106.08,31,3288.48,10,328.85,2959.63,3189.54,Delivered,0,0.0,Indirect,Credit
ORD102035,2024-08-21,Aug-2024,East,West Bengal,Kolkata,D006,Kolkata Enterprises,Distributor,OUT0170,Wholesale Shop,SP028_Neha,Beverages,OrangeZest Juice 1L,64.94,26,1688.44,0,0.0,1688.44,1742.41,Returned,5,324.7,Direct,Credit
ORD100232,2024-08-21,Aug-2024,Central,Chhattisgarh,Raipur,D026,Raipur Agencies,Distributor,OUT0039,Modern Trade,SP021_Rahul,Dairy & Food Staples,GoldenGrain Atta 5kg,306.74,16,4907.84,5,245.39,4662.45,4365.31,Delivered,0,0.0,Direct,UPI/Online
ORD102731,2024-08-21,Aug-2024,West,Rajasthan,Jodhpur,D013,Jodhpur Distribution Co,Super Stockist,OUT0167,Wholesale Shop,SP012_Divya,Personal Care,GlowSoft Soap 100g,231.86,52,12056.72,0,0.0,12056.72,11275.09,Delivered,0,0.0,Direct,Credit
ORD100519,2024-08-21,Aug-2024,West,Goa,Panaji,D024,Panaji Marketing,Distributor,OUT0187,Convenience Store,SP009_Karan,Dairy & Food Staples,DailyFresh Ghee 500ml,187.58,13,2438.54,0,0.0,2438.54,2140.11,Delivered,0,0.0,Indirect,UPI/Online
ORD101402,2024-08-21,Aug-2024,North,Uttar Pradesh,Lucknow,D008,Lucknow Distribution Co,Distributor,OUT0022,Supermarket,SP035_Arjun,Personal Care,SilkTouch Lotion 200ml,275.05,12,3300.6,0,0.0,3300.6,3553.35,Delivered,0,0.0,Indirect,Cash
ORD101462,2024-08-21,Aug-2024,North,Punjab,Amritsar,D018,Amritsar Traders,Wholesaler,OUT0129,Kirana/General Store,SP019_Deepak,Dairy & Food Staples,DailyFresh Ghee 500ml,327.77,51,16716.27,10,1671.63,15044.64,17416.7,Delivered,0,0.0,Direct,Cash
ORD101014,2024-08-21,Aug-2024,Central,Chhattisgarh,Raipur,D026,Raipur Agencies,Distributor,OUT0154,Kirana/General Store,SP019_Deepak,Personal Care,SilkTouch Lotion 200ml,174.01,26,4524.26,0,0.0,4524.26,4150.08,Delivered,0,0.0,Direct,Credit
ORD100007,2024-08-21,Aug-2024,East,Odisha,Bhubaneswar,D007,Bhubaneswar Distribution Co,Super Stockist,OUT0035,Wholesale Shop,SP040_Shreya,Home Care,PureAir Freshener 250ml,238.63,20,4772.6,2,95.45,4677.15,4321.41,Delivered,0,0.0,Indirect,Credit
ORD103874,2024-08-21,Aug-2024,North,Punjab,Amritsar,D018,Amritsar Traders,Wholesaler,OUT0025,Supermarket,SP020_Shreya,Beverages,MintCool Soda 300ml,290.29,19,5515.51,10,551.55,4963.96,6157.83,Returned,6,1741.74,Indirect,Credit
ORD100670,2024-08-22,Aug-2024,East,Odisha,Bhubaneswar,D028,Bhubaneswar Distribution Co,Wholesaler,OUT0031,Convenience Store,SP001_Rahul,Dairy & Food Staples,SunRice Basmati 1kg,63.96,12,767.52,5,38.38,729.14,839.52,Delivered,0,0.0,Direct,Cash
ORD103258,2024-08-22,Aug-2024,West,Goa,Panaji,D024,Panaji Marketing,Distributor,OUT0150,Convenience Store,SP032_Divya,Personal Care,SilkTouch Lotion 200ml,160.69,36,5784.84,0,0.0,5784.84,5331.19,Delivered,0,0.0,Direct,Credit
ORD102702,2024-08-22,Aug-2024,South,Karnataka,Mysuru,D017,Mysuru Enterprises,Distributor,OUT0176,Kirana/General Store,SP014_Kavita,Snacks & Confectionery,CrispBite Chips 100g,50.66,18,911.88,0,0.0,911.88,1016.27,Delivered,0,0.0,Indirect,UPI/Online
ORD100787,2024-08-22,Aug-2024,East,West Bengal,Kolkata,D006,Kolkata Enterprises,Distributor,OUT0064,Modern Trade,SP025_Vikram,Home Care,ShineFloor Cleaner 1L,322.44,23,7416.12,2,148.32,7267.8,7162.63,Delivered,0,0.0,Indirect,UPI/Online
ORD103855,2024-08-22,Aug-2024,East,West Bengal,Kolkata,D006,Kolkata Enterprises,Distributor,OUT0078,Kirana/General Store,SP009_Karan,Home Care,PureAir Freshener 250ml,130.16,5,650.8,8,52.06,598.74,657.2,Delivered,0,0.0,Indirect,Credit
ORD103133,2024-08-22,Aug-2024,North,Punjab,Amritsar,D018,Amritsar Traders,Wholesaler,OUT0132,Kirana/General Store,SP036_Meera,Beverages,FreshSip Cola 500ml,292.08,11,3212.88,0,0.0,3212.88,3088.17,Delivered,0,0.0,Indirect,UPI/Online
ORD102477,2024-08-22,Aug-2024,Central,Chhattisgarh,Raipur,D005,Raipur Enterprises,Wholesaler,OUT0135,Modern Trade,SP010_Pooja,Personal Care,ShinyLocks Shampoo 200ml,221.38,14,3099.32,5,154.97,2944.35,2845.51,Delivered,0,0.0,Indirect,Credit
ORD100478,2024-08-22,Aug-2024,North,Uttar Pradesh,Lucknow,D008,Lucknow Distribution Co,Distributor,OUT0004,Kirana/General Store,SP010_Pooja,Dairy & Food Staples,SunRice Basmati 1kg,102.65,40,4106.0,10,410.6,3695.4,4137.4,Delivered,0,0.0,Direct,Cash
ORD100800,2024-08-22,Aug-2024,North,Punjab,Amritsar,D018,Amritsar Traders,Wholesaler,OUT0128,Modern Trade,SP016_Meera,Home Care,CleanWave Detergent 1kg,132.74,15,1991.1,0,0.0,1991.1,2342.13,Delivered,0,0.0,Indirect,Credit
ORD102594,2024-08-22,Aug-2024,South,Tamil Nadu,Coimbatore,D020,Coimbatore Marketing,Distributor,OUT0196,Wholesale Shop,SP014_Kavita,Home Care,CleanWave Detergent 1kg,100.0,37,3700.0,12,444.0,3256.0,3947.56,Delivered,0,0.0,Indirect,Cash
ORD100224,2024-08-22,Aug-2024,East,Odisha,Bhubaneswar,D007,Bhubaneswar Distribution Co,Super Stockist,OUT0062,Modern Trade,SP032_Divya,Snacks & Confectionery,ChocoNut Bar 40g,75.12,35,2629.2,8,210.34,2418.86,2622.39,Delivered,0,0.0,Direct,Credit
ORD103203,2024-08-22,Aug-2024,West,Gujarat,Surat,D027,Surat Agencies,Wholesaler,OUT0133,Convenience Store,SP035_Arjun,Personal Care,ShinyLocks Shampoo 200ml,109.84,7,768.88,8,61.51,707.37,840.84,Delivered,0,0.0,Direct,UPI/Online
ORD103200,2024-08-22,Aug-2024,South,Karnataka,Mysuru,D017,Mysuru Enterprises,Distributor,OUT0079,Kirana/General Store,SP040_Shreya,Home Care,PureAir Freshener 250ml,325.19,21,6828.99,0,0.0,6828.99,6441.93,Delivered,0,0.0,Indirect,UPI/Online
ORD102878,2024-08-22,Aug-2024,East,Odisha,Bhubaneswar,D007,Bhubaneswar Distribution Co,Super Stockist,OUT0193,Modern Trade,SP022_Amit,Home Care,SparkleShine Dishwash 500ml,333.78,25,8344.5,0,0.0,8344.5,9029.4,Delivered,0,0.0,Direct,Credit
ORD100970,2024-08-22,Aug-2024,North,Delhi,New Delhi,D003,New Delhi Traders,Super Stockist,OUT0082,Supermarket,SP033_Manoj,Snacks & Confectionery,CrispBite Chips 50g,182.34,8,1458.72,2,29.17,1429.55,1276.2,Delivered,0,0.0,Indirect,UPI/Online
ORD103106,2024-08-22,Aug-2024,South,Karnataka,Bengaluru,D002,Bengaluru Marketing,Distributor,OUT0075,Kirana/General Store,SP002_Amit,Snacks & Confectionery,ChocoNut Bar 40g,23.54,9,211.86,2,4.24,207.62,217.63,Returned,2,47.08,Direct,Cash
ORD103651,2024-08-23,Aug-2024,Central,Chhattisgarh,Raipur,D005,Raipur Enterprises,Wholesaler,OUT0011,Modern Trade,SP020_Shreya,Snacks & Confectionery,ChocoNut Bar 40g,190.28,30,5708.4,0,0.0,5708.4,6967.95,Delivered,0,0.0,Indirect,Credit
ORD101911,2024-08-23,Aug-2024,Central,Chhattisgarh,Raipur,D026,Raipur Agencies,Distributor,OUT0151,Modern Trade,SP036_Meera,Home Care,PureAir Freshener 250ml,336.8,27,9093.6,5,454.68,8638.92,8180.47,Delivered,0,0.0,Indirect,Credit
ORD100903,2024-08-23,Aug-2024,Central,Chhattisgarh,Raipur,D022,Raipur Agencies,Super Stockist,OUT0195,Supermarket,SP025_Vikram,Personal Care,ShinyLocks Shampoo 200ml,209.01,16,3344.16,5,167.21,3176.95,2734.22,Delivered,0,0.0,Direct,Cash
ORD103068,2024-08-23,Aug-2024,South,Tamil Nadu,Coimbatore,D020,Coimbatore Marketing,Distributor,OUT0087,Kirana/General Store,SP023_Priya,Dairy & Food Staples,SunRice Basmati 1kg,257.89,36,9284.04,0,0.0,9284.04,11218.4,Delivered,0,0.0,Indirect,Credit
ORD103005,2024-08-23,Aug-2024,Central,Chhattisgarh,Raipur,D026,Raipur Agencies,Distributor,OUT0048,Kirana/General Store,SP015_Arjun,Personal Care,GlowSoft Soap 100g,184.34,6,1106.04,5,55.3,1050.74,940.94,Delivered,0,0.0,Direct,Cash
ORD101428,2024-08-23,Aug-2024,North,Uttar Pradesh,Lucknow,D008,Lucknow Distribution Co,Distributor,OUT0085,Wholesale Shop,SP012_Divya,Personal Care,FreshBreath Toothpaste 150g,172.58,38,6558.04,0,0.0,6558.04,7624.44,Pending,0,0.0,Direct,Credit
ORD102149,2024-08-23,Aug-2024,South,Karnataka,Mysuru,D017,Mysuru Enterprises,Distributor,OUT0188,Convenience Store,SP024_Sneha,Home Care,ShineFloor Cleaner 1L,294.27,27,7945.29,10,794.53,7150.76,7204.18,Delivered,0,0.0,Indirect,Credit
ORD102994,2024-08-23,Aug-2024,East,Odisha,Bhubaneswar,D007,Bhubaneswar Distribution Co,Super Stockist,OUT0193,Modern Trade,SP010_Pooja,Beverages,MintCool Soda 300ml,55.03,13,715.39,0,0.0,715.39,865.22,Delivered,0,0.0,Direct,Credit
ORD102376,2024-08-23,Aug-2024,West,Goa,Panaji,D019,Panaji Traders,Distributor,OUT0089,Wholesale Shop,SP034_Kavita,Dairy & Food Staples,DailyFresh Ghee 500ml,208.55,28,5839.4,5,291.97,5547.43,6688.08,Delivered,0,0.0,Direct,Cash
ORD100277,2024-08-23,Aug-2024,West,Goa,Panaji,D019,Panaji Traders,Distributor,OUT0089,Wholesale Shop,SP008_Neha,Snacks & Confectionery,ChocoNut Bar 40g,168.43,16,2694.88,8,215.59,2479.29,2870.33,Delivered,0,0.0,Direct,UPI/Online
ORD101121,2024-08-23,Aug-2024,East,Odisha,Bhubaneswar,D007,Bhubaneswar Distribution Co,Super Stockist,OUT0178,Convenience Store,SP024_Sneha,Home Care,ShineFloor Cleaner 1L,102.66,15,1539.9,2,30.8,1509.1,1428.42,Pending,0,0.0,Direct,UPI/Online
ORD103714,2024-08-23,Aug-2024,Central,Chhattisgarh,Raipur,D005,Raipur Enterprises,Wholesaler,OUT0102,Convenience Store,SP004_Sneha,Dairy & Food Staples,PureDrop Milk 500ml,169.32,39,6603.48,0,0.0,6603.48,7718.98,Delivered,0,0.0,Direct,Credit
ORD103791,2024-08-23,Aug-2024,South,Tamil Nadu,Coimbatore,D023,Coimbatore Marketing,Super Stockist,OUT0108,Convenience Store,SP007_Suresh,Home Care,PureAir Freshener 250ml,73.56,18,1324.08,5,66.2,1257.88,1479.52,Delivered,0,0.0,Indirect,Cash
ORD103042,2024-08-23,Aug-2024,North,Punjab,Amritsar,D018,Amritsar Traders,Wholesaler,OUT0012,Supermarket,SP008_Neha,Dairy & Food Staples,GoldenGrain Atta 5kg,230.56,24,5533.44,5,276.67,5256.77,5767.56,Delivered,0,0.0,Direct,Credit
ORD101371,2024-08-23,Aug-2024,North,Delhi,New Delhi,D003,New Delhi Traders,Super Stockist,OUT0081,Wholesale Shop,SP030_Pooja,Snacks & Confectionery,ChocoNut Bar 40g,271.72,26,7064.72,5,353.24,6711.48,5730.37,Pending,0,0.0,Indirect,Credit
ORD100334,2024-08-24,Aug-2024,Central,Chhattisgarh,Raipur,D022,Raipur Agencies,Super Stockist,OUT0182,Supermarket,SP005_Vikram,Snacks & Confectionery,SweetPuff Biscuit 100g,150.67,25,3766.75,2,75.33,3691.42,4165.25,Delivered,0,0.0,Indirect,UPI/Online
ORD103099,2024-08-24,Aug-2024,South,Tamil Nadu,Coimbatore,D020,Coimbatore Marketing,Distributor,OUT0086,Kirana/General Store,SP026_Anjali,Home Care,PureAir Freshener 250ml,236.66,7,1656.62,2,33.13,1623.49,1630.25,Delivered,0,0.0,Indirect,UPI/Online
ORD102871,2024-08-24,Aug-2024,Central,Madhya Pradesh,Bhopal,D029,Bhopal Distribution Co,Super Stockist,OUT0112,Supermarket,SP033_Manoj,Home Care,CleanWave Detergent 1kg,291.66,14,4083.24,10,408.32,3674.92,3731.54,Delivered,0,0.0,Direct,Cash
ORD103261,2024-08-24,Aug-2024,South,Karnataka,Mysuru,D017,Mysuru Enterprises,Distributor,OUT0188,Convenience Store,SP034_Kavita,Dairy & Food Staples,PureDrop Milk 500ml,290.25,7,2031.75,2,40.64,1991.11,2029.88,Delivered,0,0.0,Indirect,Credit
ORD101731,2024-08-24,Aug-2024,North,Uttar Pradesh,Lucknow,D008,Lucknow Distribution Co,Distributor,OUT0005,Wholesale Shop,SP031_Ravi,Home Care,CleanWave Detergent 1kg,220.02,36,7920.72,0,0.0,7920.72,8337.35,Delivered,0,0.0,Indirect,Credit
ORD101821,2024-08-24,Aug-2024,North,Uttar Pradesh,Lucknow,D008,Lucknow Distribution Co,Distributor,OUT0054,Kirana/General Store,SP031_Ravi,Personal Care,ShinyLocks Shampoo 200ml,83.62,24,2006.88,8,160.55,1846.33,1935.57,Delivered,0,0.0,Direct,UPI/Online
ORD103804,2024-08-24,Aug-2024,North,Punjab,Amritsar,D018,Amritsar Traders,Wholesaler,OUT0132,Kirana/General Store,SP032_Divya,Beverages,OrangeZest Juice 1L,90.83,18,1634.94,2,32.7,1602.24,1783.41,Delivered,0,0.0,Indirect,Credit
ORD101913,2024-08-24,Aug-2024,South,Tamil Nadu,Coimbatore,D023,Coimbatore Marketing,Super Stockist,OUT0191,Convenience Store,SP025_Vikram,Home Care,SparkleShine Dishwash 500ml,168.16,33,5549.28,0,0.0,5549.28,4878.22,Delivered,0,0.0,Indirect,Cash
ORD101295,2024-08-24,Aug-2024,South,Tamil Nadu,Coimbatore,D023,Coimbatore Marketing,Super Stockist,OUT0018,Convenience Store,SP009_Karan,Beverages,FreshSip Cola 500ml,219.45,27,5925.15,2,118.5,5806.65,6725.06,Delivered,0,0.0,Indirect,Credit
ORD101935,2024-08-24,Aug-2024,South,Tamil Nadu,Coimbatore,D020,Coimbatore Marketing,Distributor,OUT0185,Convenience Store,SP027_Suresh,Beverages,FreshSip Cola 250ml,24.92,25,623.0,0,0.0,623.0,651.02,Delivered,0,0.0,Indirect,UPI/Online
ORD101933,2024-08-24,Aug-2024,East,Odisha,Bhubaneswar,D007,Bhubaneswar Distribution Co,Super Stockist,OUT0118,Convenience Store,SP030_Pooja,Snacks & Confectionery,SweetPuff Biscuit 100g,134.73,14,1886.22,5,94.31,1791.91,2133.98,Delivered,0,0.0,Indirect,Cash
ORD103537,2024-08-24,Aug-2024,Central,Chhattisgarh,Raipur,D011,Raipur Agencies,Super Stockist,OUT0125,Supermarket,SP008_Neha,Beverages,OrangeZest Juice 1L,57.84,22,1272.48,0,0.0,1272.48,1463.85,Delivered,0,0.0,Direct,Credit
ORD102445,2024-08-25,Aug-2024,North,Uttar Pradesh,Lucknow,D008,Lucknow Distribution Co,Distributor,OUT0022,Supermarket,SP008_Neha,Snacks & Confectionery,CrispBite Chips 50g,69.37,15,1040.55,10,104.06,936.49,932.76,Delivered,0,0.0,Indirect,UPI/Online
ORD102370,2024-08-25,Aug-2024,Central,Chhattisgarh,Raipur,D022,Raipur Agencies,Super Stockist,OUT0034,Modern Trade,SP007_Suresh,Home Care,CleanWave Detergent 1kg,219.65,22,4832.3,0,0.0,4832.3,4810.62,Delivered,0,0.0,Direct,Cash
ORD100218,2024-08-25,Aug-2024,Central,Chhattisgarh,Raipur,D009,Raipur Enterprises,Wholesaler,OUT0053,Modern Trade,SP021_Rahul,Personal Care,ShinyLocks Shampoo 200ml,261.93,28,7334.04,0,0.0,7334.04,9083.63,Delivered,0,0.0,Direct,UPI/Online
ORD103272,2024-08-25,Aug-2024,North,Punjab,Amritsar,D018,Amritsar Traders,Wholesaler,OUT0192,Supermarket,SP026_Anjali,Beverages,OrangeZest Juice 1L,183.3,40,7332.0,12,879.84,6452.16,6298.85,Pending,0,0.0,Direct,UPI/Online
ORD100032,2024-08-25,Aug-2024,East,Odisha,Bhubaneswar,D028,Bhubaneswar Distribution Co,Wholesaler,OUT0146,Supermarket,SP021_Rahul,Dairy & Food Staples,SunRice Basmati 1kg,259.57,31,8046.67,0,0.0,8046.67,8791.56,Cancelled,0,0.0,Direct,Credit
ORD101924,2024-08-25,Aug-2024,South,Karnataka,Bengaluru,D002,Bengaluru Marketing,Distributor,OUT0074,Convenience Store,SP026_Anjali,Home Care,SparkleShine Dishwash 500ml,272.19,29,7893.51,5,394.68,7498.83,7007.02,Delivered,0,0.0,Indirect,Cash
ORD103465,2024-08-25,Aug-2024,North,Punjab,Ludhiana,D015,Ludhiana Traders,Distributor,OUT0095,Convenience Store,SP007_Suresh,Home Care,ShineFloor Cleaner 1L,139.7,6,838.2,2,16.76,821.44,851.01,Pending,0,0.0,Indirect,Credit
ORD102911,2024-08-25,Aug-2024,South,Tamil Nadu,Coimbatore,D023,Coimbatore Marketing,Super Stockist,OUT0028,Kirana/General Store,SP003_Priya,Beverages,OrangeZest Juice 1L,39.55,33,1305.15,0,0.0,1305.15,1328.48,Pending,0,0.0,Direct,Cash
ORD101879,2024-08-25,Aug-2024,Central,Madhya Pradesh,Jabalpur,D030,Jabalpur Distribution Co,Distributor,OUT0181,Wholesale Shop,SP009_Karan,Snacks & Confectionery,CrispBite Chips 50g,307.13,7,2149.91,8,171.99,1977.92,2466.07,Delivered,0,0.0,Direct,Credit
ORD100533,2024-08-25,Aug-2024,Central,Chhattisgarh,Raipur,D009,Raipur Enterprises,Wholesaler,OUT0013,Wholesale Shop,SP024_Sneha,Beverages,FreshSip Cola 500ml,256.41,26,6666.66,0,0.0,6666.66,6310.66,Delivered,0,0.0,Indirect,Credit
ORD100470,2024-08-26,Aug-2024,South,Tamil Nadu,Coimbatore,D023,Coimbatore Marketing,Super Stockist,OUT0068,Wholesale Shop,SP007_Suresh,Snacks & Confectionery,ChocoNut Bar 40g,255.73,34,8694.82,5,434.74,8260.08,7926.61,Pending,0,0.0,Indirect,Cash
ORD100086,2024-08-26,Aug-2024,South,Karnataka,Bengaluru,D002,Bengaluru Marketing,Distributor,OUT0074,Convenience Store,SP038_Rina,Dairy & Food Staples,GoldenGrain Atta 5kg,168.68,8,1349.44,5,67.47,1281.97,1147.91,Delivered,0,0.0,Direct,Credit
ORD101012,2024-08-26,Aug-2024,North,Uttar Pradesh,Lucknow,D008,Lucknow Distribution Co,Distributor,OUT0029,Kirana/General Store,SP019_Deepak,Dairy & Food Staples,GoldenGrain Atta 5kg,258.77,56,14491.12,5,724.56,13766.56,14706.81,Delivered,0,0.0,Indirect,Credit
ORD103801,2024-08-26,Aug-2024,West,Goa,Panaji,D024,Panaji Marketing,Distributor,OUT0115,Wholesale Shop,SP029_Karan,Dairy & Food Staples,DailyFresh Ghee 500ml,250.17,20,5003.4,2,100.07,4903.33,5364.78,Delivered,0,0.0,Indirect,Cash
ORD101536,2024-08-26,Aug-2024,South,Tamil Nadu,Coimbatore,D023,Coimbatore Marketing,Super Stockist,OUT0028,Kirana/General Store,SP028_Neha,Beverages,FreshSip Cola 500ml,247.01,23,5681.23,2,113.62,5567.61,5600.25,Delivered,0,0.0,Indirect,Credit
ORD100294,2024-08-26,Aug-2024,West,Goa,Panaji,D019,Panaji Traders,Distributor,OUT0026,Supermarket,SP021_Rahul,Home Care,PureAir Freshener 250ml,233.12,24,5594.88,8,447.59,5147.29,6118.1,Pending,0,0.0,Indirect,Credit
ORD100013,2024-08-26,Aug-2024,West,Gujarat,Surat,D027,Surat Agencies,Wholesaler,OUT0107,Wholesale Shop,SP038_Rina,Beverages,FreshSip Cola 500ml,40.97,15,614.55,0,0.0,614.55,679.09,Delivered,0,0.0,Indirect,Credit
ORD103593,2024-08-26,Aug-2024,Central,Chhattisgarh,Raipur,D022,Raipur Agencies,Super Stockist,OUT0186,Kirana/General Store,SP001_Rahul,Dairy & Food Staples,PureDrop Milk 500ml,26.6,11,292.6,0,0.0,292.6,299.59,Delivered,0,0.0,Indirect,UPI/Online
ORD100293,2024-08-26,Aug-2024,North,Uttar Pradesh,Lucknow,D010,Lucknow Marketing,Distributor,OUT0137,Convenience Store,SP032_Divya,Personal Care,FreshBreath Toothpaste 150g,165.0,30,4950.0,0,0.0,4950.0,5963.61,Delivered,0,0.0,Direct,UPI/Online
ORD100831,2024-08-27,Aug-2024,North,Punjab,Amritsar,D018,Amritsar Traders,Wholesaler,OUT0012,Supermarket,SP014_Kavita,Beverages,OrangeZest Juice 1L,330.64,33,10911.12,2,218.22,10692.9,10267.61,Returned,1,330.64,Indirect,Credit
ORD101868,2024-08-27,Aug-2024,East,Odisha,Bhubaneswar,D007,Bhubaneswar Distribution Co,Super Stockist,OUT0140,Supermarket,SP030_Pooja,Snacks & Confectionery,CrispBite Chips 50g,122.76,17,2086.92,10,208.69,1878.23,2026.34,Delivered,0,0.0,Indirect,UPI/Online
ORD101657,2024-08-27,Aug-2024,East,Odisha,Bhubaneswar,D007,Bhubaneswar Distribution Co,Super Stockist,OUT0091,Convenience Store,SP030_Pooja,Home Care,ShineFloor Cleaner 1L,304.49,23,7003.27,0,0.0,7003.27,8685.75,Delivered,0,0.0,Indirect,Credit
ORD101676,2024-08-27,Aug-2024,Central,Chhattisgarh,Raipur,D022,Raipur Agencies,Super Stockist,OUT0186,Kirana/General Store,SP023_Priya,Home Care,PureAir Freshener 250ml,282.78,7,1979.46,5,98.97,1880.49,1689.87,Delivered,0,0.0,Direct,Cash
ORD102921,2024-08-27,Aug-2024,West,Goa,Panaji,D019,Panaji Traders,Distributor,OUT0076,Modern Trade,SP016_Meera,Snacks & Confectionery,ChocoNut Bar 40g,24.02,8,192.16,0,0.0,192.16,235.72,Delivered,0,0.0,Indirect,UPI/Online
ORD101270,2024-08-27,Aug-2024,South,Tamil Nadu,Coimbatore,D020,Coimbatore Marketing,Distributor,OUT0185,Convenience Store,SP013_Manoj,Home Care,PureAir Freshener 250ml,112.03,10,1120.3,0,0.0,1120.3,977.86,Delivered,0,0.0,Indirect,Credit
ORD102618,2024-08-27,Aug-2024,East,Odisha,Bhubaneswar,D007,Bhubaneswar Distribution Co,Super Stockist,OUT0140,Supermarket,SP007_Suresh,Beverages,MintCool Soda 300ml,260.72,14,3650.08,0,0.0,3650.08,4293.4,Delivered,0,0.0,Direct,Cash
ORD103794,2024-08-27,Aug-2024,Central,Madhya Pradesh,Bhopal,D029,Bhopal Distribution Co,Super Stockist,OUT0139,Convenience Store,SP025_Vikram,Dairy & Food Staples,GoldenGrain Atta 5kg,40.25,56,2254.0,0,0.0,2254.0,2383.81,Delivered,0,0.0,Direct,Cash
ORD102493,2024-08-27,Aug-2024,East,West Bengal,Kolkata,D006,Kolkata Enterprises,Distributor,OUT0106,Modern Trade,SP029_Karan,Dairy & Food Staples,PureDrop Milk 500ml,318.23,34,10819.82,5,540.99,10278.83,9079.06,Delivered,0,0.0,Direct,UPI/Online
ORD100017,2024-08-27,Aug-2024,North,Uttar Pradesh,Lucknow,D008,Lucknow Distribution Co,Distributor,OUT0033,Convenience Store,SP037_Sanjay,Dairy & Food Staples,PureDrop Milk 500ml,269.33,39,10503.87,0,0.0,10503.87,9605.67,Delivered,0,0.0,Indirect,UPI/Online
ORD103670,2024-08-27,Aug-2024,South,Karnataka,Mysuru,D017,Mysuru Enterprises,Distributor,OUT0077,Wholesale Shop,SP004_Sneha,Personal Care,GlowSoft Soap 100g,135.61,32,4339.52,0,0.0,4339.52,5241.23,Delivered,0,0.0,Indirect,UPI/Online
ORD103189,2024-08-27,Aug-2024,East,Odisha,Bhubaneswar,D028,Bhubaneswar Distribution Co,Wholesaler,OUT0156,Modern Trade,SP008_Neha,Home Care,ShineFloor Cleaner 1L,156.85,10,1568.5,2,31.37,1537.13,1618.42,Delivered,0,0.0,Direct,UPI/Online
ORD100223,2024-08-27,Aug-2024,North,Punjab,Amritsar,D018,Amritsar Traders,Wholesaler,OUT0128,Modern Trade,SP033_Manoj,Personal Care,SilkTouch Lotion 200ml,293.53,18,5283.54,0,0.0,5283.54,5984.72,Delivered,0,0.0,Direct,Credit
ORD102384,2024-08-27,Aug-2024,East,Bihar,Patna,D014,Patna Distribution Co,Wholesaler,OUT0043,Modern Trade,SP022_Amit,Home Care,CleanWave Detergent 1kg,266.43,29,7726.47,0,0.0,7726.47,7245.35,Delivered,0,0.0,Direct,Credit
ORD103302,2024-08-28,Aug-2024,Central,Madhya Pradesh,Bhopal,D029,Bhopal Distribution Co,Super Stockist,OUT0114,Kirana/General Store,SP026_Anjali,Personal Care,ShinyLocks Shampoo 200ml,141.37,44,6220.28,5,311.01,5909.27,7127.56,Delivered,0,0.0,Indirect,Cash
ORD102989,2024-08-28,Aug-2024,South,Karnataka,Mysuru,D017,Mysuru Enterprises,Distributor,OUT0077,Wholesale Shop,SP014_Kavita,Home Care,CleanWave Detergent 1kg,67.57,60,4054.2,5,202.71,3851.49,3450.75,Returned,6,405.42,Indirect,UPI/Online
ORD103972,2024-08-28,Aug-2024,Central,Madhya Pradesh,Bhopal,D029,Bhopal Distribution Co,Super Stockist,OUT0143,Modern Trade,SP009_Karan,Home Care,ShineFloor Cleaner 1L,241.41,37,8932.17,10,893.22,8038.95,7077.02,Delivered,0,0.0,Direct,UPI/Online
ORD101600,2024-08-28,Aug-2024,North,Punjab,Amritsar,D018,Amritsar Traders,Wholesaler,OUT0025,Supermarket,SP026_Anjali,Home Care,PureAir Freshener 250ml,78.42,26,2038.92,0,0.0,2038.92,2449.01,Returned,5,392.1,Direct,Credit
ORD101742,2024-08-28,Aug-2024,West,Goa,Panaji,D019,Panaji Traders,Distributor,OUT0076,Modern Trade,SP019_Deepak,Dairy & Food Staples,PureDrop Milk 500ml,210.44,9,1893.96,2,37.88,1856.08,2249.14,Delivered,0,0.0,Direct,Cash
ORD103079,2024-08-28,Aug-2024,North,Punjab,Ludhiana,D015,Ludhiana Traders,Distributor,OUT0051,Supermarket,SP028_Neha,Beverages,MintCool Soda 300ml,196.48,21,4126.08,5,206.3,3919.78,4482.84,Delivered,0,0.0,Indirect,UPI/Online
ORD103765,2024-08-28,Aug-2024,North,Uttar Pradesh,Lucknow,D010,Lucknow Marketing,Distributor,OUT0111,Kirana/General Store,SP034_Kavita,Personal Care,GlowSoft Soap 100g,232.67,15,3490.05,0,0.0,3490.05,3521.55,Delivered,0,0.0,Direct,Credit
ORD100841,2024-08-28,Aug-2024,East,West Bengal,Kolkata,D006,Kolkata Enterprises,Distributor,OUT0060,Modern Trade,SP017_Sanjay,Snacks & Confectionery,CrispBite Chips 100g,305.24,2,610.48,2,12.21,598.27,739.87,Delivered,0,0.0,Indirect,UPI/Online
ORD101296,2024-08-29,Aug-2024,South,Karnataka,Bengaluru,D002,Bengaluru Marketing,Distributor,OUT0072,Wholesale Shop,SP007_Suresh,Snacks & Confectionery,CrispBite Chips 100g,184.87,12,2218.44,5,110.92,2107.52,1936.14,Delivered,0,0.0,Indirect,UPI/Online
ORD100932,2024-08-29,Aug-2024,West,Goa,Panaji,D024,Panaji Marketing,Distributor,OUT0150,Convenience Store,SP014_Kavita,Home Care,CleanWave Detergent 1kg,183.93,20,3678.6,2,73.57,3605.03,4119.64,Delivered,0,0.0,Indirect,Cash
ORD103437,2024-08-29,Aug-2024,East,West Bengal,Kolkata,D006,Kolkata Enterprises,Distributor,OUT0064,Modern Trade,SP009_Karan,Dairy & Food Staples,DailyFresh Ghee 500ml,233.49,32,7471.68,2,149.43,7322.25,9061.25,Delivered,0,0.0,Direct,Cash
ORD102563,2024-08-29,Aug-2024,Central,Chhattisgarh,Raipur,D009,Raipur Enterprises,Wholesaler,OUT0164,Kirana/General Store,SP008_Neha,Home Care,PureAir Freshener 250ml,144.41,11,1588.51,2,31.77,1556.74,1560.21,Cancelled,0,0.0,Indirect,UPI/Online
ORD100468,2024-08-29,Aug-2024,Central,Chhattisgarh,Raipur,D021,Raipur Traders,Super Stockist,OUT0126,Convenience Store,SP012_Divya,Personal Care,GlowSoft Soap 100g,107.56,7,752.92,8,60.23,692.69,731.16,Delivered,0,0.0,Indirect,Credit
ORD102051,2024-08-29,Aug-2024,East,West Bengal,Kolkata,D006,Kolkata Enterprises,Distributor,OUT0060,Modern Trade,SP040_Shreya,Home Care,PureAir Freshener 250ml,269.2,25,6730.0,0,0.0,6730.0,6634.61,Delivered,0,0.0,Indirect,UPI/Online
ORD100272,2024-08-29,Aug-2024,Central,Madhya Pradesh,Jabalpur,D025,Jabalpur Agencies,Wholesaler,OUT0009,Wholesale Shop,SP027_Suresh,Personal Care,SilkTouch Lotion 200ml,54.87,23,1262.01,0,0.0,1262.01,1400.93,Delivered,0,0.0,Direct,Cash
ORD102013,2024-08-29,Aug-2024,North,Uttar Pradesh,Lucknow,D008,Lucknow Distribution Co,Distributor,OUT0005,Wholesale Shop,SP012_Divya,Personal Care,FreshBreath Toothpaste 150g,248.82,19,4727.58,0,0.0,4727.58,4568.07,Delivered,0,0.0,Direct,Cash
ORD101843,2024-08-29,Aug-2024,East,Odisha,Bhubaneswar,D028,Bhubaneswar Distribution Co,Wholesaler,OUT0156,Modern Trade,SP035_Arjun,Home Care,ShineFloor Cleaner 1L,307.02,44,13508.88,0,0.0,13508.88,12024.14,Delivered,0,0.0,Direct,UPI/Online
ORD103655,2024-08-29,Aug-2024,Central,Chhattisgarh,Raipur,D022,Raipur Agencies,Super Stockist,OUT0162,Supermarket,SP016_Meera,Beverages,OrangeZest Juice 1L,66.91,9,602.19,0,0.0,602.19,610.7,Delivered,0,0.0,Direct,UPI/Online
ORD103911,2024-08-30,Aug-2024,Central,Chhattisgarh,Raipur,D022,Raipur Agencies,Super Stockist,OUT0034,Modern Trade,SP001_Rahul,Home Care,CleanWave Detergent 1kg,81.1,43,3487.3,0,0.0,3487.3,3348.21,Delivered,0,0.0,Indirect,Cash
ORD102295,2024-08-30,Aug-2024,Central,Madhya Pradesh,Jabalpur,D025,Jabalpur Agencies,Wholesaler,OUT0009,Wholesale Shop,SP005_Vikram,Personal Care,SilkTouch Lotion 200ml,294.28,14,4119.92,2,82.4,4037.52,4233.94,Cancelled,0,0.0,Indirect,Credit
ORD100819,2024-08-30,Aug-2024,Central,Madhya Pradesh,Jabalpur,D025,Jabalpur Agencies,Wholesaler,OUT0010,Supermarket,SP035_Arjun,Snacks & Confectionery,SweetPuff Biscuit 100g,251.29,18,4523.22,5,226.16,4297.06,4481.0,Delivered,0,0.0,Direct,Credit
ORD100023,2024-08-30,Aug-2024,Central,Madhya Pradesh,Jabalpur,D004,Jabalpur Traders,Wholesaler,OUT0172,Wholesale Shop,SP024_Sneha,Beverages,FreshSip Cola 500ml,119.29,46,5487.34,0,0.0,5487.34,5767.59,Delivered,0,0.0,Indirect,Credit
ORD103582,2024-08-30,Aug-2024,East,Odisha,Bhubaneswar,D007,Bhubaneswar Distribution Co,Super Stockist,OUT0050,Wholesale Shop,SP040_Shreya,Dairy & Food Staples,GoldenGrain Atta 5kg,130.7,19,2483.3,5,124.16,2359.14,2090.55,Delivered,0,0.0,Indirect,UPI/Online
ORD103642,2024-08-30,Aug-2024,Central,Madhya Pradesh,Jabalpur,D004,Jabalpur Traders,Wholesaler,OUT0169,Convenience Store,SP029_Karan,Personal Care,ShinyLocks Shampoo 200ml,130.92,18,2356.56,5,117.83,2238.73,2166.18,Delivered,0,0.0,Indirect,Cash
ORD103458,2024-08-30,Aug-2024,East,Bihar,Patna,D014,Patna Distribution Co,Wholesaler,OUT0052,Supermarket,SP039_Deepak,Dairy & Food Staples,SunRice Basmati 1kg,204.19,21,4287.99,2,85.76,4202.23,4275.98,Delivered,0,0.0,Indirect,Credit
ORD101131,2024-08-30,Aug-2024,Central,Madhya Pradesh,Bhopal,D029,Bhopal Distribution Co,Super Stockist,OUT0030,Kirana/General Store,SP002_Amit,Home Care,PureAir Freshener 250ml,225.65,22,4964.3,5,248.22,4716.08,5058.86,Delivered,0,0.0,Indirect,Credit
ORD102166,2024-08-30,Aug-2024,South,Tamil Nadu,Coimbatore,D020,Coimbatore Marketing,Distributor,OUT0098,Wholesale Shop,SP024_Sneha,Home Care,SparkleShine Dishwash 500ml,59.73,3,179.19,5,8.96,170.23,202.43,Delivered,0,0.0,Indirect,UPI/Online
ORD103066,2024-08-30,Aug-2024,Central,Madhya Pradesh,Jabalpur,D004,Jabalpur Traders,Wholesaler,OUT0056,Kirana/General Store,SP015_Arjun,Beverages,FreshSip Cola 500ml,274.11,6,1644.66,0,0.0,1644.66,1879.6,Pending,0,0.0,Indirect,Credit
ORD103244,2024-08-30,Aug-2024,Central,Madhya Pradesh,Jabalpur,D004,Jabalpur Traders,Wholesaler,OUT0130,Kirana/General Store,SP005_Vikram,Dairy & Food Staples,GoldenGrain Atta 5kg,314.06,12,3768.72,5,188.44,3580.28,4370.29,Delivered,0,0.0,Indirect,UPI/Online
ORD102394,2024-08-30,Aug-2024,West,Gujarat,Surat,D027,Surat Agencies,Wholesaler,OUT0008,Kirana/General Store,SP032_Divya,Personal Care,FreshBreath Toothpaste 150g,50.39,17,856.63,0,0.0,856.63,776.35,Delivered,0,0.0,Direct,Cash
ORD100881,2024-08-30,Aug-2024,South,Tamil Nadu,Coimbatore,D023,Coimbatore Marketing,Super Stockist,OUT0068,Wholesale Shop,SP025_Vikram,Snacks & Confectionery,SweetPuff Biscuit 100g,122.38,22,2692.36,0,0.0,2692.36,2432.05,Delivered,0,0.0,Direct,Credit
ORD101125,2024-08-30,Aug-2024,South,Tamil Nadu,Coimbatore,D020,Coimbatore Marketing,Distributor,OUT0109,Wholesale Shop,SP029_Karan,Beverages,FreshSip Cola 250ml,167.09,16,2673.44,2,53.47,2619.97,3048.57,Delivered,0,0.0,Direct,Cash
ORD103328,2024-08-30,Aug-2024,Central,Madhya Pradesh,Jabalpur,D030,Jabalpur Distribution Co,Distributor,OUT0002,Convenience Store,SP004_Sneha,Home Care,PureAir Freshener 250ml,131.14,17,2229.38,2,44.59,2184.79,2297.85,Delivered,0,0.0,Direct,Credit
ORD101182,2024-08-31,Aug-2024,North,Punjab,Amritsar,D018,Amritsar Traders,Wholesaler,OUT0129,Kirana/General Store,SP012_Divya,Beverages,FreshSip Cola 250ml,73.62,26,1914.12,0,0.0,1914.12,2065.26,Delivered,0,0.0,Indirect,UPI/Online
ORD103455,2024-08-31,Aug-2024,East,Odisha,Bhubaneswar,D028,Bhubaneswar Distribution Co,Wholesaler,OUT0156,Modern Trade,SP034_Kavita,Beverages,MintCool Soda 300ml,216.72,16,3467.52,2,69.35,3398.17,3850.48,Returned,1,216.72,Indirect,UPI/Online
ORD100880,2024-08-31,Aug-2024,East,West Bengal,Kolkata,D006,Kolkata Enterprises,Distributor,OUT0078,Kirana/General Store,SP025_Vikram,Home Care,SparkleShine Dishwash 500ml,228.47,6,1370.82,0,0.0,1370.82,1434.98,Delivered,0,0.0,Direct,UPI/Online
ORD101064,2024-08-31,Aug-2024,North,Delhi,New Delhi,D003,New Delhi Traders,Super Stockist,OUT0184,Convenience Store,SP003_Priya,Personal Care,FreshBreath Toothpaste 150g,49.3,17,838.1,0,0.0,838.1,796.59,Delivered,0,0.0,Direct,UPI/Online
ORD102186,2024-08-31,Aug-2024,North,Punjab,Ludhiana,D015,Ludhiana Traders,Distributor,OUT0051,Supermarket,SP038_Rina,Home Care,SparkleShine Dishwash 500ml,290.71,13,3779.23,2,75.58,3703.65,3861.7,Delivered,0,0.0,Indirect,UPI/Online
ORD100584,2024-08-31,Aug-2024,South,Tamil Nadu,Coimbatore,D020,Coimbatore Marketing,Distributor,OUT0144,Supermarket,SP016_Meera,Beverages,FreshSip Cola 250ml,30.05,15,450.75,5,22.54,428.21,451.31,Cancelled,0,0.0,Indirect,Credit
ORD100311,2024-08-31,Aug-2024,Central,Chhattisgarh,Raipur,D005,Raipur Enterprises,Wholesaler,OUT0070,Supermarket,SP035_Arjun,Beverages,FreshSip Cola 250ml,349.45,24,8386.8,5,419.34,7967.46,7149.48,Delivered,0,0.0,Indirect,Credit
ORD103955,2024-08-31,Aug-2024,North,Delhi,New Delhi,D003,New Delhi Traders,Super Stockist,OUT0006,Kirana/General Store,SP018_Rina,Beverages,FreshSip Cola 250ml,103.82,25,2595.5,0,0.0,2595.5,2326.0,Delivered,0,0.0,Direct,UPI/Online
ORD103678,2024-08-31,Aug-2024,West,Gujarat,Surat,D027,Surat Agencies,Wholesaler,OUT0123,Convenience Store,SP031_Ravi,Personal Care,FreshBreath Toothpaste 150g,123.25,31,3820.75,0,0.0,3820.75,3955.2,Delivered,0,0.0,Indirect,Credit
ORD101545,2024-08-31,Aug-2024,Central,Madhya Pradesh,Bhopal,D029,Bhopal Distribution Co,Super Stockist,OUT0138,Kirana/General Store,SP025_Vikram,Snacks & Confectionery,SweetPuff Biscuit 100g,72.77,12,873.24,5,43.66,829.58,727.96,Returned,3,218.31,Indirect,UPI/Online
ORD101044,2024-08-31,Aug-2024,North,Delhi,New Delhi,D001,New Delhi Traders,Super Stockist,OUT0110,Wholesale Shop,SP033_Manoj,Snacks & Confectionery,ChocoNut Bar 40g,94.47,31,2928.57,0,0.0,2928.57,2518.36,Returned,2,188.94,Indirect,Credit
ORD101176,2024-08-31,Aug-2024,South,Tamil Nadu,Coimbatore,D020,Coimbatore Marketing,Distributor,OUT0185,Convenience Store,SP030_Pooja,Dairy & Food Staples,GoldenGrain Atta 5kg,252.48,58,14643.84,2,292.88,14350.96,15029.75,Delivered,0,0.0,Indirect,UPI/Online
ORD101075,2024-09-01,Sep-2024,Central,Chhattisgarh,Raipur,D022,Raipur Agencies,Super Stockist,OUT0189,Modern Trade,SP021_Rahul,Snacks & Confectionery,ChocoNut Bar 40g,164.47,11,1809.17,0,0.0,1809.17,1592.45,Delivered,0,0.0,Direct,UPI/Online
ORD101760,2024-09-01,Sep-2024,North,Delhi,New Delhi,D001,New Delhi Traders,Super Stockist,OUT0180,Wholesale Shop,SP033_Manoj,Snacks & Confectionery,CrispBite Chips 100g,324.97,27,8774.19,10,877.42,7896.77,7875.84,Delivered,0,0.0,Indirect,UPI/Online
ORD102899,2024-09-01,Sep-2024,South,Tamil Nadu,Coimbatore,D020,Coimbatore Marketing,Distributor,OUT0086,Kirana/General Store,SP017_Sanjay,Dairy & Food Staples,PureDrop Milk 500ml,76.82,54,4148.28,8,331.86,3816.42,3537.87,Delivered,0,0.0,Indirect,UPI/Online
ORD103733,2024-09-01,Sep-2024,West,Gujarat,Surat,D027,Surat Agencies,Wholesaler,OUT0008,Kirana/General Store,SP004_Sneha,Home Care,CleanWave Detergent 1kg,213.84,21,4490.64,10,449.06,4041.58,3590.24,Delivered,0,0.0,Direct,Credit
ORD102976,2024-09-01,Sep-2024,South,Telangana,Hyderabad,D012,Hyderabad Traders,Super Stockist,OUT0042,Modern Trade,SP040_Shreya,Beverages,FreshSip Cola 250ml,251.64,13,3271.32,2,65.43,3205.89,3772.28,Delivered,0,0.0,Direct,Cash
ORD101374,2024-09-01,Sep-2024,Central,Chhattisgarh,Raipur,D022,Raipur Agencies,Super Stockist,OUT0162,Supermarket,SP004_Sneha,Snacks & Confectionery,SweetPuff Biscuit 100g,169.01,52,8788.52,5,439.43,8349.09,8493.13,Pending,0,0.0,Direct,Credit
ORD103062,2024-09-01,Sep-2024,North,Delhi,New Delhi,D001,New Delhi Traders,Super Stockist,OUT0001,Kirana/General Store,SP011_Ravi,Snacks & Confectionery,CrispBite Chips 50g,61.29,20,1225.8,12,147.1,1078.7,979.67,Delivered,0,0.0,Direct,Credit
ORD100515,2024-09-01,Sep-2024,Central,Madhya Pradesh,Jabalpur,D004,Jabalpur Traders,Wholesaler,OUT0099,Kirana/General Store,SP024_Sneha,Beverages,FreshSip Cola 250ml,336.75,31,10439.25,5,521.96,9917.29,10131.28,Delivered,0,0.0,Indirect,UPI/Online
ORD101629,2024-09-01,Sep-2024,Central,Chhattisgarh,Raipur,D011,Raipur Agencies,Super Stockist,OUT0190,Modern Trade,SP005_Vikram,Personal Care,ShinyLocks Shampoo 200ml,126.08,31,3908.48,0,0.0,3908.48,3583.6,Delivered,0,0.0,Direct,UPI/Online
ORD102950,2024-09-02,Sep-2024,North,Punjab,Amritsar,D018,Amritsar Traders,Wholesaler,OUT0129,Kirana/General Store,SP013_Manoj,Personal Care,ShinyLocks Shampoo 200ml,337.84,22,7432.48,5,371.62,7060.86,7917.14,Delivered,0,0.0,Indirect,Cash
ORD102258,2024-09-02,Sep-2024,East,Bihar,Patna,D014,Patna Distribution Co,Wholesaler,OUT0052,Supermarket,SP016_Meera,Personal Care,GlowSoft Soap 100g,111.46,18,2006.28,0,0.0,2006.28,1905.88,Delivered,0,0.0,Indirect,Cash
ORD102255,2024-09-02,Sep-2024,Central,Madhya Pradesh,Jabalpur,D025,Jabalpur Agencies,Wholesaler,OUT0017,Supermarket,SP025_Vikram,Snacks & Confectionery,CrispBite Chips 100g,42.97,56,2406.32,8,192.51,2213.81,2382.08,Delivered,0,0.0,Direct,UPI/Online
ORD102132,2024-09-02,Sep-2024,South,Tamil Nadu,Coimbatore,D023,Coimbatore Marketing,Super Stockist,OUT0028,Kirana/General Store,SP012_Divya,Beverages,FreshSip Cola 500ml,92.64,21,1945.44,5,97.27,1848.17,2160.08,Pending,0,0.0,Direct,Credit
ORD101389,2024-09-02,Sep-2024,North,Uttar Pradesh,Lucknow,D010,Lucknow Marketing,Distributor,OUT0071,Supermarket,SP028_Neha,Beverages,FreshSip Cola 500ml,293.36,23,6747.28,0,0.0,6747.28,7096.58,Delivered,0,0.0,Direct,UPI/Online
ORD102145,2024-09-02,Sep-2024,East,Odisha,Bhubaneswar,D007,Bhubaneswar Distribution Co,Super Stockist,OUT0040,Kirana/General Store,SP012_Divya,Home Care,PureAir Freshener 250ml,94.58,11,1040.38,0,0.0,1040.38,1113.94,Cancelled,0,0.0,Direct,Credit
ORD100439,2024-09-02,Sep-2024,East,Odisha,Bhubaneswar,D007,Bhubaneswar Distribution Co,Super Stockist,OUT0140,Supermarket,SP021_Rahul,Home Care,PureAir Freshener 250ml,115.87,50,5793.5,10,579.35,5214.15,4561.76,Delivered,0,0.0,Indirect,UPI/Online
ORD100459,2024-09-02,Sep-2024,Central,Madhya Pradesh,Bhopal,D029,Bhopal Distribution Co,Super Stockist,OUT0148,Modern Trade,SP019_Deepak,Snacks & Confectionery,CrispBite Chips 100g,302.16,1,302.16,0,0.0,302.16,370.54,Delivered,0,0.0,Indirect,Cash
ORD100944,2024-09-02,Sep-2024,Central,Madhya Pradesh,Jabalpur,D004,Jabalpur Traders,Wholesaler,OUT0172,Wholesale Shop,SP038_Rina,Personal Care,ShinyLocks Shampoo 200ml,182.48,20,3649.6,10,364.96,3284.64,4043.08,Delivered,0,0.0,Indirect,UPI/Online
ORD100331,2024-09-02,Sep-2024,North,Delhi,New Delhi,D003,New Delhi Traders,Super Stockist,OUT0081,Wholesale Shop,SP032_Divya,Snacks & Confectionery,SweetPuff Biscuit 100g,345.05,21,7246.05,2,144.92,7101.13,6335.55,Delivered,0,0.0,Indirect,Credit
ORD103871,2024-09-02,Sep-2024,Central,Madhya Pradesh,Bhopal,D029,Bhopal Distribution Co,Super Stockist,OUT0063,Kirana/General Store,SP006_Anjali,Beverages,OrangeZest Juice 1L,268.8,31,8332.8,12,999.94,7332.86,8650.37,Returned,4,1075.2,Indirect,Credit
ORD100626,2024-09-02,Sep-2024,North,Uttar Pradesh,Lucknow,D008,Lucknow Distribution Co,Distributor,OUT0054,Kirana/General Store,SP002_Amit,Dairy & Food Staples,GoldenGrain Atta 5kg,22.11,48,1061.28,5,53.06,1008.22,1238.8,Delivered,0,0.0,Indirect,Credit
ORD100567,2024-09-02,Sep-2024,West,Goa,Panaji,D024,Panaji Marketing,Distributor,OUT0150,Convenience Store,SP019_Deepak,Dairy & Food Staples,SunRice Basmati 1kg,186.82,20,3736.4,5,186.82,3549.58,3709.79,Delivered,0,0.0,Indirect,UPI/Online
ORD102697,2024-09-02,Sep-2024,East,Odisha,Bhubaneswar,D007,Bhubaneswar Distribution Co,Super Stockist,OUT0119,Convenience Store,SP036_Meera,Personal Care,FreshBreath Toothpaste 150g,220.6,34,7500.4,8,600.03,6900.37,7339.24,Delivered,0,0.0,Indirect,Credit
ORD101481,2024-09-02,Sep-2024,East,Odisha,Bhubaneswar,D007,Bhubaneswar Distribution Co,Super Stockist,OUT0040,Kirana/General Store,SP035_Arjun,Snacks & Confectionery,CrispBite Chips 50g,130.93,10,1309.3,2,26.19,1283.11,1131.59,Delivered,0,0.0,Indirect,Credit
ORD100544,2024-09-03,Sep-2024,West,Goa,Panaji,D019,Panaji Traders,Distributor,OUT0089,Wholesale Shop,SP040_Shreya,Home Care,SparkleShine Dishwash 500ml,155.69,42,6538.98,0,0.0,6538.98,6165.0,Delivered,0,0.0,Indirect,UPI/Online
ORD101325,2024-09-03,Sep-2024,North,Punjab,Ludhiana,D015,Ludhiana Traders,Distributor,OUT0021,Kirana/General Store,SP029_Karan,Personal Care,SilkTouch Lotion 200ml,90.9,23,2090.7,0,0.0,2090.7,2059.55,Delivered,0,0.0,Direct,Credit
ORD100644,2024-09-04,Sep-2024,North,Delhi,New Delhi,D001,New Delhi Traders,Super Stockist,OUT0065,Modern Trade,SP009_Karan,Personal Care,FreshBreath Toothpaste 150g,151.01,29,4379.29,5,218.96,4160.33,3671.46,Delivered,0,0.0,Indirect,Credit
ORD100073,2024-09-04,Sep-2024,West,Goa,Panaji,D019,Panaji Traders,Distributor,OUT0089,Wholesale Shop,SP013_Manoj,Personal Care,SilkTouch Lotion 200ml,174.66,50,8733.0,0,0.0,8733.0,9690.87,Delivered,0,0.0,Indirect,Credit
ORD100541,2024-09-04,Sep-2024,Central,Chhattisgarh,Raipur,D011,Raipur Agencies,Super Stockist,OUT0125,Supermarket,SP017_Sanjay,Beverages,MintCool Soda 300ml,127.35,23,2929.05,12,351.49,2577.56,3062.01,Pending,0,0.0,Indirect,Cash
ORD103180,2024-09-04,Sep-2024,South,Telangana,Hyderabad,D012,Hyderabad Traders,Super Stockist,OUT0105,Convenience Store,SP035_Arjun,Beverages,OrangeZest Juice 1L,217.69,13,2829.97,0,0.0,2829.97,3006.34,Delivered,0,0.0,Indirect,UPI/Online
ORD102388,2024-09-04,Sep-2024,Central,Chhattisgarh,Raipur,D005,Raipur Enterprises,Wholesaler,OUT0070,Supermarket,SP004_Sneha,Personal Care,FreshBreath Toothpaste 150g,120.39,20,2407.8,5,120.39,2287.41,1982.06,Returned,4,481.56,Indirect,Credit
ORD101610,2024-09-04,Sep-2024,West,Gujarat,Surat,D027,Surat Agencies,Wholesaler,OUT0058,Kirana/General Store,SP006_Anjali,Beverages,OrangeZest Juice 1L,269.91,14,3778.74,2,75.57,3703.17,4374.05,Pending,0,0.0,Indirect,UPI/Online
ORD101193,2024-09-04,Sep-2024,West,Gujarat,Surat,D027,Surat Agencies,Wholesaler,OUT0008,Kirana/General Store,SP018_Rina,Home Care,SparkleShine Dishwash 500ml,146.57,7,1025.99,5,51.3,974.69,958.76,Delivered,0,0.0,Indirect,Cash
ORD101782,2024-09-04,Sep-2024,Central,Chhattisgarh,Raipur,D005,Raipur Enterprises,Wholesaler,OUT0136,Kirana/General Store,SP032_Divya,Snacks & Confectionery,ChocoNut Bar 40g,282.54,35,9888.9,5,494.44,9394.46,10390.61,Delivered,0,0.0,Indirect,Credit
ORD100658,2024-09-04,Sep-2024,North,Punjab,Amritsar,D018,Amritsar Traders,Wholesaler,OUT0198,Kirana/General Store,SP030_Pooja,Snacks & Confectionery,ChocoNut Bar 40g,206.09,13,2679.17,5,133.96,2545.21,3097.28,Delivered,0,0.0,Indirect,Credit
ORD102217,2024-09-05,Sep-2024,North,Delhi,New Delhi,D003,New Delhi Traders,Super Stockist,OUT0081,Wholesale Shop,SP013_Manoj,Dairy & Food Staples,GoldenGrain Atta 5kg,340.36,16,5445.76,5,272.29,5173.47,4963.19,Delivered,0,0.0,Indirect,UPI/Online
ORD101053,2024-09-05,Sep-2024,South,Tamil Nadu,Coimbatore,D020,Coimbatore Marketing,Distributor,OUT0144,Supermarket,SP013_Manoj,Home Care,ShineFloor Cleaner 1L,330.83,25,8270.75,0,0.0,8270.75,8387.55,Delivered,0,0.0,Indirect,Cash
ORD100378,2024-09-05,Sep-2024,East,Bihar,Patna,D014,Patna Distribution Co,Wholesaler,OUT0088,Wholesale Shop,SP002_Amit,Beverages,FreshSip Cola 250ml,248.52,56,13917.12,0,0.0,13917.12,14314.7,Delivered,0,0.0,Direct,Credit
ORD101126,2024-09-05,Sep-2024,Central,Chhattisgarh,Raipur,D009,Raipur Enterprises,Wholesaler,OUT0121,Kirana/General Store,SP037_Sanjay,Beverages,MintCool Soda 300ml,150.29,33,4959.57,0,0.0,4959.57,4975.56,Returned,10,1502.9,Direct,Credit
ORD101096,2024-09-05,Sep-2024,East,Odisha,Bhubaneswar,D007,Bhubaneswar Distribution Co,Super Stockist,OUT0118,Convenience Store,SP008_Neha,Home Care,CleanWave Detergent 1kg,217.67,40,8706.8,10,870.68,7836.12,6886.09,Delivered,0,0.0,Indirect,Cash
ORD101348,2024-09-05,Sep-2024,East,Bihar,Patna,D014,Patna Distribution Co,Wholesaler,OUT0173,Convenience Store,SP038_Rina,Beverages,FreshSip Cola 250ml,235.83,9,2122.47,5,106.12,2016.35,1808.65,Pending,0,0.0,Direct,Cash
ORD101350,2024-09-05,Sep-2024,North,Delhi,New Delhi,D003,New Delhi Traders,Super Stockist,OUT0122,Modern Trade,SP022_Amit,Personal Care,SilkTouch Lotion 200ml,331.84,27,8959.68,12,1075.16,7884.52,9736.39,Delivered,0,0.0,Direct,UPI/Online
ORD100359,2024-09-05,Sep-2024,East,Odisha,Bhubaneswar,D007,Bhubaneswar Distribution Co,Super Stockist,OUT0035,Wholesale Shop,SP032_Divya,Snacks & Confectionery,SweetPuff Biscuit 100g,240.84,32,7706.88,0,0.0,7706.88,8936.53,Delivered,0,0.0,Indirect,UPI/Online
ORD100016,2024-09-05,Sep-2024,West,Gujarat,Surat,D027,Surat Agencies,Wholesaler,OUT0008,Kirana/General Store,SP011_Ravi,Home Care,PureAir Freshener 250ml,30.37,8,242.96,10,24.3,218.66,221.75,Delivered,0,0.0,Indirect,Credit
ORD103859,2024-09-05,Sep-2024,South,Karnataka,Mysuru,D017,Mysuru Enterprises,Distributor,OUT0176,Kirana/General Store,SP006_Anjali,Home Care,ShineFloor Cleaner 1L,164.24,13,2135.12,5,106.76,2028.36,1799.27,Delivered,0,0.0,Indirect,Credit
ORD100163,2024-09-05,Sep-2024,East,Odisha,Bhubaneswar,D007,Bhubaneswar Distribution Co,Super Stockist,OUT0050,Wholesale Shop,SP007_Suresh,Snacks & Confectionery,CrispBite Chips 100g,340.45,24,8170.8,2,163.42,8007.38,9511.32,Pending,0,0.0,Direct,Credit
ORD101790,2024-09-05,Sep-2024,West,Goa,Panaji,D024,Panaji Marketing,Distributor,OUT0187,Convenience Store,SP020_Shreya,Snacks & Confectionery,ChocoNut Bar 40g,188.37,18,3390.66,10,339.07,3051.59,2934.95,Delivered,0,0.0,Indirect,Cash
ORD101021,2024-09-05,Sep-2024,Central,Madhya Pradesh,Bhopal,D029,Bhopal Distribution Co,Super Stockist,OUT0131,Supermarket,SP008_Neha,Personal Care,ShinyLocks Shampoo 200ml,321.03,9,2889.27,0,0.0,2889.27,3412.36,Delivered,0,0.0,Indirect,Cash
ORD101440,2024-09-05,Sep-2024,North,Uttar Pradesh,Lucknow,D008,Lucknow Distribution Co,Distributor,OUT0022,Supermarket,SP033_Manoj,Home Care,SparkleShine Dishwash 500ml,47.69,9,429.21,2,8.58,420.63,444.63,Delivered,0,0.0,Indirect,UPI/Online
ORD100861,2024-09-06,Sep-2024,Central,Madhya Pradesh,Jabalpur,D004,Jabalpur Traders,Wholesaler,OUT0169,Convenience Store,SP027_Suresh,Home Care,SparkleShine Dishwash 500ml,132.88,5,664.4,0,0.0,664.4,698.82,Delivered,0,0.0,Direct,UPI/Online
ORD100843,2024-09-06,Sep-2024,West,Gujarat,Surat,D027,Surat Agencies,Wholesaler,OUT0008,Kirana/General Store,SP011_Ravi,Beverages,MintCool Soda 300ml,292.73,21,6147.33,0,0.0,6147.33,6485.72,Returned,1,292.73,Direct,Credit
ORD102895,2024-09-06,Sep-2024,North,Uttar Pradesh,Lucknow,D010,Lucknow Marketing,Distributor,OUT0117,Wholesale Shop,SP032_Divya,Personal Care,GlowSoft Soap 100g,241.33,37,8929.21,12,1071.51,7857.7,6818.31,Delivered,0,0.0,Indirect,Cash
ORD100357,2024-09-06,Sep-2024,West,Rajasthan,Jodhpur,D013,Jodhpur Distribution Co,Super Stockist,OUT0163,Convenience Store,SP019_Deepak,Dairy & Food Staples,GoldenGrain Atta 5kg,282.21,23,6490.83,10,649.08,5841.75,5114.2,Delivered,0,0.0,Indirect,Credit
ORD102314,2024-09-06,Sep-2024,Central,Madhya Pradesh,Jabalpur,D004,Jabalpur Traders,Wholesaler,OUT0099,Kirana/General Store,SP032_Divya,Dairy & Food Staples,GoldenGrain Atta 5kg,168.9,25,4222.5,0,0.0,4222.5,4488.27,Returned,8,1351.2,Direct,UPI/Online
ORD100849,2024-09-06,Sep-2024,Central,Madhya Pradesh,Bhopal,D029,Bhopal Distribution Co,Super Stockist,OUT0030,Kirana/General Store,SP029_Karan,Dairy & Food Staples,SunRice Basmati 1kg,23.47,10,234.7,10,23.47,211.23,224.79,Delivered,0,0.0,Direct,Cash
ORD101376,2024-09-06,Sep-2024,West,Goa,Panaji,D024,Panaji Marketing,Distributor,OUT0187,Convenience Store,SP011_Ravi,Home Care,PureAir Freshener 250ml,336.25,22,7397.5,0,0.0,7397.5,7107.59,Delivered,0,0.0,Indirect,UPI/Online
ORD101767,2024-09-06,Sep-2024,Central,Chhattisgarh,Raipur,D009,Raipur Enterprises,Wholesaler,OUT0113,Kirana/General Store,SP039_Deepak,Snacks & Confectionery,CrispBite Chips 100g,204.8,7,1433.6,5,71.68,1361.92,1590.48,Returned,2,409.6,Indirect,Credit
ORD101613,2024-09-06,Sep-2024,North,Delhi,New Delhi,D001,New Delhi Traders,Super Stockist,OUT0027,Kirana/General Store,SP033_Manoj,Personal Care,ShinyLocks Shampoo 200ml,188.93,22,4156.46,0,0.0,4156.46,3592.43,Delivered,0,0.0,Indirect,UPI/Online
ORD101030,2024-09-06,Sep-2024,South,Tamil Nadu,Coimbatore,D020,Coimbatore Marketing,Distributor,OUT0196,Wholesale Shop,SP035_Arjun,Beverages,MintCool Soda 300ml,108.53,50,5426.5,10,542.65,4883.85,5664.59,Delivered,0,0.0,Indirect,UPI/Online
ORD100905,2024-09-06,Sep-2024,North,Uttar Pradesh,Lucknow,D008,Lucknow Distribution Co,Distributor,OUT0022,Supermarket,SP002_Amit,Home Care,SparkleShine Dishwash 500ml,87.94,12,1055.28,5,52.76,1002.52,1238.21,Pending,0,0.0,Direct,Cash
ORD101968,2024-09-06,Sep-2024,Central,Madhya Pradesh,Jabalpur,D030,Jabalpur Distribution Co,Distributor,OUT0002,Convenience Store,SP005_Vikram,Personal Care,SilkTouch Lotion 200ml,275.69,41,11303.29,5,565.16,10738.13,12694.98,Delivered,0,0.0,Indirect,Cash
ORD100268,2024-09-07,Sep-2024,North,Delhi,New Delhi,D001,New Delhi Traders,Super Stockist,OUT0024,Wholesale Shop,SP009_Karan,Dairy & Food Staples,SunRice Basmati 1kg,341.95,19,6497.05,8,519.76,5977.29,7141.7,Delivered,0,0.0,Indirect,Credit
ORD101783,2024-09-07,Sep-2024,Central,Chhattisgarh,Raipur,D022,Raipur Agencies,Super Stockist,OUT0162,Supermarket,SP007_Suresh,Home Care,PureAir Freshener 250ml,220.52,17,3748.84,0,0.0,3748.84,4438.99,Delivered,0,0.0,Indirect,Credit
ORD101254,2024-09-07,Sep-2024,North,Uttar Pradesh,Lucknow,D008,Lucknow Distribution Co,Distributor,OUT0054,Kirana/General Store,SP005_Vikram,Beverages,MintCool Soda 300ml,24.5,20,490.0,5,24.5,465.5,450.74,Delivered,0,0.0,Indirect,UPI/Online
ORD101392,2024-09-07,Sep-2024,Central,Madhya Pradesh,Jabalpur,D025,Jabalpur Agencies,Wholesaler,OUT0017,Supermarket,SP008_Neha,Dairy & Food Staples,PureDrop Milk 500ml,311.51,5,1557.55,0,0.0,1557.55,1863.28,Delivered,0,0.0,Indirect,Cash
ORD103228,2024-09-07,Sep-2024,North,Punjab,Ludhiana,D015,Ludhiana Traders,Distributor,OUT0021,Kirana/General Store,SP014_Kavita,Snacks & Confectionery,ChocoNut Bar 40g,277.95,14,3891.3,5,194.56,3696.74,3707.42,Delivered,0,0.0,Direct,Credit
ORD101633,2024-09-07,Sep-2024,East,West Bengal,Kolkata,D006,Kolkata Enterprises,Distributor,OUT0064,Modern Trade,SP037_Sanjay,Home Care,CleanWave Detergent 1kg,129.1,27,3485.7,2,69.71,3415.99,3696.95,Delivered,0,0.0,Direct,Cash
ORD102128,2024-09-07,Sep-2024,South,Tamil Nadu,Coimbatore,D023,Coimbatore Marketing,Super Stockist,OUT0018,Convenience Store,SP017_Sanjay,Snacks & Confectionery,ChocoNut Bar 40g,129.02,7,903.14,10,90.31,812.83,748.33,Delivered,0,0.0,Direct,UPI/Online
ORD103968,2024-09-07,Sep-2024,Central,Madhya Pradesh,Bhopal,D029,Bhopal Distribution Co,Super Stockist,OUT0143,Modern Trade,SP009_Karan,Beverages,MintCool Soda 300ml,299.71,23,6893.33,10,689.33,6204.0,5393.57,Delivered,0,0.0,Indirect,Cash
ORD100910,2024-09-07,Sep-2024,Central,Chhattisgarh,Raipur,D011,Raipur Agencies,Super Stockist,OUT0168,Kirana/General Store,SP003_Priya,Beverages,MintCool Soda 300ml,89.87,13,1168.31,8,93.46,1074.85,1305.64,Delivered,0,0.0,Indirect,UPI/Online
ORD101332,2024-09-07,Sep-2024,South,Karnataka,Mysuru,D017,Mysuru Enterprises,Distributor,OUT0079,Kirana/General Store,SP008_Neha,Dairy & Food Staples,PureDrop Milk 500ml,339.46,33,11202.18,2,224.04,10978.14,12976.31,Delivered,0,0.0,Indirect,Cash
ORD101859,2024-09-07,Sep-2024,East,Odisha,Bhubaneswar,D007,Bhubaneswar Distribution Co,Super Stockist,OUT0091,Convenience Store,SP034_Kavita,Dairy & Food Staples,DailyFresh Ghee 500ml,227.78,31,7061.18,5,353.06,6708.12,7548.28,Pending,0,0.0,Direct,UPI/Online
ORD102847,2024-09-08,Sep-2024,East,Bihar,Patna,D014,Patna Distribution Co,Wholesaler,OUT0175,Wholesale Shop,SP014_Kavita,Dairy & Food Staples,PureDrop Milk 500ml,176.63,20,3532.6,5,176.63,3355.97,3078.9,Delivered,0,0.0,Indirect,Credit
ORD102395,2024-09-08,Sep-2024,Central,Chhattisgarh,Raipur,D005,Raipur Enterprises,Wholesaler,OUT0102,Convenience Store,SP019_Deepak,Dairy & Food Staples,GoldenGrain Atta 5kg,331.9,19,6306.1,0,0.0,6306.1,5430.83,Delivered,0,0.0,Indirect,Cash
ORD101331,2024-09-08,Sep-2024,Central,Madhya Pradesh,Bhopal,D029,Bhopal Distribution Co,Super Stockist,OUT0104,Supermarket,SP025_Vikram,Home Care,ShineFloor Cleaner 1L,279.07,18,5023.26,5,251.16,4772.1,4949.16,Delivered,0,0.0,Indirect,Credit
ORD102627,2024-09-08,Sep-2024,Central,Chhattisgarh,Raipur,D026,Raipur Agencies,Distributor,OUT0151,Modern Trade,SP017_Sanjay,Dairy & Food Staples,GoldenGrain Atta 5kg,244.47,28,6845.16,12,821.42,6023.74,6640.99,Delivered,0,0.0,Direct,Cash
ORD100546,2024-09-08,Sep-2024,West,Rajasthan,Jodhpur,D013,Jodhpur Distribution Co,Super Stockist,OUT0083,Kirana/General Store,SP033_Manoj,Snacks & Confectionery,ChocoNut Bar 40g,296.25,39,11553.75,10,1155.38,10398.37,11254.99,Delivered,0,0.0,Indirect,Cash
ORD102757,2024-09-08,Sep-2024,South,Karnataka,Mysuru,D017,Mysuru Enterprises,Distributor,OUT0077,Wholesale Shop,SP013_Manoj,Snacks & Confectionery,SweetPuff Biscuit 100g,104.71,14,1465.94,5,73.3,1392.64,1572.19,Delivered,0,0.0,Direct,UPI/Online
ORD101342,2024-09-08,Sep-2024,North,Delhi,New Delhi,D001,New Delhi Traders,Super Stockist,OUT0001,Kirana/General Store,SP027_Suresh,Beverages,FreshSip Cola 250ml,21.23,23,488.29,2,9.77,478.52,473.79,Returned,7,148.61,Indirect,UPI/Online
ORD101993,2024-09-08,Sep-2024,West,Goa,Panaji,D024,Panaji Marketing,Distributor,OUT0073,Wholesale Shop,SP005_Vikram,Dairy & Food Staples,DailyFresh Ghee 500ml,24.18,16,386.88,0,0.0,386.88,351.97,Delivered,0,0.0,Indirect,UPI/Online
ORD100046,2024-09-08,Sep-2024,West,Rajasthan,Jodhpur,D013,Jodhpur Distribution Co,Super Stockist,OUT0019,Convenience Store,SP020_Shreya,Dairy & Food Staples,PureDrop Milk 500ml,173.65,6,1041.9,0,0.0,1041.9,1228.44,Delivered,0,0.0,Direct,UPI/Online
ORD102679,2024-09-09,Sep-2024,Central,Madhya Pradesh,Jabalpur,D030,Jabalpur Distribution Co,Distributor,OUT0181,Wholesale Shop,SP022_Amit,Personal Care,FreshBreath Toothpaste 150g,128.15,34,4357.1,5,217.86,4139.24,4687.65,Returned,11,1409.65,Direct,UPI/Online
ORD101211,2024-09-09,Sep-2024,West,Rajasthan,Jodhpur,D013,Jodhpur Distribution Co,Super Stockist,OUT0093,Supermarket,SP039_Deepak,Beverages,OrangeZest Juice 1L,150.13,10,1501.3,0,0.0,1501.3,1681.53,Delivered,0,0.0,Indirect,UPI/Online
ORD102954,2024-09-09,Sep-2024,North,Punjab,Ludhiana,D015,Ludhiana Traders,Distributor,OUT0055,Wholesale Shop,SP012_Divya,Home Care,PureAir Freshener 250ml,269.99,26,7019.74,2,140.39,6879.35,6754.68,Delivered,0,0.0,Direct,Credit
ORD103903,2024-09-09,Sep-2024,Central,Chhattisgarh,Raipur,D026,Raipur Agencies,Distributor,OUT0152,Supermarket,SP006_Anjali,Snacks & Confectionery,ChocoNut Bar 40g,119.78,23,2754.94,2,55.1,2699.84,3266.83,Delivered,0,0.0,Direct,Credit
ORD101290,2024-09-09,Sep-2024,East,West Bengal,Kolkata,D006,Kolkata Enterprises,Distributor,OUT0106,Modern Trade,SP007_Suresh,Dairy & Food Staples,PureDrop Milk 500ml,246.34,5,1231.7,0,0.0,1231.7,1335.26,Delivered,0,0.0,Indirect,Cash
ORD102557,2024-09-09,Sep-2024,Central,Madhya Pradesh,Jabalpur,D004,Jabalpur Traders,Wholesaler,OUT0056,Kirana/General Store,SP003_Priya,Snacks & Confectionery,SweetPuff Biscuit 100g,307.43,13,3996.59,10,399.66,3596.93,3913.92,Delivered,0,0.0,Indirect,Cash
ORD103694,2024-09-09,Sep-2024,West,Goa,Panaji,D019,Panaji Traders,Distributor,OUT0076,Modern Trade,SP038_Rina,Personal Care,FreshBreath Toothpaste 150g,81.98,30,2459.4,0,0.0,2459.4,3040.69,Delivered,0,0.0,Indirect,UPI/Online
ORD102292,2024-09-09,Sep-2024,North,Delhi,New Delhi,D003,New Delhi Traders,Super Stockist,OUT0059,Supermarket,SP009_Karan,Home Care,CleanWave Detergent 1kg,145.59,33,4804.47,2,96.09,4708.38,5877.67,Delivered,0,0.0,Direct,Cash
ORD100813,2024-09-09,Sep-2024,West,Goa,Panaji,D024,Panaji Marketing,Distributor,OUT0047,Convenience Store,SP008_Neha,Dairy & Food Staples,GoldenGrain Atta 5kg,264.42,15,3966.3,0,0.0,3966.3,4193.19,Returned,3,793.26,Indirect,Cash
ORD100205,2024-09-09,Sep-2024,West,Goa,Panaji,D024,Panaji Marketing,Distributor,OUT0007,Modern Trade,SP009_Karan,Personal Care,FreshBreath Toothpaste 150g,190.84,22,4198.48,2,83.97,4114.51,3626.66,Delivered,0,0.0,Indirect,UPI/Online
ORD100255,2024-09-09,Sep-2024,East,Odisha,Bhubaneswar,D007,Bhubaneswar Distribution Co,Super Stockist,OUT0035,Wholesale Shop,SP022_Amit,Dairy & Food Staples,SunRice Basmati 1kg,110.47,10,1104.7,0,0.0,1104.7,968.87,Delivered,0,0.0,Direct,Cash
ORD103138,2024-09-09,Sep-2024,North,Punjab,Amritsar,D018,Amritsar Traders,Wholesaler,OUT0100,Supermarket,SP012_Divya,Personal Care,ShinyLocks Shampoo 200ml,316.56,27,8547.12,0,0.0,8547.12,10627.47,Delivered,0,0.0,Direct,Credit
ORD100076,2024-09-10,Sep-2024,Central,Madhya Pradesh,Jabalpur,D025,Jabalpur Agencies,Wholesaler,OUT0010,Supermarket,SP007_Suresh,Snacks & Confectionery,ChocoNut Bar 40g,194.14,29,5630.06,5,281.5,5348.56,5518.73,Delivered,0,0.0,Indirect,Credit
ORD101754,2024-09-10,Sep-2024,Central,Chhattisgarh,Raipur,D022,Raipur Agencies,Super Stockist,OUT0162,Supermarket,SP011_Ravi,Snacks & Confectionery,CrispBite Chips 100g,215.11,18,3871.98,5,193.6,3678.38,4121.34,Pending,0,0.0,Indirect,Cash
ORD102274,2024-09-10,Sep-2024,West,Goa,Panaji,D019,Panaji Traders,Distributor,OUT0037,Modern Trade,SP020_Shreya,Beverages,OrangeZest Juice 1L,94.76,51,4832.76,8,386.62,4446.14,4004.24,Delivered,0,0.0,Direct,Credit
ORD101627,2024-09-10,Sep-2024,Central,Chhattisgarh,Raipur,D009,Raipur Enterprises,Wholesaler,OUT0053,Modern Trade,SP039_Deepak,Snacks & Confectionery,CrispBite Chips 100g,119.4,22,2626.8,10,262.68,2364.12,2888.27,Delivered,0,0.0,Direct,Credit
ORD103034,2024-09-10,Sep-2024,East,Bihar,Patna,D014,Patna Distribution Co,Wholesaler,OUT0043,Modern Trade,SP040_Shreya,Beverages,FreshSip Cola 500ml,55.6,14,778.4,10,77.84,700.56,810.24,Delivered,0,0.0,Direct,Credit
ORD100363,2024-09-10,Sep-2024,Central,Chhattisgarh,Raipur,D022,Raipur Agencies,Super Stockist,OUT0141,Kirana/General Store,SP035_Arjun,Dairy & Food Staples,PureDrop Milk 500ml,139.41,31,4321.71,0,0.0,4321.71,4151.98,Delivered,0,0.0,Indirect,Credit
ORD102648,2024-09-10,Sep-2024,North,Uttar Pradesh,Lucknow,D008,Lucknow Distribution Co,Distributor,OUT0157,Supermarket,SP040_Shreya,Dairy & Food Staples,SunRice Basmati 1kg,21.96,18,395.28,0,0.0,395.28,359.02,Delivered,0,0.0,Direct,Cash
ORD102807,2024-09-10,Sep-2024,North,Uttar Pradesh,Lucknow,D008,Lucknow Distribution Co,Distributor,OUT0038,Modern Trade,SP003_Priya,Personal Care,GlowSoft Soap 100g,46.75,22,1028.5,12,123.42,905.08,1004.7,Returned,5,233.75,Direct,Credit
ORD101032,2024-09-10,Sep-2024,Central,Chhattisgarh,Raipur,D026,Raipur Agencies,Distributor,OUT0152,Supermarket,SP021_Rahul,Home Care,PureAir Freshener 250ml,108.72,23,2500.56,12,300.07,2200.49,1926.4,Delivered,0,0.0,Indirect,Credit
ORD103636,2024-09-10,Sep-2024,West,Rajasthan,Jodhpur,D013,Jodhpur Distribution Co,Super Stockist,OUT0083,Kirana/General Store,SP035_Arjun,Snacks & Confectionery,SweetPuff Biscuit 100g,279.11,53,14792.83,12,1775.14,13017.69,13292.1,Returned,5,1395.55,Direct,UPI/Online
ORD100253,2024-09-10,Sep-2024,Central,Chhattisgarh,Raipur,D026,Raipur Agencies,Distributor,OUT0048,Kirana/General Store,SP039_Deepak,Personal Care,GlowSoft Soap 100g,183.93,28,5150.04,2,103.0,5047.04,5687.89,Delivered,0,0.0,Direct,UPI/Online
ORD103148,2024-09-11,Sep-2024,North,Delhi,New Delhi,D003,New Delhi Traders,Super Stockist,OUT0122,Modern Trade,SP010_Pooja,Personal Care,ShinyLocks Shampoo 200ml,316.06,27,8533.62,8,682.69,7850.93,7800.15,Returned,3,948.18,Indirect,UPI/Online
ORD102559,2024-09-11,Sep-2024,Central,Chhattisgarh,Raipur,D022,Raipur Agencies,Super Stockist,OUT0195,Supermarket,SP027_Suresh,Personal Care,SilkTouch Lotion 200ml,301.4,19,5726.6,0,0.0,5726.6,4907.24,Delivered,0,0.0,Direct,UPI/Online
ORD100926,2024-09-11,Sep-2024,South,Karnataka,Bengaluru,D002,Bengaluru Marketing,Distributor,OUT0046,Modern Trade,SP019_Deepak,Snacks & Confectionery,CrispBite Chips 50g,153.72,8,1229.76,0,0.0,1229.76,1492.71,Delivered,0,0.0,Direct,Credit
ORD101262,2024-09-11,Sep-2024,North,Delhi,New Delhi,D003,New Delhi Traders,Super Stockist,OUT0082,Supermarket,SP015_Arjun,Personal Care,SilkTouch Lotion 200ml,312.03,2,624.06,0,0.0,624.06,730.93,Delivered,0,0.0,Direct,Credit
ORD102737,2024-09-11,Sep-2024,North,Uttar Pradesh,Lucknow,D008,Lucknow Distribution Co,Distributor,OUT0005,Wholesale Shop,SP010_Pooja,Beverages,FreshSip Cola 500ml,137.06,16,2192.96,2,43.86,2149.1,2339.41,Cancelled,0,0.0,Indirect,Cash
ORD103279,2024-09-11,Sep-2024,Central,Chhattisgarh,Raipur,D009,Raipur Enterprises,Wholesaler,OUT0053,Modern Trade,SP006_Anjali,Home Care,ShineFloor Cleaner 1L,37.03,19,703.57,0,0.0,703.57,600.9,Delivered,0,0.0,Direct,Credit
ORD100434,2024-09-11,Sep-2024,West,Gujarat,Surat,D027,Surat Agencies,Wholesaler,OUT0008,Kirana/General Store,SP012_Divya,Home Care,ShineFloor Cleaner 1L,316.52,32,10128.64,2,202.57,9926.07,8698.0,Delivered,0,0.0,Direct,Cash
ORD100913,2024-09-11,Sep-2024,Central,Chhattisgarh,Raipur,D009,Raipur Enterprises,Wholesaler,OUT0153,Supermarket,SP028_Neha,Dairy & Food Staples,GoldenGrain Atta 5kg,117.29,35,4105.15,10,410.52,3694.63,4464.32,Delivered,0,0.0,Direct,Cash
ORD102760,2024-09-11,Sep-2024,West,Gujarat,Surat,D027,Surat Agencies,Wholesaler,OUT0008,Kirana/General Store,SP013_Manoj,Snacks & Confectionery,CrispBite Chips 50g,206.61,22,4545.42,8,363.63,4181.79,4770.74,Returned,5,1033.05,Direct,Cash
ORD102228,2024-09-11,Sep-2024,Central,Madhya Pradesh,Jabalpur,D025,Jabalpur Agencies,Wholesaler,OUT0017,Supermarket,SP011_Ravi,Beverages,FreshSip Cola 500ml,134.87,18,2427.66,0,0.0,2427.66,2160.29,Delivered,0,0.0,Direct,UPI/Online
ORD101692,2024-09-11,Sep-2024,North,Uttar Pradesh,Lucknow,D008,Lucknow Distribution Co,Distributor,OUT0049,Supermarket,SP040_Shreya,Snacks & Confectionery,SweetPuff Biscuit 100g,153.24,30,4597.2,5,229.86,4367.34,4649.57,Pending,0,0.0,Indirect,Credit
ORD102107,2024-09-11,Sep-2024,East,Odisha,Bhubaneswar,D007,Bhubaneswar Distribution Co,Super Stockist,OUT0050,Wholesale Shop,SP030_Pooja,Dairy & Food Staples,GoldenGrain Atta 5kg,179.61,37,6645.57,2,132.91,6512.66,6300.29,Delivered,0,0.0,Indirect,Credit
ORD100559,2024-09-12,Sep-2024,Central,Madhya Pradesh,Jabalpur,D030,Jabalpur Distribution Co,Distributor,OUT0002,Convenience Store,SP033_Manoj,Dairy & Food Staples,PureDrop Milk 500ml,29.91,25,747.75,5,37.39,710.36,735.94,Returned,7,209.37,Indirect,Credit
ORD101548,2024-09-12,Sep-2024,North,Delhi,New Delhi,D003,New Delhi Traders,Super Stockist,OUT0082,Supermarket,SP001_Rahul,Beverages,MintCool Soda 300ml,339.18,5,1695.9,2,33.92,1661.98,1566.21,Delivered,0,0.0,Direct,UPI/Online
ORD102710,2024-09-12,Sep-2024,North,Uttar Pradesh,Lucknow,D008,Lucknow Distribution Co,Distributor,OUT0157,Supermarket,SP038_Rina,Beverages,FreshSip Cola 500ml,209.2,78,16317.6,10,1631.76,14685.84,13288.12,Delivered,0,0.0,Indirect,UPI/Online
ORD102867,2024-09-12,Sep-2024,West,Gujarat,Surat,D027,Surat Agencies,Wholesaler,OUT0008,Kirana/General Store,SP014_Kavita,Home Care,SparkleShine Dishwash 500ml,298.2,23,6858.6,5,342.93,6515.67,7648.3,Delivered,0,0.0,Indirect,UPI/Online
ORD103988,2024-09-12,Sep-2024,West,Goa,Panaji,D024,Panaji Marketing,Distributor,OUT0047,Convenience Store,SP012_Divya,Personal Care,GlowSoft Soap 100g,186.31,8,1490.48,10,149.05,1341.43,1420.54,Pending,0,0.0,Indirect,UPI/Online
ORD100907,2024-09-12,Sep-2024,North,Uttar Pradesh,Lucknow,D010,Lucknow Marketing,Distributor,OUT0137,Convenience Store,SP022_Amit,Home Care,CleanWave Detergent 1kg,224.03,32,7168.96,0,0.0,7168.96,8533.51,Delivered,0,0.0,Direct,Cash
ORD100200,2024-09-12,Sep-2024,West,Gujarat,Surat,D027,Surat Agencies,Wholesaler,OUT0133,Convenience Store,SP029_Karan,Home Care,CleanWave Detergent 1kg,58.71,27,1585.17,0,0.0,1585.17,1388.11,Delivered,0,0.0,Direct,Credit
ORD101273,2024-09-12,Sep-2024,Central,Madhya Pradesh,Jabalpur,D004,Jabalpur Traders,Wholesaler,OUT0169,Convenience Store,SP026_Anjali,Personal Care,FreshBreath Toothpaste 150g,110.72,21,2325.12,12,279.01,2046.11,1871.48,Delivered,0,0.0,Direct,Credit
ORD103383,2024-09-12,Sep-2024,South,Tamil Nadu,Coimbatore,D020,Coimbatore Marketing,Distributor,OUT0185,Convenience Store,SP017_Sanjay,Snacks & Confectionery,ChocoNut Bar 40g,308.74,25,7718.5,5,385.92,7332.58,8445.45,Delivered,0,0.0,Indirect,Cash
ORD101213,2024-09-13,Sep-2024,East,West Bengal,Kolkata,D006,Kolkata Enterprises,Distributor,OUT0127,Modern Trade,SP039_Deepak,Snacks & Confectionery,CrispBite Chips 100g,315.27,54,17024.58,12,2042.95,14981.63,12804.98,Delivered,0,0.0,Indirect,UPI/Online
ORD101934,2024-09-13,Sep-2024,Central,Madhya Pradesh,Jabalpur,D025,Jabalpur Agencies,Wholesaler,OUT0165,Convenience Store,SP016_Meera,Beverages,OrangeZest Juice 1L,218.45,23,5024.35,2,100.49,4923.86,4240.95,Delivered,0,0.0,Indirect,Cash
ORD100095,2024-09-13,Sep-2024,Central,Chhattisgarh,Raipur,D005,Raipur Enterprises,Wholesaler,OUT0070,Supermarket,SP019_Deepak,Snacks & Confectionery,ChocoNut Bar 40g,76.87,29,2229.23,0,0.0,2229.23,2143.26,Delivered,0,0.0,Indirect,Credit
ORD101677,2024-09-13,Sep-2024,North,Punjab,Amritsar,D018,Amritsar Traders,Wholesaler,OUT0129,Kirana/General Store,SP025_Vikram,Snacks & Confectionery,ChocoNut Bar 40g,203.5,4,814.0,2,16.28,797.72,835.73,Delivered,0,0.0,Indirect,UPI/Online
ORD103341,2024-09-13,Sep-2024,Central,Chhattisgarh,Raipur,D005,Raipur Enterprises,Wholesaler,OUT0135,Modern Trade,SP033_Manoj,Personal Care,FreshBreath Toothpaste 150g,91.94,45,4137.3,2,82.75,4054.55,4339.93,Delivered,0,0.0,Indirect,Cash
ORD100623,2024-09-13,Sep-2024,Central,Chhattisgarh,Raipur,D005,Raipur Enterprises,Wholesaler,OUT0036,Wholesale Shop,SP018_Rina,Home Care,SparkleShine Dishwash 500ml,292.08,15,4381.2,8,350.5,4030.7,4787.93,Delivered,0,0.0,Direct,UPI/Online
ORD100827,2024-09-13,Sep-2024,East,Odisha,Bhubaneswar,D007,Bhubaneswar Distribution Co,Super Stockist,OUT0040,Kirana/General Store,SP034_Kavita,Snacks & Confectionery,ChocoNut Bar 40g,33.31,15,499.65,2,9.99,489.66,609.07,Delivered,0,0.0,Indirect,UPI/Online
ORD101841,2024-09-14,Sep-2024,North,Uttar Pradesh,Lucknow,D008,Lucknow Distribution Co,Distributor,OUT0004,Kirana/General Store,SP031_Ravi,Dairy & Food Staples,DailyFresh Ghee 500ml,79.5,35,2782.5,5,139.12,2643.38,3157.18,Delivered,0,0.0,Direct,Credit
ORD101116,2024-09-14,Sep-2024,North,Uttar Pradesh,Lucknow,D008,Lucknow Distribution Co,Distributor,OUT0005,Wholesale Shop,SP026_Anjali,Beverages,MintCool Soda 300ml,197.08,17,3350.36,8,268.03,3082.33,2993.82,Pending,0,0.0,Direct,Cash
ORD100281,2024-09-14,Sep-2024,South,Karnataka,Bengaluru,D002,Bengaluru Marketing,Distributor,OUT0075,Kirana/General Store,SP021_Rahul,Snacks & Confectionery,ChocoNut Bar 40g,169.94,10,1699.4,5,84.97,1614.43,1615.0,Delivered,0,0.0,Indirect,UPI/Online
ORD100169,2024-09-14,Sep-2024,Central,Chhattisgarh,Raipur,D005,Raipur Enterprises,Wholesaler,OUT0136,Kirana/General Store,SP009_Karan,Home Care,SparkleShine Dishwash 500ml,344.75,14,4826.5,2,96.53,4729.97,5415.97,Delivered,0,0.0,Indirect,UPI/Online
ORD101923,2024-09-14,Sep-2024,Central,Madhya Pradesh,Bhopal,D029,Bhopal Distribution Co,Super Stockist,OUT0138,Kirana/General Store,SP032_Divya,Dairy & Food Staples,SunRice Basmati 1kg,69.2,20,1384.0,0,0.0,1384.0,1189.67,Delivered,0,0.0,Direct,Credit
ORD103577,2024-09-14,Sep-2024,Central,Chhattisgarh,Raipur,D022,Raipur Agencies,Super Stockist,OUT0194,Modern Trade,SP021_Rahul,Home Care,ShineFloor Cleaner 1L,322.36,19,6124.84,8,489.99,5634.85,6909.27,Cancelled,0,0.0,Direct,Credit
ORD102906,2024-09-14,Sep-2024,South,Telangana,Hyderabad,D012,Hyderabad Traders,Super Stockist,OUT0042,Modern Trade,SP001_Rahul,Dairy & Food Staples,DailyFresh Ghee 500ml,189.7,19,3604.3,5,180.22,3424.08,3478.02,Delivered,0,0.0,Indirect,Credit
ORD103735,2024-09-14,Sep-2024,East,West Bengal,Kolkata,D006,Kolkata Enterprises,Distributor,OUT0078,Kirana/General Store,SP031_Ravi,Snacks & Confectionery,ChocoNut Bar 40g,20.69,13,268.97,0,0.0,268.97,322.19,Delivered,0,0.0,Direct,Cash
ORD102364,2024-09-14,Sep-2024,North,Punjab,Amritsar,D018,Amritsar Traders,Wholesaler,OUT0128,Modern Trade,SP024_Sneha,Snacks & Confectionery,CrispBite Chips 50g,263.67,19,5009.73,5,250.49,4759.24,5817.74,Delivered,0,0.0,Direct,UPI/Online
ORD100474,2024-09-14,Sep-2024,Central,Chhattisgarh,Raipur,D026,Raipur Agencies,Distributor,OUT0147,Supermarket,SP012_Divya,Dairy & Food Staples,GoldenGrain Atta 5kg,296.87,21,6234.27,5,311.71,5922.56,6328.68,Delivered,0,0.0,Direct,Credit
ORD101649,2024-09-14,Sep-2024,Central,Chhattisgarh,Raipur,D009,Raipur Enterprises,Wholesaler,OUT0171,Kirana/General Store,SP018_Rina,Dairy & Food Staples,GoldenGrain Atta 5kg,211.39,8,1691.12,5,84.56,1606.56,1870.91,Delivered,0,0.0,Indirect,UPI/Online
ORD100595,2024-09-14,Sep-2024,South,Tamil Nadu,Coimbatore,D023,Coimbatore Marketing,Super Stockist,OUT0028,Kirana/General Store,SP029_Karan,Personal Care,FreshBreath Toothpaste 150g,81.29,13,1056.77,10,105.68,951.09,843.56,Delivered,0,0.0,Indirect,Credit
ORD100228,2024-09-15,Sep-2024,Central,Chhattisgarh,Raipur,D005,Raipur Enterprises,Wholesaler,OUT0116,Convenience Store,SP040_Shreya,Dairy & Food Staples,DailyFresh Ghee 500ml,230.91,20,4618.2,2,92.36,4525.84,4099.78,Delivered,0,0.0,Indirect,UPI/Online
ORD103043,2024-09-15,Sep-2024,Central,Madhya Pradesh,Jabalpur,D004,Jabalpur Traders,Wholesaler,OUT0041,Modern Trade,SP032_Divya,Snacks & Confectionery,SweetPuff Biscuit 100g,111.0,37,4107.0,0,0.0,4107.0,3966.49,Delivered,0,0.0,Direct,Cash
ORD102391,2024-09-15,Sep-2024,West,Rajasthan,Jodhpur,D013,Jodhpur Distribution Co,Super Stockist,OUT0093,Supermarket,SP020_Shreya,Home Care,ShineFloor Cleaner 1L,212.26,3,636.78,2,12.74,624.04,654.16,Delivered,0,0.0,Indirect,Credit
ORD102526,2024-09-15,Sep-2024,South,Telangana,Hyderabad,D012,Hyderabad Traders,Super Stockist,OUT0166,Wholesale Shop,SP035_Arjun,Personal Care,FreshBreath Toothpaste 150g,301.96,7,2113.72,5,105.69,2008.03,1739.81,Cancelled,0,0.0,Direct,Cash
ORD100008,2024-09-15,Sep-2024,North,Delhi,New Delhi,D001,New Delhi Traders,Super Stockist,OUT0110,Wholesale Shop,SP031_Ravi,Dairy & Food Staples,SunRice Basmati 1kg,339.96,25,8499.0,0,0.0,8499.0,7377.9,Delivered,0,0.0,Indirect,UPI/Online
ORD101291,2024-09-15,Sep-2024,North,Uttar Pradesh,Lucknow,D010,Lucknow Marketing,Distributor,OUT0197,Modern Trade,SP014_Kavita,Personal Care,SilkTouch Lotion 200ml,142.01,5,710.05,0,0.0,710.05,797.55,Delivered,0,0.0,Indirect,Credit
ORD102137,2024-09-15,Sep-2024,Central,Madhya Pradesh,Jabalpur,D025,Jabalpur Agencies,Wholesaler,OUT0017,Supermarket,SP029_Karan,Snacks & Confectionery,CrispBite Chips 100g,278.89,36,10040.04,2,200.8,9839.24,8439.04,Pending,0,0.0,Indirect,Credit
ORD102915,2024-09-15,Sep-2024,Central,Chhattisgarh,Raipur,D026,Raipur Agencies,Distributor,OUT0147,Supermarket,SP010_Pooja,Personal Care,FreshBreath Toothpaste 150g,277.32,13,3605.16,5,180.26,3424.9,3053.97,Delivered,0,0.0,Indirect,Cash
ORD102569,2024-09-15,Sep-2024,North,Uttar Pradesh,Lucknow,D008,Lucknow Distribution Co,Distributor,OUT0038,Modern Trade,SP022_Amit,Beverages,FreshSip Cola 500ml,85.29,7,597.03,5,29.85,567.18,570.17,Delivered,0,0.0,Indirect,Credit
ORD103919,2024-09-15,Sep-2024,Central,Chhattisgarh,Raipur,D009,Raipur Enterprises,Wholesaler,OUT0171,Kirana/General Store,SP025_Vikram,Beverages,FreshSip Cola 250ml,84.38,16,1350.08,8,108.01,1242.07,1190.88,Pending,0,0.0,Direct,Credit
ORD102678,2024-09-16,Sep-2024,West,Gujarat,Surat,D027,Surat Agencies,Wholesaler,OUT0107,Wholesale Shop,SP009_Karan,Home Care,ShineFloor Cleaner 1L,265.84,23,6114.32,5,305.72,5808.6,6476.59,Delivered,0,0.0,Direct,Cash
ORD102529,2024-09-16,Sep-2024,Central,Madhya Pradesh,Bhopal,D029,Bhopal Distribution Co,Super Stockist,OUT0112,Supermarket,SP001_Rahul,Home Care,CleanWave Detergent 1kg,54.57,17,927.69,2,18.55,909.14,982.14,Delivered,0,0.0,Direct,Cash
ORD100182,2024-09-16,Sep-2024,Central,Madhya Pradesh,Jabalpur,D004,Jabalpur Traders,Wholesaler,OUT0130,Kirana/General Store,SP003_Priya,Dairy & Food Staples,PureDrop Milk 500ml,292.14,44,12854.16,0,0.0,12854.16,15026.13,Pending,0,0.0,Direct,Credit
ORD101292,2024-09-16,Sep-2024,North,Punjab,Amritsar,D018,Amritsar Traders,Wholesaler,OUT0012,Supermarket,SP030_Pooja,Home Care,CleanWave Detergent 1kg,238.04,20,4760.8,5,238.04,4522.76,5444.04,Delivered,0,0.0,Direct,UPI/Online
ORD100397,2024-09-16,Sep-2024,South,Karnataka,Bengaluru,D002,Bengaluru Marketing,Distributor,OUT0074,Convenience Store,SP006_Anjali,Dairy & Food Staples,SunRice Basmati 1kg,87.06,27,2350.62,2,47.01,2303.61,2411.72,Delivered,0,0.0,Indirect,Credit
ORD102073,2024-09-16,Sep-2024,North,Delhi,New Delhi,D001,New Delhi Traders,Super Stockist,OUT0180,Wholesale Shop,SP012_Divya,Dairy & Food Staples,DailyFresh Ghee 500ml,104.07,58,6036.06,2,120.72,5915.34,5261.97,Delivered,0,0.0,Indirect,UPI/Online
ORD100505,2024-09-16,Sep-2024,South,Karnataka,Mysuru,D017,Mysuru Enterprises,Distributor,OUT0077,Wholesale Shop,SP009_Karan,Snacks & Confectionery,CrispBite Chips 100g,310.96,16,4975.36,5,248.77,4726.59,4564.35,Delivered,0,0.0,Direct,Credit
ORD100164,2024-09-16,Sep-2024,North,Punjab,Amritsar,D018,Amritsar Traders,Wholesaler,OUT0198,Kirana/General Store,SP009_Karan,Dairy & Food Staples,PureDrop Milk 500ml,125.3,8,1002.4,0,0.0,1002.4,988.32,Delivered,0,0.0,Indirect,UPI/Online
ORD101561,2024-09-16,Sep-2024,West,Goa,Panaji,D024,Panaji Marketing,Distributor,OUT0073,Wholesale Shop,SP016_Meera,Personal Care,FreshBreath Toothpaste 150g,173.4,14,2427.6,12,291.31,2136.29,2341.72,Delivered,0,0.0,Direct,Credit
ORD103740,2024-09-17,Sep-2024,East,West Bengal,Kolkata,D006,Kolkata Enterprises,Distributor,OUT0170,Wholesale Shop,SP027_Suresh,Personal Care,SilkTouch Lotion 200ml,148.79,39,5802.81,0,0.0,5802.81,6265.08,Delivered,0,0.0,Indirect,Credit
ORD101764,2024-09-17,Sep-2024,North,Delhi,New Delhi,D001,New Delhi Traders,Super Stockist,OUT0110,Wholesale Shop,SP010_Pooja,Personal Care,FreshBreath Toothpaste 150g,304.21,23,6996.83,0,0.0,6996.83,6977.97,Cancelled,0,0.0,Direct,Cash
ORD101334,2024-09-17,Sep-2024,Central,Chhattisgarh,Raipur,D022,Raipur Agencies,Super Stockist,OUT0182,Supermarket,SP025_Vikram,Home Care,PureAir Freshener 250ml,113.04,14,1582.56,8,126.6,1455.96,1373.49,Delivered,0,0.0,Indirect,UPI/Online
ORD101744,2024-09-17,Sep-2024,North,Delhi,New Delhi,D001,New Delhi Traders,Super Stockist,OUT0149,Supermarket,SP003_Priya,Personal Care,ShinyLocks Shampoo 200ml,122.64,10,1226.4,0,0.0,1226.4,1151.6,Cancelled,0,0.0,Direct,UPI/Online
ORD102516,2024-09-17,Sep-2024,East,Odisha,Bhubaneswar,D028,Bhubaneswar Distribution Co,Wholesaler,OUT0156,Modern Trade,SP006_Anjali,Dairy & Food Staples,PureDrop Milk 500ml,169.28,25,4232.0,10,423.2,3808.8,4671.76,Delivered,0,0.0,Direct,UPI/Online
ORD103143,2024-09-17,Sep-2024,Central,Chhattisgarh,Raipur,D026,Raipur Agencies,Distributor,OUT0154,Kirana/General Store,SP002_Amit,Dairy & Food Staples,DailyFresh Ghee 500ml,224.97,28,6299.16,0,0.0,6299.16,6811.78,Delivered,0,0.0,Direct,Credit
ORD102406,2024-09-17,Sep-2024,South,Karnataka,Mysuru,D017,Mysuru Enterprises,Distributor,OUT0079,Kirana/General Store,SP020_Shreya,Personal Care,SilkTouch Lotion 200ml,274.34,12,3292.08,5,164.6,3127.48,3548.45,Returned,4,1097.36,Indirect,Cash
ORD102238,2024-09-17,Sep-2024,East,Bihar,Patna,D014,Patna Distribution Co,Wholesaler,OUT0043,Modern Trade,SP040_Shreya,Home Care,SparkleShine Dishwash 500ml,198.6,15,2979.0,2,59.58,2919.42,3612.96,Delivered,0,0.0,Direct,Cash
ORD101200,2024-09-18,Sep-2024,West,Goa,Panaji,D024,Panaji Marketing,Distributor,OUT0073,Wholesale Shop,SP005_Vikram,Beverages,FreshSip Cola 500ml,220.21,25,5505.25,0,0.0,5505.25,6412.46,Delivered,0,0.0,Indirect,UPI/Online
ORD103618,2024-09-18,Sep-2024,East,Odisha,Bhubaneswar,D007,Bhubaneswar Distribution Co,Super Stockist,OUT0140,Supermarket,SP037_Sanjay,Snacks & Confectionery,CrispBite Chips 50g,190.75,30,5722.5,2,114.45,5608.05,5451.46,Delivered,0,0.0,Direct,UPI/Online
ORD100001,2024-09-18,Sep-2024,North,Delhi,New Delhi,D003,New Delhi Traders,Super Stockist,OUT0122,Modern Trade,SP040_Shreya,Snacks & Confectionery,CrispBite Chips 50g,253.66,26,6595.16,12,791.42,5803.74,5426.12,Pending,0,0.0,Direct,UPI/Online
ORD100145,2024-09-18,Sep-2024,East,Odisha,Bhubaneswar,D007,Bhubaneswar Distribution Co,Super Stockist,OUT0050,Wholesale Shop,SP010_Pooja,Personal Care,FreshBreath Toothpaste 150g,145.3,54,7846.2,0,0.0,7846.2,7954.2,Delivered,0,0.0,Indirect,UPI/Online
ORD101678,2024-09-19,Sep-2024,Central,Madhya Pradesh,Jabalpur,D025,Jabalpur Agencies,Wholesaler,OUT0017,Supermarket,SP037_Sanjay,Snacks & Confectionery,CrispBite Chips 100g,224.69,52,11683.88,2,233.68,11450.2,13733.64,Delivered,0,0.0,Direct,UPI/Online
ORD103771,2024-09-19,Sep-2024,North,Uttar Pradesh,Lucknow,D010,Lucknow Marketing,Distributor,OUT0199,Convenience Store,SP005_Vikram,Snacks & Confectionery,ChocoNut Bar 40g,97.89,13,1272.57,10,127.26,1145.31,1374.66,Delivered,0,0.0,Indirect,Cash
ORD103986,2024-09-19,Sep-2024,South,Karnataka,Bengaluru,D002,Bengaluru Marketing,Distributor,OUT0072,Wholesale Shop,SP040_Shreya,Snacks & Confectionery,SweetPuff Biscuit 100g,46.13,34,1568.42,5,78.42,1490.0,1473.31,Delivered,0,0.0,Indirect,UPI/Online
ORD100269,2024-09-19,Sep-2024,West,Gujarat,Surat,D027,Surat Agencies,Wholesaler,OUT0107,Wholesale Shop,SP020_Shreya,Home Care,CleanWave Detergent 1kg,324.51,73,23689.23,0,0.0,23689.23,23913.45,Delivered,0,0.0,Indirect,UPI/Online
ORD103599,2024-09-19,Sep-2024,Central,Chhattisgarh,Raipur,D022,Raipur Agencies,Super Stockist,OUT0162,Supermarket,SP030_Pooja,Dairy & Food Staples,PureDrop Milk 500ml,71.26,20,1425.2,0,0.0,1425.2,1725.32,Delivered,0,0.0,Indirect,Cash
ORD103368,2024-09-19,Sep-2024,West,Goa,Panaji,D024,Panaji Marketing,Distributor,OUT0115,Wholesale Shop,SP026_Anjali,Dairy & Food Staples,DailyFresh Ghee 500ml,221.48,26,5758.48,10,575.85,5182.63,5031.65,Pending,0,0.0,Indirect,Cash
ORD100113,2024-09-19,Sep-2024,Central,Chhattisgarh,Raipur,D026,Raipur Agencies,Distributor,OUT0152,Supermarket,SP003_Priya,Beverages,MintCool Soda 300ml,287.26,17,4883.42,5,244.17,4639.25,5048.69,Delivered,0,0.0,Indirect,UPI/Online
ORD102177,2024-09-19,Sep-2024,South,Tamil Nadu,Coimbatore,D020,Coimbatore Marketing,Distributor,OUT0109,Wholesale Shop,SP017_Sanjay,Home Care,PureAir Freshener 250ml,332.18,38,12622.84,2,252.46,12370.38,13285.0,Delivered,0,0.0,Direct,Credit
ORD100657,2024-09-19,Sep-2024,Central,Chhattisgarh,Raipur,D009,Raipur Enterprises,Wholesaler,OUT0066,Modern Trade,SP037_Sanjay,Dairy & Food Staples,DailyFresh Ghee 500ml,239.06,18,4303.08,0,0.0,4303.08,4650.56,Cancelled,0,0.0,Indirect,Credit
ORD102549,2024-09-19,Sep-2024,Central,Madhya Pradesh,Bhopal,D029,Bhopal Distribution Co,Super Stockist,OUT0148,Modern Trade,SP007_Suresh,Dairy & Food Staples,PureDrop Milk 500ml,287.26,18,5170.68,2,103.41,5067.27,6122.16,Delivered,0,0.0,Indirect,UPI/Online
ORD102306,2024-09-19,Sep-2024,West,Rajasthan,Jodhpur,D013,Jodhpur Distribution Co,Super Stockist,OUT0019,Convenience Store,SP024_Sneha,Dairy & Food Staples,GoldenGrain Atta 5kg,183.32,31,5682.92,8,454.63,5228.29,6278.11,Returned,4,733.28,Indirect,Credit
ORD101129,2024-09-19,Sep-2024,Central,Chhattisgarh,Raipur,D026,Raipur Agencies,Distributor,OUT0152,Supermarket,SP034_Kavita,Dairy & Food Staples,SunRice Basmati 1kg,331.29,61,20208.69,0,0.0,20208.69,17454.63,Delivered,0,0.0,Direct,Cash
ORD101264,2024-09-19,Sep-2024,East,Odisha,Bhubaneswar,D007,Bhubaneswar Distribution Co,Super Stockist,OUT0140,Supermarket,SP008_Neha,Beverages,OrangeZest Juice 1L,36.27,43,1559.61,0,0.0,1559.61,1401.32,Delivered,0,0.0,Indirect,Cash
ORD101584,2024-09-19,Sep-2024,Central,Madhya Pradesh,Bhopal,D029,Bhopal Distribution Co,Super Stockist,OUT0103,Kirana/General Store,SP018_Rina,Snacks & Confectionery,ChocoNut Bar 40g,163.2,65,10608.0,10,1060.8,9547.2,10460.26,Delivered,0,0.0,Direct,UPI/Online
ORD102860,2024-09-19,Sep-2024,East,West Bengal,Kolkata,D006,Kolkata Enterprises,Distributor,OUT0170,Wholesale Shop,SP038_Rina,Personal Care,SilkTouch Lotion 200ml,81.63,9,734.67,2,14.69,719.98,857.19,Delivered,0,0.0,Indirect,UPI/Online
ORD103574,2024-09-19,Sep-2024,Central,Chhattisgarh,Raipur,D005,Raipur Enterprises,Wholesaler,OUT0116,Convenience Store,SP022_Amit,Dairy & Food Staples,SunRice Basmati 1kg,55.47,35,1941.45,2,38.83,1902.62,1672.77,Delivered,0,0.0,Direct,UPI/Online
ORD100949,2024-09-20,Sep-2024,East,Bihar,Patna,D014,Patna Distribution Co,Wholesaler,OUT0173,Convenience Store,SP030_Pooja,Personal Care,GlowSoft Soap 100g,233.85,37,8652.45,5,432.62,8219.83,9201.01,Delivered,0,0.0,Direct,Credit
ORD102854,2024-09-20,Sep-2024,South,Tamil Nadu,Coimbatore,D023,Coimbatore Marketing,Super Stockist,OUT0018,Convenience Store,SP033_Manoj,Home Care,ShineFloor Cleaner 1L,209.39,8,1675.12,0,0.0,1675.12,1779.96,Delivered,0,0.0,Indirect,Credit
ORD101814,2024-09-20,Sep-2024,Central,Madhya Pradesh,Bhopal,D029,Bhopal Distribution Co,Super Stockist,OUT0143,Modern Trade,SP025_Vikram,Beverages,FreshSip Cola 250ml,154.27,37,5707.99,0,0.0,5707.99,6249.29,Delivered,0,0.0,Indirect,Cash
ORD102690,2024-09-20,Sep-2024,Central,Chhattisgarh,Raipur,D011,Raipur Agencies,Super Stockist,OUT0190,Modern Trade,SP034_Kavita,Snacks & Confectionery,ChocoNut Bar 40g,129.39,24,3105.36,8,248.43,2856.93,2614.5,Delivered,0,0.0,Direct,Cash
ORD100374,2024-09-20,Sep-2024,North,Punjab,Amritsar,D018,Amritsar Traders,Wholesaler,OUT0192,Supermarket,SP021_Rahul,Personal Care,FreshBreath Toothpaste 150g,243.96,41,10002.36,5,500.12,9502.24,10405.23,Cancelled,0,0.0,Indirect,Credit
ORD100403,2024-09-21,Sep-2024,South,Tamil Nadu,Coimbatore,D020,Coimbatore Marketing,Distributor,OUT0185,Convenience Store,SP018_Rina,Personal Care,ShinyLocks Shampoo 200ml,349.28,16,5588.48,8,447.08,5141.4,4399.63,Delivered,0,0.0,Direct,UPI/Online
ORD100587,2024-09-21,Sep-2024,North,Punjab,Amritsar,D018,Amritsar Traders,Wholesaler,OUT0198,Kirana/General Store,SP013_Manoj,Personal Care,SilkTouch Lotion 200ml,112.75,18,2029.5,2,40.59,1988.91,2002.51,Delivered,0,0.0,Indirect,Credit
ORD103725,2024-09-21,Sep-2024,South,Karnataka,Bengaluru,D002,Bengaluru Marketing,Distributor,OUT0072,Wholesale Shop,SP032_Divya,Personal Care,ShinyLocks Shampoo 200ml,311.85,18,5613.3,10,561.33,5051.97,5048.99,Delivered,0,0.0,Direct,Credit
ORD100487,2024-09-21,Sep-2024,Central,Madhya Pradesh,Jabalpur,D030,Jabalpur Distribution Co,Distributor,OUT0096,Kirana/General Store,SP033_Manoj,Beverages,FreshSip Cola 500ml,45.4,20,908.0,12,108.96,799.04,708.61,Delivered,0,0.0,Direct,UPI/Online
ORD102810,2024-09-21,Sep-2024,North,Uttar Pradesh,Lucknow,D008,Lucknow Distribution Co,Distributor,OUT0033,Convenience Store,SP001_Rahul,Personal Care,GlowSoft Soap 100g,48.18,38,1830.84,0,0.0,1830.84,2122.55,Delivered,0,0.0,Indirect,UPI/Online
ORD101949,2024-09-21,Sep-2024,Central,Madhya Pradesh,Bhopal,D029,Bhopal Distribution Co,Super Stockist,OUT0104,Supermarket,SP010_Pooja,Home Care,SparkleShine Dishwash 500ml,90.0,13,1170.0,12,140.4,1029.6,1245.09,Delivered,0,0.0,Indirect,UPI/Online
ORD100651,2024-09-21,Sep-2024,South,Karnataka,Bengaluru,D002,Bengaluru Marketing,Distributor,OUT0179,Modern Trade,SP016_Meera,Snacks & Confectionery,CrispBite Chips 100g,299.47,17,5090.99,5,254.55,4836.44,5277.81,Delivered,0,0.0,Indirect,Credit
ORD102573,2024-09-22,Sep-2024,East,Odisha,Bhubaneswar,D007,Bhubaneswar Distribution Co,Super Stockist,OUT0178,Convenience Store,SP002_Amit,Beverages,FreshSip Cola 250ml,112.54,7,787.78,5,39.39,748.39,908.41,Delivered,0,0.0,Indirect,Credit
ORD100543,2024-09-22,Sep-2024,West,Goa,Panaji,D019,Panaji Traders,Distributor,OUT0134,Wholesale Shop,SP016_Meera,Dairy & Food Staples,PureDrop Milk 500ml,286.2,24,6868.8,12,824.26,6044.54,5235.42,Delivered,0,0.0,Indirect,UPI/Online
ORD100734,2024-09-22,Sep-2024,North,Punjab,Amritsar,D018,Amritsar Traders,Wholesaler,OUT0025,Supermarket,SP013_Manoj,Beverages,FreshSip Cola 500ml,248.25,21,5213.25,5,260.66,4952.59,5348.92,Delivered,0,0.0,Indirect,Cash
ORD102664,2024-09-22,Sep-2024,South,Tamil Nadu,Coimbatore,D023,Coimbatore Marketing,Super Stockist,OUT0068,Wholesale Shop,SP032_Divya,Home Care,PureAir Freshener 250ml,186.94,18,3364.92,10,336.49,3028.43,3214.19,Delivered,0,0.0,Direct,Credit
ORD103817,2024-09-22,Sep-2024,West,Goa,Panaji,D024,Panaji Marketing,Distributor,OUT0187,Convenience Store,SP029_Karan,Snacks & Confectionery,CrispBite Chips 100g,164.82,14,2307.48,2,46.15,2261.33,2061.2,Delivered,0,0.0,Direct,UPI/Online
ORD102628,2024-09-22,Sep-2024,South,Tamil Nadu,Coimbatore,D023,Coimbatore Marketing,Super Stockist,OUT0108,Convenience Store,SP039_Deepak,Snacks & Confectionery,ChocoNut Bar 40g,124.39,18,2239.02,5,111.95,2127.07,2329.81,Delivered,0,0.0,Indirect,Credit
ORD102696,2024-09-22,Sep-2024,Central,Madhya Pradesh,Jabalpur,D030,Jabalpur Distribution Co,Distributor,OUT0181,Wholesale Shop,SP023_Priya,Beverages,MintCool Soda 300ml,175.5,20,3510.0,0,0.0,3510.0,4263.5,Cancelled,0,0.0,Direct,Cash
ORD100059,2024-09-22,Sep-2024,West,Rajasthan,Jodhpur,D013,Jodhpur Distribution Co,Super Stockist,OUT0167,Wholesale Shop,SP028_Neha,Home Care,PureAir Freshener 250ml,42.89,23,986.47,0,0.0,986.47,1108.01,Delivered,0,0.0,Direct,UPI/Online
ORD101661,2024-09-22,Sep-2024,East,Odisha,Bhubaneswar,D007,Bhubaneswar Distribution Co,Super Stockist,OUT0118,Convenience Store,SP007_Suresh,Beverages,FreshSip Cola 250ml,279.12,14,3907.68,0,0.0,3907.68,4612.11,Returned,1,279.12,Direct,UPI/Online
ORD100210,2024-09-22,Sep-2024,East,Odisha,Bhubaneswar,D007,Bhubaneswar Distribution Co,Super Stockist,OUT0040,Kirana/General Store,SP015_Arjun,Personal Care,ShinyLocks Shampoo 200ml,169.27,28,4739.56,0,0.0,4739.56,4497.09,Delivered,0,0.0,Direct,UPI/Online
ORD100341,2024-09-22,Sep-2024,Central,Madhya Pradesh,Bhopal,D029,Bhopal Distribution Co,Super Stockist,OUT0143,Modern Trade,SP030_Pooja,Dairy & Food Staples,GoldenGrain Atta 5kg,290.29,55,15965.95,2,319.32,15646.63,16174.02,Pending,0,0.0,Indirect,Credit
ORD102205,2024-09-22,Sep-2024,East,West Bengal,Kolkata,D006,Kolkata Enterprises,Distributor,OUT0127,Modern Trade,SP011_Ravi,Snacks & Confectionery,SweetPuff Biscuit 100g,190.3,44,8373.2,2,167.46,8205.74,9123.42,Delivered,0,0.0,Indirect,Credit
ORD101157,2024-09-23,Sep-2024,Central,Madhya Pradesh,Bhopal,D029,Bhopal Distribution Co,Super Stockist,OUT0139,Convenience Store,SP020_Shreya,Personal Care,ShinyLocks Shampoo 200ml,318.84,15,4782.6,2,95.65,4686.95,4072.14,Delivered,0,0.0,Direct,UPI/Online
ORD101158,2024-09-23,Sep-2024,East,Bihar,Patna,D014,Patna Distribution Co,Wholesaler,OUT0088,Wholesale Shop,SP038_Rina,Snacks & Confectionery,CrispBite Chips 50g,240.62,20,4812.4,10,481.24,4331.16,4141.08,Cancelled,0,0.0,Direct,UPI/Online
ORD100687,2024-09-23,Sep-2024,Central,Chhattisgarh,Raipur,D005,Raipur Enterprises,Wholesaler,OUT0116,Convenience Store,SP009_Karan,Home Care,SparkleShine Dishwash 500ml,46.16,25,1154.0,10,115.4,1038.6,1005.92,Delivered,0,0.0,Direct,Cash
ORD103981,2024-09-23,Sep-2024,East,Odisha,Bhubaneswar,D028,Bhubaneswar Distribution Co,Wholesaler,OUT0156,Modern Trade,SP004_Sneha,Dairy & Food Staples,SunRice Basmati 1kg,141.76,23,3260.48,2,65.21,3195.27,3530.73,Delivered,0,0.0,Direct,Cash
ORD102387,2024-09-23,Sep-2024,East,Bihar,Patna,D014,Patna Distribution Co,Wholesaler,OUT0175,Wholesale Shop,SP028_Neha,Personal Care,ShinyLocks Shampoo 200ml,294.58,42,12372.36,8,989.79,11382.57,13687.26,Delivered,0,0.0,Direct,Cash
ORD103209,2024-09-23,Sep-2024,North,Delhi,New Delhi,D001,New Delhi Traders,Super Stockist,OUT0027,Kirana/General Store,SP037_Sanjay,Snacks & Confectionery,CrispBite Chips 50g,68.34,20,1366.8,0,0.0,1366.8,1528.63,Delivered,0,0.0,Indirect,UPI/Online
ORD101317,2024-09-23,Sep-2024,West,Gujarat,Surat,D027,Surat Agencies,Wholesaler,OUT0107,Wholesale Shop,SP022_Amit,Personal Care,GlowSoft Soap 100g,225.5,24,5412.0,10,541.2,4870.8,6051.54,Delivered,0,0.0,Direct,UPI/Online
ORD101936,2024-09-23,Sep-2024,Central,Chhattisgarh,Raipur,D009,Raipur Enterprises,Wholesaler,OUT0121,Kirana/General Store,SP035_Arjun,Home Care,CleanWave Detergent 1kg,65.55,36,2359.8,0,0.0,2359.8,2375.56,Delivered,0,0.0,Indirect,Credit
ORD103352,2024-09-23,Sep-2024,Central,Chhattisgarh,Raipur,D026,Raipur Agencies,Distributor,OUT0147,Supermarket,SP026_Anjali,Dairy & Food Staples,PureDrop Milk 500ml,159.56,15,2393.4,2,47.87,2345.53,2476.17,Delivered,0,0.0,Direct,Cash
ORD101819,2024-09-24,Sep-2024,West,Rajasthan,Jodhpur,D013,Jodhpur Distribution Co,Super Stockist,OUT0083,Kirana/General Store,SP010_Pooja,Dairy & Food Staples,DailyFresh Ghee 500ml,270.09,57,15395.13,10,1539.51,13855.62,16384.68,Delivered,0,0.0,Indirect,Cash
ORD100048,2024-09-24,Sep-2024,South,Tamil Nadu,Coimbatore,D020,Coimbatore Marketing,Distributor,OUT0098,Wholesale Shop,SP020_Shreya,Home Care,ShineFloor Cleaner 1L,225.55,71,16014.05,5,800.7,15213.35,16073.21,Returned,10,2255.5,Indirect,Credit
ORD101944,2024-09-24,Sep-2024,South,Karnataka,Bengaluru,D002,Bengaluru Marketing,Distributor,OUT0074,Convenience Store,SP024_Sneha,Beverages,FreshSip Cola 500ml,124.11,17,2109.87,0,0.0,2109.87,2551.44,Delivered,0,0.0,Indirect,UPI/Online
ORD101398,2024-09-24,Sep-2024,East,Odisha,Bhubaneswar,D007,Bhubaneswar Distribution Co,Super Stockist,OUT0091,Convenience Store,SP003_Priya,Dairy & Food Staples,GoldenGrain Atta 5kg,336.09,17,5713.53,0,0.0,5713.53,4901.32,Delivered,0,0.0,Indirect,UPI/Online
ORD101835,2024-09-24,Sep-2024,North,Delhi,New Delhi,D003,New Delhi Traders,Super Stockist,OUT0082,Supermarket,SP011_Ravi,Dairy & Food Staples,PureDrop Milk 500ml,264.21,8,2113.68,5,105.68,2008.0,2257.68,Pending,0,0.0,Indirect,Cash
ORD101049,2024-09-24,Sep-2024,East,Bihar,Patna,D014,Patna Distribution Co,Wholesaler,OUT0052,Supermarket,SP020_Shreya,Personal Care,SilkTouch Lotion 200ml,22.8,22,501.6,5,25.08,476.52,415.13,Delivered,0,0.0,Direct,Cash
ORD100156,2024-09-24,Sep-2024,North,Uttar Pradesh,Lucknow,D008,Lucknow Distribution Co,Distributor,OUT0157,Supermarket,SP025_Vikram,Snacks & Confectionery,ChocoNut Bar 40g,30.29,31,938.99,2,18.78,920.21,905.21,Delivered,0,0.0,Direct,Credit
ORD102969,2024-09-24,Sep-2024,Central,Chhattisgarh,Raipur,D026,Raipur Agencies,Distributor,OUT0147,Supermarket,SP007_Suresh,Home Care,CleanWave Detergent 1kg,217.6,20,4352.0,0,0.0,4352.0,4763.19,Delivered,0,0.0,Indirect,UPI/Online
ORD103811,2024-09-24,Sep-2024,Central,Madhya Pradesh,Jabalpur,D025,Jabalpur Agencies,Wholesaler,OUT0165,Convenience Store,SP002_Amit,Home Care,CleanWave Detergent 1kg,170.5,37,6308.5,0,0.0,6308.5,6005.91,Delivered,0,0.0,Indirect,Cash
ORD103545,2024-09-24,Sep-2024,West,Rajasthan,Jodhpur,D013,Jodhpur Distribution Co,Super Stockist,OUT0093,Supermarket,SP028_Neha,Home Care,ShineFloor Cleaner 1L,321.78,18,5792.04,2,115.84,5676.2,5416.99,Delivered,0,0.0,Indirect,Cash
ORD102638,2024-09-24,Sep-2024,West,Rajasthan,Jodhpur,D013,Jodhpur Distribution Co,Super Stockist,OUT0167,Wholesale Shop,SP021_Rahul,Snacks & Confectionery,CrispBite Chips 50g,235.53,59,13896.27,0,0.0,13896.27,15376.87,Delivered,0,0.0,Indirect,Cash
ORD101609,2024-09-24,Sep-2024,Central,Chhattisgarh,Raipur,D005,Raipur Enterprises,Wholesaler,OUT0136,Kirana/General Store,SP021_Rahul,Snacks & Confectionery,SweetPuff Biscuit 100g,184.02,21,3864.42,5,193.22,3671.2,3732.51,Delivered,0,0.0,Indirect,Credit
ORD102884,2024-09-24,Sep-2024,West,Gujarat,Surat,D027,Surat Agencies,Wholesaler,OUT0158,Modern Trade,SP028_Neha,Beverages,OrangeZest Juice 1L,186.53,24,4476.72,5,223.84,4252.88,5116.87,Pending,0,0.0,Indirect,Cash
ORD103630,2024-09-25,Sep-2024,Central,Chhattisgarh,Raipur,D022,Raipur Agencies,Super Stockist,OUT0045,Kirana/General Store,SP007_Suresh,Beverages,OrangeZest Juice 1L,51.1,39,1992.9,5,99.64,1893.26,1999.14,Delivered,0,0.0,Indirect,Cash
ORD101954,2024-09-25,Sep-2024,North,Delhi,New Delhi,D003,New Delhi Traders,Super Stockist,OUT0059,Supermarket,SP007_Suresh,Snacks & Confectionery,ChocoNut Bar 40g,326.9,11,3595.9,5,179.8,3416.1,3821.44,Delivered,0,0.0,Indirect,Credit
ORD102452,2024-09-25,Sep-2024,West,Rajasthan,Jodhpur,D013,Jodhpur Distribution Co,Super Stockist,OUT0155,Kirana/General Store,SP017_Sanjay,Dairy & Food Staples,PureDrop Milk 500ml,283.21,23,6513.83,2,130.28,6383.55,6620.54,Delivered,0,0.0,Direct,Cash
ORD103085,2024-09-25,Sep-2024,South,Telangana,Hyderabad,D012,Hyderabad Traders,Super Stockist,OUT0159,Convenience Store,SP019_Deepak,Dairy & Food Staples,DailyFresh Ghee 500ml,141.44,6,848.64,2,16.97,831.67,1007.69,Delivered,0,0.0,Indirect,Credit
ORD100300,2024-09-25,Sep-2024,Central,Madhya Pradesh,Jabalpur,D025,Jabalpur Agencies,Wholesaler,OUT0009,Wholesale Shop,SP009_Karan,Beverages,FreshSip Cola 250ml,172.31,31,5341.61,0,0.0,5341.61,6659.51,Delivered,0,0.0,Indirect,Credit
ORD102219,2024-09-25,Sep-2024,Central,Madhya Pradesh,Jabalpur,D004,Jabalpur Traders,Wholesaler,OUT0130,Kirana/General Store,SP001_Rahul,Personal Care,ShinyLocks Shampoo 200ml,338.1,8,2704.8,8,216.38,2488.42,2901.21,Cancelled,0,0.0,Indirect,Credit
ORD101951,2024-09-25,Sep-2024,South,Karnataka,Bengaluru,D002,Bengaluru Marketing,Distributor,OUT0124,Kirana/General Store,SP005_Vikram,Snacks & Confectionery,SweetPuff Biscuit 100g,196.57,19,3734.83,5,186.74,3548.09,3812.22,Delivered,0,0.0,Indirect,Cash
ORD100207,2024-09-26,Sep-2024,East,West Bengal,Kolkata,D006,Kolkata Enterprises,Distributor,OUT0106,Modern Trade,SP005_Vikram,Home Care,CleanWave Detergent 1kg,54.51,11,599.61,5,29.98,569.63,697.5,Delivered,0,0.0,Direct,Credit
ORD100581,2024-09-26,Sep-2024,Central,Chhattisgarh,Raipur,D021,Raipur Traders,Super Stockist,OUT0057,Wholesale Shop,SP027_Suresh,Snacks & Confectionery,CrispBite Chips 50g,33.22,10,332.2,0,0.0,332.2,403.08,Delivered,0,0.0,Indirect,Cash
ORD101797,2024-09-26,Sep-2024,North,Delhi,New Delhi,D001,New Delhi Traders,Super Stockist,OUT0027,Kirana/General Store,SP011_Ravi,Dairy & Food Staples,SunRice Basmati 1kg,112.95,42,4743.9,0,0.0,4743.9,5864.96,Delivered,0,0.0,Indirect,Cash
ORD103867,2024-09-26,Sep-2024,West,Gujarat,Surat,D027,Surat Agencies,Wholesaler,OUT0133,Convenience Store,SP001_Rahul,Home Care,PureAir Freshener 250ml,298.68,33,9856.44,5,492.82,9363.62,8217.29,Delivered,0,0.0,Direct,Cash
ORD101080,2024-09-26,Sep-2024,Central,Madhya Pradesh,Bhopal,D029,Bhopal Distribution Co,Super Stockist,OUT0112,Supermarket,SP014_Kavita,Home Care,ShineFloor Cleaner 1L,244.13,7,1708.91,0,0.0,1708.91,1453.55,Delivered,0,0.0,Direct,UPI/Online
ORD101409,2024-09-26,Sep-2024,West,Goa,Panaji,D024,Panaji Marketing,Distributor,OUT0187,Convenience Store,SP037_Sanjay,Personal Care,SilkTouch Lotion 200ml,43.87,6,263.22,0,0.0,263.22,258.38,Delivered,0,0.0,Direct,Credit
ORD102040,2024-09-26,Sep-2024,Central,Chhattisgarh,Raipur,D026,Raipur Agencies,Distributor,OUT0154,Kirana/General Store,SP035_Arjun,Snacks & Confectionery,CrispBite Chips 50g,53.38,33,1761.54,12,211.38,1550.16,1635.53,Delivered,0,0.0,Indirect,Credit
ORD100867,2024-09-26,Sep-2024,East,Odisha,Bhubaneswar,D007,Bhubaneswar Distribution Co,Super Stockist,OUT0193,Modern Trade,SP040_Shreya,Personal Care,SilkTouch Lotion 200ml,182.04,11,2002.44,12,240.29,1762.15,1811.29,Delivered,0,0.0,Indirect,UPI/Online
ORD100241,2024-09-26,Sep-2024,North,Delhi,New Delhi,D001,New Delhi Traders,Super Stockist,OUT0097,Modern Trade,SP035_Arjun,Personal Care,ShinyLocks Shampoo 200ml,272.41,7,1906.87,5,95.34,1811.53,1553.01,Returned,2,544.82,Indirect,Credit
ORD101250,2024-09-26,Sep-2024,West,Gujarat,Surat,D027,Surat Agencies,Wholesaler,OUT0160,Supermarket,SP013_Manoj,Home Care,CleanWave Detergent 1kg,302.72,36,10897.92,0,0.0,10897.92,9677.6,Delivered,0,0.0,Direct,Cash
ORD100735,2024-09-26,Sep-2024,Central,Madhya Pradesh,Jabalpur,D004,Jabalpur Traders,Wholesaler,OUT0169,Convenience Store,SP027_Suresh,Snacks & Confectionery,CrispBite Chips 100g,88.25,28,2471.0,0,0.0,2471.0,2738.08,Delivered,0,0.0,Indirect,UPI/Online
ORD100077,2024-09-26,Sep-2024,North,Uttar Pradesh,Lucknow,D010,Lucknow Marketing,Distributor,OUT0117,Wholesale Shop,SP010_Pooja,Beverages,FreshSip Cola 500ml,227.09,23,5223.07,10,522.31,4700.76,4523.94,Delivered,0,0.0,Indirect,UPI/Online
ORD100275,2024-09-27,Sep-2024,North,Uttar Pradesh,Lucknow,D008,Lucknow Distribution Co,Distributor,OUT0033,Convenience Store,SP030_Pooja,Snacks & Confectionery,CrispBite Chips 50g,248.41,22,5465.02,8,437.2,5027.82,4889.56,Delivered,0,0.0,Indirect,Credit
ORD101430,2024-09-27,Sep-2024,North,Punjab,Amritsar,D018,Amritsar Traders,Wholesaler,OUT0132,Kirana/General Store,SP001_Rahul,Snacks & Confectionery,SweetPuff Biscuit 100g,21.76,5,108.8,5,5.44,103.36,113.04,Pending,0,0.0,Direct,Credit
ORD102771,2024-09-27,Sep-2024,East,West Bengal,Kolkata,D006,Kolkata Enterprises,Distributor,OUT0127,Modern Trade,SP029_Karan,Snacks & Confectionery,CrispBite Chips 50g,28.69,12,344.28,0,0.0,344.28,429.78,Cancelled,0,0.0,Direct,UPI/Online
ORD101008,2024-09-27,Sep-2024,Central,Madhya Pradesh,Jabalpur,D004,Jabalpur Traders,Wholesaler,OUT0056,Kirana/General Store,SP001_Rahul,Snacks & Confectionery,ChocoNut Bar 40g,334.06,34,11358.04,2,227.16,11130.88,12687.23,Delivered,0,0.0,Direct,UPI/Online
ORD102450,2024-09-28,Sep-2024,Central,Chhattisgarh,Raipur,D022,Raipur Agencies,Super Stockist,OUT0094,Convenience Store,SP027_Suresh,Beverages,MintCool Soda 300ml,254.1,60,15246.0,10,1524.6,13721.4,15038.94,Delivered,0,0.0,Direct,Credit
ORD100287,2024-09-28,Sep-2024,East,Odisha,Bhubaneswar,D007,Bhubaneswar Distribution Co,Super Stockist,OUT0035,Wholesale Shop,SP006_Anjali,Home Care,SparkleShine Dishwash 500ml,43.51,13,565.63,0,0.0,565.63,630.42,Delivered,0,0.0,Direct,Credit
ORD103176,2024-09-28,Sep-2024,West,Rajasthan,Jaipur,D016,Jaipur Distribution Co,Super Stockist,OUT0061,Modern Trade,SP011_Ravi,Dairy & Food Staples,PureDrop Milk 500ml,49.54,37,1832.98,0,0.0,1832.98,1883.07,Delivered,0,0.0,Indirect,UPI/Online
ORD102207,2024-09-28,Sep-2024,West,Goa,Panaji,D024,Panaji Marketing,Distributor,OUT0073,Wholesale Shop,SP024_Sneha,Personal Care,FreshBreath Toothpaste 150g,87.53,40,3501.2,0,0.0,3501.2,3750.41,Returned,13,1137.89,Indirect,Cash
ORD101623,2024-09-28,Sep-2024,East,Odisha,Bhubaneswar,D028,Bhubaneswar Distribution Co,Wholesaler,OUT0156,Modern Trade,SP016_Meera,Home Care,ShineFloor Cleaner 1L,133.71,69,9225.99,2,184.52,9041.47,8191.28,Delivered,0,0.0,Direct,Cash
ORD103521,2024-09-28,Sep-2024,East,Odisha,Bhubaneswar,D007,Bhubaneswar Distribution Co,Super Stockist,OUT0050,Wholesale Shop,SP028_Neha,Dairy & Food Staples,GoldenGrain Atta 5kg,96.02,12,1152.24,0,0.0,1152.24,1267.49,Delivered,0,0.0,Indirect,Credit
ORD101722,2024-09-29,Sep-2024,East,Odisha,Bhubaneswar,D028,Bhubaneswar Distribution Co,Wholesaler,OUT0014,Wholesale Shop,SP002_Amit,Personal Care,GlowSoft Soap 100g,345.48,19,6564.12,8,525.13,6038.99,6689.67,Delivered,0,0.0,Indirect,Credit
ORD103254,2024-09-29,Sep-2024,Central,Chhattisgarh,Raipur,D009,Raipur Enterprises,Wholesaler,OUT0153,Supermarket,SP002_Amit,Dairy & Food Staples,DailyFresh Ghee 500ml,86.19,37,3189.03,10,318.9,2870.13,3400.7,Delivered,0,0.0,Indirect,UPI/Online
ORD100303,2024-09-29,Sep-2024,South,Telangana,Hyderabad,D012,Hyderabad Traders,Super Stockist,OUT0142,Wholesale Shop,SP018_Rina,Home Care,CleanWave Detergent 1kg,271.13,8,2169.04,0,0.0,2169.04,2708.12,Pending,0,0.0,Direct,UPI/Online
ORD100234,2024-09-29,Sep-2024,Central,Chhattisgarh,Raipur,D021,Raipur Traders,Super Stockist,OUT0126,Convenience Store,SP024_Sneha,Dairy & Food Staples,DailyFresh Ghee 500ml,349.81,38,13292.78,5,664.64,12628.14,15171.53,Delivered,0,0.0,Indirect,Cash
ORD103255,2024-09-29,Sep-2024,East,West Bengal,Kolkata,D006,Kolkata Enterprises,Distributor,OUT0060,Modern Trade,SP035_Arjun,Personal Care,ShinyLocks Shampoo 200ml,124.94,17,2123.98,8,169.92,1954.06,1840.45,Delivered,0,0.0,Direct,Cash
ORD102510,2024-09-29,Sep-2024,East,West Bengal,Kolkata,D006,Kolkata Enterprises,Distributor,OUT0170,Wholesale Shop,SP012_Divya,Dairy & Food Staples,GoldenGrain Atta 5kg,85.94,17,1460.98,2,29.22,1431.76,1292.47,Cancelled,0,0.0,Indirect,Credit
ORD103168,2024-09-29,Sep-2024,Central,Madhya Pradesh,Jabalpur,D004,Jabalpur Traders,Wholesaler,OUT0056,Kirana/General Store,SP037_Sanjay,Beverages,OrangeZest Juice 1L,342.77,19,6512.63,0,0.0,6512.63,6791.58,Delivered,0,0.0,Indirect,UPI/Online
ORD103002,2024-09-30,Sep-2024,Central,Chhattisgarh,Raipur,D022,Raipur Agencies,Super Stockist,OUT0189,Modern Trade,SP010_Pooja,Home Care,CleanWave Detergent 1kg,134.45,14,1882.3,0,0.0,1882.3,2284.74,Cancelled,0,0.0,Indirect,Credit
ORD101892,2024-09-30,Sep-2024,Central,Chhattisgarh,Raipur,D022,Raipur Agencies,Super Stockist,OUT0094,Convenience Store,SP025_Vikram,Beverages,FreshSip Cola 500ml,226.06,20,4521.2,10,452.12,4069.08,4153.19,Delivered,0,0.0,Indirect,UPI/Online
ORD101120,2024-09-30,Sep-2024,North,Uttar Pradesh,Lucknow,D008,Lucknow Distribution Co,Distributor,OUT0005,Wholesale Shop,SP031_Ravi,Beverages,MintCool Soda 300ml,144.35,23,3320.05,0,0.0,3320.05,3098.58,Delivered,0,0.0,Direct,Cash
ORD100523,2024-09-30,Sep-2024,West,Gujarat,Surat,D027,Surat Agencies,Wholesaler,OUT0160,Supermarket,SP002_Amit,Beverages,FreshSip Cola 250ml,44.98,47,2114.06,8,169.12,1944.94,1811.5,Cancelled,0,0.0,Indirect,UPI/Online
ORD103939,2024-09-30,Sep-2024,East,Odisha,Bhubaneswar,D007,Bhubaneswar Distribution Co,Super Stockist,OUT0118,Convenience Store,SP005_Vikram,Personal Care,FreshBreath Toothpaste 150g,215.19,48,10329.12,2,206.58,10122.54,12061.3,Cancelled,0,0.0,Direct,Credit
ORD103684,2024-09-30,Sep-2024,East,West Bengal,Kolkata,D006,Kolkata Enterprises,Distributor,OUT0078,Kirana/General Store,SP029_Karan,Beverages,FreshSip Cola 500ml,105.08,33,3467.64,0,0.0,3467.64,3466.26,Delivered,0,0.0,Direct,UPI/Online
ORD100969,2024-09-30,Sep-2024,East,West Bengal,Kolkata,D006,Kolkata Enterprises,Distributor,OUT0078,Kirana/General Store,SP010_Pooja,Beverages,FreshSip Cola 250ml,181.8,31,5635.8,8,450.86,5184.94,5098.45,Delivered,0,0.0,Indirect,Credit
ORD100738,2024-09-30,Sep-2024,Central,Chhattisgarh,Raipur,D026,Raipur Agencies,Distributor,OUT0154,Kirana/General Store,SP021_Rahul,Home Care,PureAir Freshener 250ml,335.58,8,2684.64,2,53.69,2630.95,2497.87,Delivered,0,0.0,Indirect,UPI/Online
ORD103204,2024-09-30,Sep-2024,South,Tamil Nadu,Coimbatore,D023,Coimbatore Marketing,Super Stockist,OUT0028,Kirana/General Store,SP002_Amit,Home Care,PureAir Freshener 250ml,346.29,18,6233.22,10,623.32,5609.9,5477.04,Delivered,0,0.0,Indirect,UPI/Online
ORD102117,2024-09-30,Sep-2024,West,Gujarat,Surat,D027,Surat Agencies,Wholesaler,OUT0008,Kirana/General Store,SP035_Arjun,Beverages,OrangeZest Juice 1L,54.09,24,1298.16,2,25.96,1272.2,1369.59,Cancelled,0,0.0,Direct,Credit
ORD101455,2024-09-30,Sep-2024,South,Tamil Nadu,Coimbatore,D020,Coimbatore Marketing,Distributor,OUT0185,Convenience Store,SP036_Meera,Snacks & Confectionery,CrispBite Chips 50g,172.14,31,5336.34,2,106.73,5229.61,6507.71,Delivered,0,0.0,Direct,Credit
ORD101496,2024-10-01,Oct-2024,North,Delhi,New Delhi,D003,New Delhi Traders,Super Stockist,OUT0059,Supermarket,SP034_Kavita,Home Care,CleanWave Detergent 1kg,195.34,30,5860.2,8,468.82,5391.38,4690.64,Delivered,0,0.0,Indirect,Credit
ORD101795,2024-10-01,Oct-2024,Central,Chhattisgarh,Raipur,D005,Raipur Enterprises,Wholesaler,OUT0102,Convenience Store,SP022_Amit,Snacks & Confectionery,ChocoNut Bar 40g,259.82,26,6755.32,10,675.53,6079.79,5532.35,Delivered,0,0.0,Indirect,Credit
ORD102427,2024-10-01,Oct-2024,East,Odisha,Bhubaneswar,D007,Bhubaneswar Distribution Co,Super Stockist,OUT0140,Supermarket,SP020_Shreya,Home Care,CleanWave Detergent 1kg,220.75,15,3311.25,8,264.9,3046.35,3181.61,Delivered,0,0.0,Indirect,UPI/Online
ORD102085,2024-10-01,Oct-2024,North,Delhi,New Delhi,D003,New Delhi Traders,Super Stockist,OUT0081,Wholesale Shop,SP036_Meera,Beverages,FreshSip Cola 500ml,275.51,17,4683.67,5,234.18,4449.49,5399.97,Delivered,0,0.0,Indirect,UPI/Online
ORD103232,2024-10-01,Oct-2024,Central,Madhya Pradesh,Jabalpur,D025,Jabalpur Agencies,Wholesaler,OUT0165,Convenience Store,SP021_Rahul,Dairy & Food Staples,GoldenGrain Atta 5kg,343.81,16,5500.96,10,550.1,4950.86,4970.86,Delivered,0,0.0,Indirect,UPI/Online
ORD102103,2024-10-01,Oct-2024,Central,Madhya Pradesh,Jabalpur,D004,Jabalpur Traders,Wholesaler,OUT0056,Kirana/General Store,SP039_Deepak,Personal Care,GlowSoft Soap 100g,344.03,17,5848.51,10,584.85,5263.66,4966.95,Delivered,0,0.0,Indirect,Cash
ORD103418,2024-10-01,Oct-2024,North,Punjab,Ludhiana,D015,Ludhiana Traders,Distributor,OUT0051,Supermarket,SP029_Karan,Home Care,PureAir Freshener 250ml,72.63,14,1016.82,10,101.68,915.14,1095.16,Delivered,0,0.0,Indirect,Cash
ORD103128,2024-10-01,Oct-2024,Central,Chhattisgarh,Raipur,D009,Raipur Enterprises,Wholesaler,OUT0113,Kirana/General Store,SP033_Manoj,Snacks & Confectionery,SweetPuff Biscuit 100g,170.56,41,6992.96,0,0.0,6992.96,6063.58,Delivered,0,0.0,Indirect,Credit
ORD100304,2024-10-01,Oct-2024,South,Karnataka,Bengaluru,D002,Bengaluru Marketing,Distributor,OUT0074,Convenience Store,SP007_Suresh,Beverages,MintCool Soda 300ml,141.54,10,1415.4,5,70.77,1344.63,1461.91,Cancelled,0,0.0,Indirect,Cash
ORD103587,2024-10-01,Oct-2024,South,Karnataka,Mysuru,D017,Mysuru Enterprises,Distributor,OUT0176,Kirana/General Store,SP021_Rahul,Snacks & Confectionery,CrispBite Chips 50g,87.5,46,4025.0,5,201.25,3823.75,3250.97,Delivered,0,0.0,Indirect,Cash
ORD102323,2024-10-02,Oct-2024,East,Bihar,Patna,D014,Patna Distribution Co,Wholesaler,OUT0088,Wholesale Shop,SP008_Neha,Snacks & Confectionery,ChocoNut Bar 40g,173.24,5,866.2,5,43.31,822.89,988.87,Delivered,0,0.0,Indirect,Credit
ORD102919,2024-10-02,Oct-2024,North,Uttar Pradesh,Lucknow,D008,Lucknow Distribution Co,Distributor,OUT0022,Supermarket,SP003_Priya,Snacks & Confectionery,CrispBite Chips 50g,335.61,12,4027.32,8,322.19,3705.13,3242.92,Cancelled,0,0.0,Direct,Credit
ORD102084,2024-10-02,Oct-2024,North,Delhi,New Delhi,D001,New Delhi Traders,Super Stockist,OUT0149,Supermarket,SP031_Ravi,Snacks & Confectionery,CrispBite Chips 50g,319.22,20,6384.4,0,0.0,6384.4,5939.72,Delivered,0,0.0,Indirect,UPI/Online
ORD102524,2024-10-02,Oct-2024,South,Telangana,Hyderabad,D012,Hyderabad Traders,Super Stockist,OUT0166,Wholesale Shop,SP039_Deepak,Personal Care,GlowSoft Soap 100g,30.98,5,154.9,8,12.39,142.51,160.33,Delivered,0,0.0,Indirect,UPI/Online
ORD103836,2024-10-02,Oct-2024,East,West Bengal,Kolkata,D006,Kolkata Enterprises,Distributor,OUT0064,Modern Trade,SP030_Pooja,Dairy & Food Staples,SunRice Basmati 1kg,220.77,17,3753.09,2,75.06,3678.03,3815.87,Delivered,0,0.0,Indirect,Cash
ORD101207,2024-10-02,Oct-2024,West,Gujarat,Surat,D027,Surat Agencies,Wholesaler,OUT0008,Kirana/General Store,SP039_Deepak,Home Care,CleanWave Detergent 1kg,168.37,23,3872.51,2,77.45,3795.06,4456.32,Delivered,0,0.0,Direct,Credit
ORD102262,2024-10-03,Oct-2024,North,Uttar Pradesh,Lucknow,D008,Lucknow Distribution Co,Distributor,OUT0038,Modern Trade,SP026_Anjali,Personal Care,FreshBreath Toothpaste 150g,329.9,23,7587.7,8,607.02,6980.68,8310.61,Cancelled,0,0.0,Indirect,UPI/Online
ORD100110,2024-10-03,Oct-2024,North,Delhi,New Delhi,D001,New Delhi Traders,Super Stockist,OUT0065,Modern Trade,SP009_Karan,Snacks & Confectionery,CrispBite Chips 50g,273.93,15,4108.95,2,82.18,4026.77,3607.72,Delivered,0,0.0,Indirect,Cash
ORD102707,2024-10-03,Oct-2024,Central,Chhattisgarh,Raipur,D009,Raipur Enterprises,Wholesaler,OUT0053,Modern Trade,SP032_Divya,Personal Care,FreshBreath Toothpaste 150g,174.73,35,6115.55,5,305.78,5809.77,6138.18,Delivered,0,0.0,Direct,Cash
ORD100669,2024-10-03,Oct-2024,Central,Madhya Pradesh,Jabalpur,D025,Jabalpur Agencies,Wholesaler,OUT0009,Wholesale Shop,SP012_Divya,Dairy & Food Staples,DailyFresh Ghee 500ml,120.9,23,2780.7,5,139.04,2641.66,2578.51,Delivered,0,0.0,Direct,UPI/Online
ORD100464,2024-10-03,Oct-2024,South,Tamil Nadu,Coimbatore,D023,Coimbatore Marketing,Super Stockist,OUT0068,Wholesale Shop,SP026_Anjali,Personal Care,FreshBreath Toothpaste 150g,94.02,42,3948.84,2,78.98,3869.86,3792.92,Delivered,0,0.0,Direct,Cash
ORD103174,2024-10-03,Oct-2024,South,Tamil Nadu,Coimbatore,D020,Coimbatore Marketing,Distributor,OUT0087,Kirana/General Store,SP001_Rahul,Snacks & Confectionery,SweetPuff Biscuit 100g,313.69,41,12861.29,0,0.0,12861.29,13122.72,Cancelled,0,0.0,Direct,Cash
ORD103108,2024-10-03,Oct-2024,West,Gujarat,Surat,D027,Surat Agencies,Wholesaler,OUT0008,Kirana/General Store,SP037_Sanjay,Beverages,OrangeZest Juice 1L,81.3,20,1626.0,10,162.6,1463.4,1667.9,Delivered,0,0.0,Indirect,Cash
ORD103969,2024-10-03,Oct-2024,North,Uttar Pradesh,Lucknow,D008,Lucknow Distribution Co,Distributor,OUT0005,Wholesale Shop,SP040_Shreya,Beverages,FreshSip Cola 250ml,128.07,34,4354.38,10,435.44,3918.94,4823.18,Delivered,0,0.0,Indirect,Cash
ORD102003,2024-10-03,Oct-2024,Central,Chhattisgarh,Raipur,D011,Raipur Agencies,Super Stockist,OUT0090,Convenience Store,SP014_Kavita,Beverages,OrangeZest Juice 1L,332.81,31,10317.11,2,206.34,10110.77,8898.78,Delivered,0,0.0,Indirect,Cash
ORD103480,2024-10-03,Oct-2024,North,Delhi,New Delhi,D003,New Delhi Traders,Super Stockist,OUT0023,Convenience Store,SP023_Priya,Snacks & Confectionery,CrispBite Chips 50g,112.72,17,1916.24,10,191.62,1724.62,1940.44,Delivered,0,0.0,Indirect,Cash
ORD102083,2024-10-03,Oct-2024,North,Uttar Pradesh,Lucknow,D008,Lucknow Distribution Co,Distributor,OUT0092,Convenience Store,SP016_Meera,Beverages,FreshSip Cola 500ml,152.44,33,5030.52,2,100.61,4929.91,4400.05,Delivered,0,0.0,Direct,UPI/Online
ORD102043,2024-10-03,Oct-2024,North,Uttar Pradesh,Lucknow,D008,Lucknow Distribution Co,Distributor,OUT0157,Supermarket,SP019_Deepak,Home Care,SparkleShine Dishwash 500ml,143.19,6,859.14,10,85.91,773.23,716.74,Delivered,0,0.0,Direct,Credit
ORD103262,2024-10-03,Oct-2024,North,Uttar Pradesh,Lucknow,D008,Lucknow Distribution Co,Distributor,OUT0049,Supermarket,SP001_Rahul,Dairy & Food Staples,SunRice Basmati 1kg,239.08,21,5020.68,0,0.0,5020.68,5772.77,Delivered,0,0.0,Indirect,Credit
ORD100021,2024-10-03,Oct-2024,East,Odisha,Bhubaneswar,D028,Bhubaneswar Distribution Co,Wholesaler,OUT0014,Wholesale Shop,SP003_Priya,Personal Care,ShinyLocks Shampoo 200ml,93.3,18,1679.4,0,0.0,1679.4,1644.6,Returned,6,559.8,Direct,UPI/Online
ORD101179,2024-10-03,Oct-2024,North,Punjab,Amritsar,D018,Amritsar Traders,Wholesaler,OUT0012,Supermarket,SP002_Amit,Home Care,PureAir Freshener 250ml,49.44,25,1236.0,0,0.0,1236.0,1328.03,Returned,2,98.88,Indirect,UPI/Online
ORD103226,2024-10-04,Oct-2024,South,Karnataka,Bengaluru,D002,Bengaluru Marketing,Distributor,OUT0074,Convenience Store,SP028_Neha,Personal Care,FreshBreath Toothpaste 150g,221.16,13,2875.08,2,57.5,2817.58,2759.59,Pending,0,0.0,Indirect,UPI/Online
ORD102334,2024-10-04,Oct-2024,West,Gujarat,Surat,D027,Surat Agencies,Wholesaler,OUT0158,Modern Trade,SP040_Shreya,Beverages,FreshSip Cola 500ml,82.96,11,912.56,5,45.63,866.93,841.79,Delivered,0,0.0,Direct,UPI/Online
ORD103949,2024-10-04,Oct-2024,Central,Chhattisgarh,Raipur,D009,Raipur Enterprises,Wholesaler,OUT0153,Supermarket,SP028_Neha,Dairy & Food Staples,DailyFresh Ghee 500ml,292.61,6,1755.66,0,0.0,1755.66,1753.24,Delivered,0,0.0,Indirect,Credit
ORD102459,2024-10-04,Oct-2024,South,Tamil Nadu,Coimbatore,D023,Coimbatore Marketing,Super Stockist,OUT0028,Kirana/General Store,SP016_Meera,Personal Care,ShinyLocks Shampoo 200ml,258.47,23,5944.81,8,475.58,5469.23,4817.89,Pending,0,0.0,Indirect,UPI/Online
ORD103563,2024-10-04,Oct-2024,East,Odisha,Bhubaneswar,D007,Bhubaneswar Distribution Co,Super Stockist,OUT0193,Modern Trade,SP030_Pooja,Home Care,PureAir Freshener 250ml,146.82,28,4110.96,0,0.0,4110.96,4568.62,Returned,7,1027.74,Direct,Credit
ORD100571,2024-10-04,Oct-2024,Central,Madhya Pradesh,Jabalpur,D025,Jabalpur Agencies,Wholesaler,OUT0009,Wholesale Shop,SP036_Meera,Personal Care,SilkTouch Lotion 200ml,181.5,24,4356.0,2,87.12,4268.88,5059.87,Delivered,0,0.0,Direct,UPI/Online
ORD100948,2024-10-04,Oct-2024,Central,Madhya Pradesh,Bhopal,D029,Bhopal Distribution Co,Super Stockist,OUT0148,Modern Trade,SP004_Sneha,Snacks & Confectionery,CrispBite Chips 50g,344.91,9,3104.19,0,0.0,3104.19,2855.59,Returned,3,1034.73,Indirect,UPI/Online
ORD102798,2024-10-04,Oct-2024,East,Odisha,Bhubaneswar,D007,Bhubaneswar Distribution Co,Super Stockist,OUT0140,Supermarket,SP015_Arjun,Snacks & Confectionery,CrispBite Chips 50g,60.97,17,1036.49,0,0.0,1036.49,1055.84,Delivered,0,0.0,Indirect,UPI/Online
ORD102362,2024-10-04,Oct-2024,Central,Chhattisgarh,Raipur,D022,Raipur Agencies,Super Stockist,OUT0186,Kirana/General Store,SP023_Priya,Home Care,ShineFloor Cleaner 1L,209.91,40,8396.4,5,419.82,7976.58,6916.77,Delivered,0,0.0,Indirect,UPI/Online
ORD102547,2024-10-05,Oct-2024,East,Bihar,Patna,D014,Patna Distribution Co,Wholesaler,OUT0175,Wholesale Shop,SP002_Amit,Snacks & Confectionery,ChocoNut Bar 40g,186.76,29,5416.04,5,270.8,5145.24,6175.73,Delivered,0,0.0,Direct,UPI/Online
ORD103979,2024-10-05,Oct-2024,Central,Chhattisgarh,Raipur,D022,Raipur Agencies,Super Stockist,OUT0195,Supermarket,SP001_Rahul,Personal Care,ShinyLocks Shampoo 200ml,108.89,5,544.45,0,0.0,544.45,660.19,Delivered,0,0.0,Indirect,UPI/Online
ORD103931,2024-10-05,Oct-2024,Central,Madhya Pradesh,Jabalpur,D025,Jabalpur Agencies,Wholesaler,OUT0009,Wholesale Shop,SP008_Neha,Beverages,FreshSip Cola 250ml,320.95,13,4172.35,0,0.0,4172.35,4236.81,Delivered,0,0.0,Direct,Cash
ORD102269,2024-10-05,Oct-2024,Central,Chhattisgarh,Raipur,D005,Raipur Enterprises,Wholesaler,OUT0011,Modern Trade,SP036_Meera,Dairy & Food Staples,PureDrop Milk 500ml,230.06,16,3680.96,5,184.05,3496.91,3936.6,Delivered,0,0.0,Indirect,Credit
ORD103803,2024-10-05,Oct-2024,Central,Madhya Pradesh,Bhopal,D029,Bhopal Distribution Co,Super Stockist,OUT0139,Convenience Store,SP014_Kavita,Dairy & Food Staples,PureDrop Milk 500ml,163.35,27,4410.45,0,0.0,4410.45,4941.01,Delivered,0,0.0,Indirect,UPI/Online
ORD102962,2024-10-05,Oct-2024,Central,Chhattisgarh,Raipur,D005,Raipur Enterprises,Wholesaler,OUT0116,Convenience Store,SP038_Rina,Personal Care,ShinyLocks Shampoo 200ml,321.29,9,2891.61,0,0.0,2891.61,3179.65,Delivered,0,0.0,Direct,UPI/Online
ORD103839,2024-10-05,Oct-2024,West,Goa,Panaji,D024,Panaji Marketing,Distributor,OUT0073,Wholesale Shop,SP008_Neha,Beverages,MintCool Soda 300ml,36.01,35,1260.35,5,63.02,1197.33,1223.36,Delivered,0,0.0,Direct,UPI/Online
ORD101558,2024-10-05,Oct-2024,West,Goa,Panaji,D019,Panaji Traders,Distributor,OUT0026,Supermarket,SP014_Kavita,Home Care,CleanWave Detergent 1kg,93.14,12,1117.68,0,0.0,1117.68,1363.69,Delivered,0,0.0,Indirect,Credit
ORD100582,2024-10-05,Oct-2024,Central,Madhya Pradesh,Bhopal,D029,Bhopal Distribution Co,Super Stockist,OUT0138,Kirana/General Store,SP022_Amit,Home Care,CleanWave Detergent 1kg,174.46,50,8723.0,2,174.46,8548.54,9307.34,Delivered,0,0.0,Direct,Cash
ORD100709,2024-10-05,Oct-2024,Central,Chhattisgarh,Raipur,D009,Raipur Enterprises,Wholesaler,OUT0121,Kirana/General Store,SP025_Vikram,Snacks & Confectionery,CrispBite Chips 100g,52.0,29,1508.0,8,120.64,1387.36,1482.77,Delivered,0,0.0,Indirect,Credit
ORD102438,2024-10-06,Oct-2024,North,Delhi,New Delhi,D001,New Delhi Traders,Super Stockist,OUT0065,Modern Trade,SP010_Pooja,Beverages,FreshSip Cola 250ml,21.12,6,126.72,8,10.14,116.58,125.4,Delivered,0,0.0,Indirect,Cash
ORD101669,2024-10-06,Oct-2024,North,Uttar Pradesh,Lucknow,D010,Lucknow Marketing,Distributor,OUT0067,Modern Trade,SP008_Neha,Dairy & Food Staples,SunRice Basmati 1kg,193.33,19,3673.27,10,367.33,3305.94,3297.85,Delivered,0,0.0,Indirect,UPI/Online
ORD103438,2024-10-06,Oct-2024,North,Punjab,Amritsar,D018,Amritsar Traders,Wholesaler,OUT0198,Kirana/General Store,SP007_Suresh,Beverages,MintCool Soda 300ml,268.02,13,3484.26,0,0.0,3484.26,4030.06,Delivered,0,0.0,Indirect,Credit
ORD101987,2024-10-06,Oct-2024,South,Tamil Nadu,Coimbatore,D020,Coimbatore Marketing,Distributor,OUT0196,Wholesale Shop,SP005_Vikram,Personal Care,FreshBreath Toothpaste 150g,149.83,31,4644.73,0,0.0,4644.73,4085.83,Delivered,0,0.0,Indirect,Cash
ORD103485,2024-10-06,Oct-2024,Central,Madhya Pradesh,Bhopal,D029,Bhopal Distribution Co,Super Stockist,OUT0112,Supermarket,SP027_Suresh,Personal Care,GlowSoft Soap 100g,250.75,8,2006.0,8,160.48,1845.52,1904.28,Returned,2,501.5,Indirect,Credit
ORD103515,2024-10-06,Oct-2024,West,Rajasthan,Jaipur,D016,Jaipur Distribution Co,Super Stockist,OUT0061,Modern Trade,SP008_Neha,Personal Care,FreshBreath Toothpaste 150g,337.0,48,16176.0,2,323.52,15852.48,15984.08,Delivered,0,0.0,Indirect,UPI/Online
ORD100865,2024-10-06,Oct-2024,Central,Madhya Pradesh,Bhopal,D029,Bhopal Distribution Co,Super Stockist,OUT0148,Modern Trade,SP031_Ravi,Personal Care,GlowSoft Soap 100g,134.86,5,674.3,5,33.72,640.58,733.2,Delivered,0,0.0,Indirect,UPI/Online
ORD101813,2024-10-06,Oct-2024,North,Punjab,Amritsar,D018,Amritsar Traders,Wholesaler,OUT0128,Modern Trade,SP031_Ravi,Personal Care,ShinyLocks Shampoo 200ml,219.67,10,2196.7,0,0.0,2196.7,2736.99,Delivered,0,0.0,Direct,UPI/Online
ORD102196,2024-10-06,Oct-2024,South,Tamil Nadu,Coimbatore,D023,Coimbatore Marketing,Super Stockist,OUT0191,Convenience Store,SP023_Priya,Snacks & Confectionery,CrispBite Chips 100g,101.57,12,1218.84,2,24.38,1194.46,1130.7,Delivered,0,0.0,Indirect,Cash
ORD101063,2024-10-06,Oct-2024,South,Tamil Nadu,Coimbatore,D020,Coimbatore Marketing,Distributor,OUT0109,Wholesale Shop,SP024_Sneha,Home Care,SparkleShine Dishwash 500ml,155.5,18,2799.0,10,279.9,2519.1,3006.78,Delivered,0,0.0,Indirect,Cash
ORD100915,2024-10-06,Oct-2024,Central,Chhattisgarh,Raipur,D005,Raipur Enterprises,Wholesaler,OUT0036,Wholesale Shop,SP012_Divya,Personal Care,ShinyLocks Shampoo 200ml,169.45,24,4066.8,0,0.0,4066.8,3608.09,Delivered,0,0.0,Indirect,UPI/Online
ORD100554,2024-10-07,Oct-2024,West,Goa,Panaji,D019,Panaji Traders,Distributor,OUT0134,Wholesale Shop,SP032_Divya,Personal Care,GlowSoft Soap 100g,221.2,35,7742.0,12,929.04,6812.96,7122.26,Delivered,0,0.0,Direct,Cash
ORD102271,2024-10-07,Oct-2024,Central,Chhattisgarh,Raipur,D005,Raipur Enterprises,Wholesaler,OUT0102,Convenience Store,SP027_Suresh,Dairy & Food Staples,SunRice Basmati 1kg,41.5,29,1203.5,8,96.28,1107.22,943.12,Delivered,0,0.0,Direct,Credit
ORD100886,2024-10-07,Oct-2024,Central,Madhya Pradesh,Bhopal,D029,Bhopal Distribution Co,Super Stockist,OUT0003,Convenience Store,SP034_Kavita,Beverages,FreshSip Cola 250ml,54.42,6,326.52,10,32.65,293.87,304.72,Delivered,0,0.0,Direct,Cash
ORD103906,2024-10-07,Oct-2024,North,Uttar Pradesh,Lucknow,D008,Lucknow Distribution Co,Distributor,OUT0085,Wholesale Shop,SP002_Amit,Dairy & Food Staples,SunRice Basmati 1kg,169.67,11,1866.37,2,37.33,1829.04,2250.0,Delivered,0,0.0,Direct,UPI/Online
ORD100764,2024-10-07,Oct-2024,South,Karnataka,Bengaluru,D002,Bengaluru Marketing,Distributor,OUT0124,Kirana/General Store,SP002_Amit,Dairy & Food Staples,GoldenGrain Atta 5kg,22.3,8,178.4,0,0.0,178.4,151.68,Pending,0,0.0,Indirect,UPI/Online
ORD102873,2024-10-07,Oct-2024,North,Uttar Pradesh,Lucknow,D008,Lucknow Distribution Co,Distributor,OUT0022,Supermarket,SP019_Deepak,Personal Care,ShinyLocks Shampoo 200ml,213.11,13,2770.43,5,138.52,2631.91,3111.75,Cancelled,0,0.0,Direct,Cash
ORD103810,2024-10-07,Oct-2024,East,Odisha,Bhubaneswar,D007,Bhubaneswar Distribution Co,Super Stockist,OUT0140,Supermarket,SP035_Arjun,Beverages,FreshSip Cola 500ml,162.24,39,6327.36,2,126.55,6200.81,5462.46,Delivered,0,0.0,Indirect,UPI/Online
ORD103627,2024-10-07,Oct-2024,East,West Bengal,Kolkata,D006,Kolkata Enterprises,Distributor,OUT0064,Modern Trade,SP031_Ravi,Snacks & Confectionery,ChocoNut Bar 40g,227.59,42,9558.78,0,0.0,9558.78,9283.67,Delivered,0,0.0,Indirect,UPI/Online
ORD102971,2024-10-08,Oct-2024,Central,Chhattisgarh,Raipur,D022,Raipur Agencies,Super Stockist,OUT0141,Kirana/General Store,SP031_Ravi,Beverages,OrangeZest Juice 1L,170.31,17,2895.27,12,347.43,2547.84,2862.48,Returned,5,851.55,Indirect,UPI/Online
ORD102562,2024-10-08,Oct-2024,North,Uttar Pradesh,Lucknow,D008,Lucknow Distribution Co,Distributor,OUT0033,Convenience Store,SP022_Amit,Dairy & Food Staples,PureDrop Milk 500ml,329.23,9,2963.07,8,237.05,2726.02,2574.64,Delivered,0,0.0,Direct,Credit
ORD103366,2024-10-08,Oct-2024,Central,Chhattisgarh,Raipur,D005,Raipur Enterprises,Wholesaler,OUT0036,Wholesale Shop,SP035_Arjun,Personal Care,GlowSoft Soap 100g,304.83,8,2438.64,5,121.93,2316.71,2129.09,Delivered,0,0.0,Indirect,UPI/Online
ORD102236,2024-10-08,Oct-2024,South,Tamil Nadu,Coimbatore,D023,Coimbatore Marketing,Super Stockist,OUT0018,Convenience Store,SP015_Arjun,Beverages,FreshSip Cola 500ml,228.69,8,1829.52,0,0.0,1829.52,1967.09,Delivered,0,0.0,Indirect,Cash
ORD100856,2024-10-08,Oct-2024,East,Odisha,Bhubaneswar,D028,Bhubaneswar Distribution Co,Wholesaler,OUT0014,Wholesale Shop,SP002_Amit,Beverages,OrangeZest Juice 1L,50.14,18,902.52,2,18.05,884.47,1011.18,Delivered,0,0.0,Direct,Credit
ORD102600,2024-10-08,Oct-2024,South,Tamil Nadu,Coimbatore,D020,Coimbatore Marketing,Distributor,OUT0098,Wholesale Shop,SP005_Vikram,Dairy & Food Staples,SunRice Basmati 1kg,190.03,6,1140.18,2,22.8,1117.38,1333.06,Delivered,0,0.0,Direct,UPI/Online
ORD102876,2024-10-08,Oct-2024,Central,Madhya Pradesh,Jabalpur,D025,Jabalpur Agencies,Wholesaler,OUT0165,Convenience Store,SP038_Rina,Snacks & Confectionery,CrispBite Chips 100g,320.89,20,6417.8,2,128.36,6289.44,5949.26,Delivered,0,0.0,Direct,Credit
ORD100713,2024-10-08,Oct-2024,West,Goa,Panaji,D019,Panaji Traders,Distributor,OUT0134,Wholesale Shop,SP013_Manoj,Beverages,OrangeZest Juice 1L,285.37,39,11129.43,0,0.0,11129.43,10083.21,Delivered,0,0.0,Indirect,Credit
ORD100550,2024-10-08,Oct-2024,North,Delhi,New Delhi,D001,New Delhi Traders,Super Stockist,OUT0001,Kirana/General Store,SP014_Kavita,Beverages,OrangeZest Juice 1L,215.74,21,4530.54,5,226.53,4304.01,5279.63,Delivered,0,0.0,Indirect,UPI/Online
ORD103548,2024-10-08,Oct-2024,Central,Chhattisgarh,Raipur,D009,Raipur Enterprises,Wholesaler,OUT0113,Kirana/General Store,SP040_Shreya,Beverages,FreshSip Cola 250ml,129.9,28,3637.2,8,290.98,3346.22,3855.58,Cancelled,0,0.0,Indirect,Credit
ORD100602,2024-10-08,Oct-2024,East,Odisha,Bhubaneswar,D007,Bhubaneswar Distribution Co,Super Stockist,OUT0119,Convenience Store,SP017_Sanjay,Dairy & Food Staples,PureDrop Milk 500ml,182.63,34,6209.42,0,0.0,6209.42,6635.87,Delivered,0,0.0,Direct,Cash
ORD102701,2024-10-08,Oct-2024,West,Goa,Panaji,D024,Panaji Marketing,Distributor,OUT0047,Convenience Store,SP005_Vikram,Home Care,CleanWave Detergent 1kg,117.9,30,3537.0,0,0.0,3537.0,3782.23,Delivered,0,0.0,Indirect,Cash
ORD103973,2024-10-08,Oct-2024,Central,Madhya Pradesh,Jabalpur,D025,Jabalpur Agencies,Wholesaler,OUT0010,Supermarket,SP036_Meera,Snacks & Confectionery,CrispBite Chips 50g,86.65,25,2166.25,2,43.32,2122.93,2159.98,Delivered,0,0.0,Indirect,UPI/Online
ORD101921,2024-10-08,Oct-2024,South,Telangana,Hyderabad,D012,Hyderabad Traders,Super Stockist,OUT0105,Convenience Store,SP018_Rina,Personal Care,ShinyLocks Shampoo 200ml,334.26,27,9025.02,10,902.5,8122.52,7980.84,Delivered,0,0.0,Indirect,UPI/Online
ORD100250,2024-10-08,Oct-2024,Central,Madhya Pradesh,Jabalpur,D004,Jabalpur Traders,Wholesaler,OUT0041,Modern Trade,SP019_Deepak,Home Care,ShineFloor Cleaner 1L,291.46,56,16321.76,5,816.09,15505.67,16818.12,Delivered,0,0.0,Indirect,Cash
ORD101714,2024-10-09,Oct-2024,South,Karnataka,Bengaluru,D002,Bengaluru Marketing,Distributor,OUT0075,Kirana/General Store,SP033_Manoj,Snacks & Confectionery,ChocoNut Bar 40g,70.84,11,779.24,0,0.0,779.24,677.27,Delivered,0,0.0,Direct,UPI/Online
ORD100574,2024-10-09,Oct-2024,East,Odisha,Bhubaneswar,D028,Bhubaneswar Distribution Co,Wholesaler,OUT0014,Wholesale Shop,SP015_Arjun,Beverages,OrangeZest Juice 1L,181.58,9,1634.22,2,32.68,1601.54,1451.78,Delivered,0,0.0,Direct,Credit
ORD100070,2024-10-09,Oct-2024,North,Uttar Pradesh,Lucknow,D008,Lucknow Distribution Co,Distributor,OUT0038,Modern Trade,SP005_Vikram,Home Care,SparkleShine Dishwash 500ml,44.01,30,1320.3,0,0.0,1320.3,1319.91,Returned,10,440.1,Indirect,Cash
ORD102588,2024-10-09,Oct-2024,Central,Madhya Pradesh,Jabalpur,D025,Jabalpur Agencies,Wholesaler,OUT0165,Convenience Store,SP019_Deepak,Dairy & Food Staples,SunRice Basmati 1kg,286.68,9,2580.12,12,309.61,2270.51,1962.42,Delivered,0,0.0,Direct,UPI/Online
ORD100492,2024-10-09,Oct-2024,Central,Chhattisgarh,Raipur,D011,Raipur Agencies,Super Stockist,OUT0090,Convenience Store,SP006_Anjali,Personal Care,ShinyLocks Shampoo 200ml,151.68,17,2578.56,12,309.43,2269.13,1936.31,Delivered,0,0.0,Indirect,Credit
ORD103211,2024-10-09,Oct-2024,West,Rajasthan,Jaipur,D016,Jaipur Distribution Co,Super Stockist,OUT0061,Modern Trade,SP007_Suresh,Dairy & Food Staples,SunRice Basmati 1kg,140.91,15,2113.65,2,42.27,2071.38,2569.56,Delivered,0,0.0,Direct,UPI/Online
ORD102560,2024-10-09,Oct-2024,South,Tamil Nadu,Coimbatore,D020,Coimbatore Marketing,Distributor,OUT0185,Convenience Store,SP014_Kavita,Dairy & Food Staples,PureDrop Milk 500ml,276.92,18,4984.56,0,0.0,4984.56,5030.34,Delivered,0,0.0,Direct,Cash
ORD103373,2024-10-09,Oct-2024,North,Delhi,New Delhi,D001,New Delhi Traders,Super Stockist,OUT0180,Wholesale Shop,SP027_Suresh,Personal Care,GlowSoft Soap 100g,73.92,4,295.68,0,0.0,295.68,314.95,Delivered,0,0.0,Indirect,UPI/Online
ORD102178,2024-10-09,Oct-2024,East,Odisha,Bhubaneswar,D007,Bhubaneswar Distribution Co,Super Stockist,OUT0050,Wholesale Shop,SP006_Anjali,Home Care,PureAir Freshener 250ml,101.48,35,3551.8,8,284.14,3267.66,2975.32,Delivered,0,0.0,Direct,Credit
ORD103102,2024-10-09,Oct-2024,South,Karnataka,Mysuru,D017,Mysuru Enterprises,Distributor,OUT0077,Wholesale Shop,SP025_Vikram,Snacks & Confectionery,ChocoNut Bar 40g,315.4,13,4100.2,5,205.01,3895.19,4256.75,Delivered,0,0.0,Indirect,Credit
ORD102695,2024-10-10,Oct-2024,East,Odisha,Bhubaneswar,D007,Bhubaneswar Distribution Co,Super Stockist,OUT0119,Convenience Store,SP026_Anjali,Personal Care,GlowSoft Soap 100g,307.2,27,8294.4,5,414.72,7879.68,9780.96,Returned,9,2764.8,Direct,Credit
ORD100472,2024-10-10,Oct-2024,Central,Madhya Pradesh,Jabalpur,D030,Jabalpur Distribution Co,Distributor,OUT0016,Wholesale Shop,SP031_Ravi,Home Care,ShineFloor Cleaner 1L,302.66,39,11803.74,10,1180.37,10623.37,10646.82,Delivered,0,0.0,Indirect,UPI/Online
ORD101194,2024-10-10,Oct-2024,Central,Chhattisgarh,Raipur,D026,Raipur Agencies,Distributor,OUT0151,Modern Trade,SP009_Karan,Beverages,FreshSip Cola 500ml,289.91,3,869.73,5,43.49,826.24,990.35,Delivered,0,0.0,Indirect,UPI/Online
ORD100296,2024-10-10,Oct-2024,West,Goa,Panaji,D024,Panaji Marketing,Distributor,OUT0150,Convenience Store,SP015_Arjun,Dairy & Food Staples,SunRice Basmati 1kg,236.53,13,3074.89,2,61.5,3013.39,3691.27,Returned,3,709.59,Direct,Credit
ORD102751,2024-10-10,Oct-2024,North,Delhi,New Delhi,D003,New Delhi Traders,Super Stockist,OUT0059,Supermarket,SP032_Divya,Beverages,MintCool Soda 300ml,39.69,49,1944.81,8,155.58,1789.23,1722.96,Delivered,0,0.0,Direct,Cash
ORD102893,2024-10-10,Oct-2024,Central,Madhya Pradesh,Jabalpur,D030,Jabalpur Distribution Co,Distributor,OUT0002,Convenience Store,SP030_Pooja,Dairy & Food Staples,DailyFresh Ghee 500ml,41.68,14,583.52,2,11.67,571.85,537.63,Delivered,0,0.0,Indirect,Cash
ORD102716,2024-10-10,Oct-2024,Central,Chhattisgarh,Raipur,D021,Raipur Traders,Super Stockist,OUT0126,Convenience Store,SP037_Sanjay,Dairy & Food Staples,SunRice Basmati 1kg,318.47,14,4458.58,8,356.69,4101.89,3907.43,Delivered,0,0.0,Indirect,UPI/Online
ORD103212,2024-10-10,Oct-2024,West,Goa,Panaji,D019,Panaji Traders,Distributor,OUT0089,Wholesale Shop,SP024_Sneha,Home Care,SparkleShine Dishwash 500ml,99.15,26,2577.9,5,128.9,2449.0,2305.07,Delivered,0,0.0,Direct,Credit
ORD100108,2024-10-10,Oct-2024,North,Uttar Pradesh,Lucknow,D008,Lucknow Distribution Co,Distributor,OUT0054,Kirana/General Store,SP022_Amit,Dairy & Food Staples,GoldenGrain Atta 5kg,56.97,27,1538.19,8,123.06,1415.13,1299.59,Delivered,0,0.0,Indirect,Cash
ORD101508,2024-10-10,Oct-2024,South,Telangana,Hyderabad,D012,Hyderabad Traders,Super Stockist,OUT0183,Modern Trade,SP011_Ravi,Personal Care,FreshBreath Toothpaste 150g,76.49,19,1453.31,2,29.07,1424.24,1763.54,Delivered,0,0.0,Indirect,Credit
ORD100391,2024-10-10,Oct-2024,Central,Chhattisgarh,Raipur,D026,Raipur Agencies,Distributor,OUT0154,Kirana/General Store,SP002_Amit,Dairy & Food Staples,DailyFresh Ghee 500ml,65.93,12,791.16,5,39.56,751.6,759.65,Delivered,0,0.0,Indirect,UPI/Online
ORD100038,2024-10-10,Oct-2024,Central,Chhattisgarh,Raipur,D005,Raipur Enterprises,Wholesaler,OUT0136,Kirana/General Store,SP022_Amit,Personal Care,SilkTouch Lotion 200ml,84.43,12,1013.16,5,50.66,962.5,1180.2,Delivered,0,0.0,Indirect,UPI/Online
ORD103451,2024-10-11,Oct-2024,West,Gujarat,Surat,D027,Surat Agencies,Wholesaler,OUT0133,Convenience Store,SP009_Karan,Personal Care,GlowSoft Soap 100g,95.84,13,1245.92,0,0.0,1245.92,1204.43,Returned,4,383.36,Indirect,Credit
ORD103814,2024-10-11,Oct-2024,West,Goa,Panaji,D019,Panaji Traders,Distributor,OUT0037,Modern Trade,SP033_Manoj,Home Care,SparkleShine Dishwash 500ml,78.46,22,1726.12,2,34.52,1691.6,1880.99,Delivered,0,0.0,Direct,UPI/Online
ORD101918,2024-10-11,Oct-2024,South,Tamil Nadu,Coimbatore,D023,Coimbatore Marketing,Super Stockist,OUT0191,Convenience Store,SP009_Karan,Home Care,SparkleShine Dishwash 500ml,138.05,25,3451.25,2,69.03,3382.22,3004.14,Delivered,0,0.0,Direct,UPI/Online
ORD101564,2024-10-11,Oct-2024,South,Karnataka,Mysuru,D017,Mysuru Enterprises,Distributor,OUT0101,Convenience Store,SP028_Neha,Snacks & Confectionery,SweetPuff Biscuit 100g,24.94,23,573.62,10,57.36,516.26,524.47,Delivered,0,0.0,Indirect,UPI/Online
ORD102210,2024-10-11,Oct-2024,East,Bihar,Patna,D014,Patna Distribution Co,Wholesaler,OUT0088,Wholesale Shop,SP021_Rahul,Dairy & Food Staples,DailyFresh Ghee 500ml,31.96,41,1310.36,0,0.0,1310.36,1186.77,Pending,0,0.0,Indirect,Cash
ORD102131,2024-10-11,Oct-2024,North,Punjab,Amritsar,D018,Amritsar Traders,Wholesaler,OUT0128,Modern Trade,SP031_Ravi,Snacks & Confectionery,CrispBite Chips 100g,80.76,13,1049.88,10,104.99,944.89,1155.97,Delivered,0,0.0,Indirect,Cash
ORD103210,2024-10-11,Oct-2024,North,Uttar Pradesh,Lucknow,D008,Lucknow Distribution Co,Distributor,OUT0049,Supermarket,SP035_Arjun,Beverages,OrangeZest Juice 1L,217.36,15,3260.4,0,0.0,3260.4,3857.89,Delivered,0,0.0,Indirect,UPI/Online
ORD101197,2024-10-11,Oct-2024,Central,Chhattisgarh,Raipur,D005,Raipur Enterprises,Wholesaler,OUT0116,Convenience Store,SP019_Deepak,Beverages,FreshSip Cola 250ml,151.11,54,8159.94,5,408.0,7751.94,6832.06,Pending,0,0.0,Indirect,UPI/Online
ORD103913,2024-10-11,Oct-2024,Central,Chhattisgarh,Raipur,D005,Raipur Enterprises,Wholesaler,OUT0036,Wholesale Shop,SP009_Karan,Home Care,PureAir Freshener 250ml,226.1,18,4069.8,0,0.0,4069.8,4376.83,Delivered,0,0.0,Indirect,Cash
ORD102750,2024-10-11,Oct-2024,Central,Madhya Pradesh,Jabalpur,D030,Jabalpur Distribution Co,Distributor,OUT0016,Wholesale Shop,SP027_Suresh,Beverages,FreshSip Cola 250ml,218.52,17,3714.84,0,0.0,3714.84,4390.09,Delivered,0,0.0,Direct,Cash
ORD102614,2024-10-11,Oct-2024,North,Delhi,New Delhi,D001,New Delhi Traders,Super Stockist,OUT0024,Wholesale Shop,SP037_Sanjay,Home Care,ShineFloor Cleaner 1L,150.3,14,2104.2,0,0.0,2104.2,2484.38,Returned,4,601.2,Indirect,Cash
ORD102849,2024-10-11,Oct-2024,Central,Madhya Pradesh,Bhopal,D029,Bhopal Distribution Co,Super Stockist,OUT0138,Kirana/General Store,SP001_Rahul,Home Care,SparkleShine Dishwash 500ml,142.18,15,2132.7,0,0.0,2132.7,2291.16,Returned,1,142.18,Indirect,Credit
ORD103101,2024-10-11,Oct-2024,North,Uttar Pradesh,Lucknow,D010,Lucknow Marketing,Distributor,OUT0111,Kirana/General Store,SP024_Sneha,Beverages,FreshSip Cola 500ml,245.19,54,13240.26,0,0.0,13240.26,14778.96,Delivered,0,0.0,Indirect,Credit
ORD103045,2024-10-12,Oct-2024,West,Goa,Panaji,D024,Panaji Marketing,Distributor,OUT0174,Convenience Store,SP028_Neha,Dairy & Food Staples,GoldenGrain Atta 5kg,56.38,12,676.56,0,0.0,676.56,748.91,Delivered,0,0.0,Indirect,Credit
ORD103023,2024-10-12,Oct-2024,South,Karnataka,Bengaluru,D002,Bengaluru Marketing,Distributor,OUT0072,Wholesale Shop,SP018_Rina,Personal Care,ShinyLocks Shampoo 200ml,270.82,53,14353.46,0,0.0,14353.46,16537.15,Delivered,0,0.0,Direct,UPI/Online
ORD102677,2024-10-12,Oct-2024,North,Uttar Pradesh,Lucknow,D010,Lucknow Marketing,Distributor,OUT0199,Convenience Store,SP038_Rina,Home Care,ShineFloor Cleaner 1L,215.52,19,4094.88,10,409.49,3685.39,4348.22,Pending,0,0.0,Direct,Credit
ORD101029,2024-10-12,Oct-2024,Central,Madhya Pradesh,Jabalpur,D004,Jabalpur Traders,Wholesaler,OUT0169,Convenience Store,SP025_Vikram,Personal Care,ShinyLocks Shampoo 200ml,106.55,25,2663.75,0,0.0,2663.75,3081.27,Returned,8,852.4,Indirect,Credit
ORD101013,2024-10-12,Oct-2024,South,Tamil Nadu,Coimbatore,D020,Coimbatore Marketing,Distributor,OUT0185,Convenience Store,SP019_Deepak,Beverages,FreshSip Cola 250ml,138.61,37,5128.57,0,0.0,5128.57,5197.7,Returned,6,831.66,Indirect,Credit
ORD102100,2024-10-12,Oct-2024,Central,Madhya Pradesh,Jabalpur,D030,Jabalpur Distribution Co,Distributor,OUT0016,Wholesale Shop,SP001_Rahul,Personal Care,GlowSoft Soap 100g,203.32,22,4473.04,5,223.65,4249.39,3864.06,Pending,0,0.0,Direct,UPI/Online
ORD100097,2024-10-12,Oct-2024,Central,Chhattisgarh,Raipur,D022,Raipur Agencies,Super Stockist,OUT0094,Convenience Store,SP008_Neha,Beverages,MintCool Soda 300ml,283.81,19,5392.39,0,0.0,5392.39,6569.81,Pending,0,0.0,Direct,UPI/Online
ORD103847,2024-10-12,Oct-2024,North,Uttar Pradesh,Lucknow,D008,Lucknow Distribution Co,Distributor,OUT0049,Supermarket,SP039_Deepak,Home Care,ShineFloor Cleaner 1L,334.03,15,5010.45,2,100.21,4910.24,4933.09,Delivered,0,0.0,Indirect,Cash
ORD100719,2024-10-12,Oct-2024,South,Telangana,Hyderabad,D012,Hyderabad Traders,Super Stockist,OUT0166,Wholesale Shop,SP025_Vikram,Personal Care,SilkTouch Lotion 200ml,282.76,15,4241.4,5,212.07,4029.33,3639.58,Delivered,0,0.0,Indirect,Cash
ORD100283,2024-10-12,Oct-2024,Central,Chhattisgarh,Raipur,D026,Raipur Agencies,Distributor,OUT0152,Supermarket,SP023_Priya,Snacks & Confectionery,SweetPuff Biscuit 100g,279.68,41,11466.88,0,0.0,11466.88,9923.1,Pending,0,0.0,Indirect,Cash
ORD102386,2024-10-12,Oct-2024,Central,Chhattisgarh,Raipur,D022,Raipur Agencies,Super Stockist,OUT0141,Kirana/General Store,SP038_Rina,Personal Care,FreshBreath Toothpaste 150g,174.62,22,3841.64,0,0.0,3841.64,3683.96,Delivered,0,0.0,Indirect,UPI/Online
ORD103833,2024-10-13,Oct-2024,North,Uttar Pradesh,Lucknow,D010,Lucknow Marketing,Distributor,OUT0199,Convenience Store,SP022_Amit,Snacks & Confectionery,CrispBite Chips 50g,255.21,25,6380.25,0,0.0,6380.25,7366.15,Delivered,0,0.0,Direct,Cash
ORD100997,2024-10-13,Oct-2024,West,Gujarat,Surat,D027,Surat Agencies,Wholesaler,OUT0158,Modern Trade,SP008_Neha,Dairy & Food Staples,PureDrop Milk 500ml,345.36,31,10706.16,2,214.12,10492.04,12742.97,Delivered,0,0.0,Indirect,Cash
ORD101167,2024-10-13,Oct-2024,West,Gujarat,Surat,D027,Surat Agencies,Wholesaler,OUT0133,Convenience Store,SP028_Neha,Home Care,PureAir Freshener 250ml,312.96,19,5946.24,10,594.62,5351.62,5185.87,Pending,0,0.0,Indirect,UPI/Online
ORD103834,2024-10-13,Oct-2024,North,Punjab,Ludhiana,D015,Ludhiana Traders,Distributor,OUT0095,Convenience Store,SP006_Anjali,Personal Care,ShinyLocks Shampoo 200ml,129.61,12,1555.32,0,0.0,1555.32,1531.61,Returned,2,259.22,Direct,Credit
ORD103221,2024-10-13,Oct-2024,Central,Madhya Pradesh,Bhopal,D029,Bhopal Distribution Co,Super Stockist,OUT0103,Kirana/General Store,SP025_Vikram,Personal Care,ShinyLocks Shampoo 200ml,110.31,6,661.86,0,0.0,661.86,569.81,Pending,0,0.0,Direct,Cash
ORD103300,2024-10-13,Oct-2024,East,Odisha,Bhubaneswar,D028,Bhubaneswar Distribution Co,Wholesaler,OUT0031,Convenience Store,SP003_Priya,Beverages,MintCool Soda 300ml,269.02,17,4573.34,0,0.0,4573.34,5315.71,Delivered,0,0.0,Indirect,Credit
ORD102663,2024-10-13,Oct-2024,Central,Chhattisgarh,Raipur,D022,Raipur Agencies,Super Stockist,OUT0182,Supermarket,SP032_Divya,Home Care,PureAir Freshener 250ml,83.77,60,5026.2,2,100.52,4925.68,5209.92,Cancelled,0,0.0,Direct,UPI/Online
ORD100721,2024-10-13,Oct-2024,West,Goa,Panaji,D019,Panaji Traders,Distributor,OUT0076,Modern Trade,SP035_Arjun,Dairy & Food Staples,SunRice Basmati 1kg,114.26,8,914.08,0,0.0,914.08,1121.2,Delivered,0,0.0,Direct,Cash
ORD103113,2024-10-13,Oct-2024,North,Uttar Pradesh,Lucknow,D008,Lucknow Distribution Co,Distributor,OUT0157,Supermarket,SP029_Karan,Personal Care,SilkTouch Lotion 200ml,74.19,19,1409.61,12,169.15,1240.46,1414.74,Delivered,0,0.0,Direct,Cash
ORD101693,2024-10-13,Oct-2024,Central,Chhattisgarh,Raipur,D005,Raipur Enterprises,Wholesaler,OUT0036,Wholesale Shop,SP005_Vikram,Beverages,MintCool Soda 300ml,268.12,10,2681.2,0,0.0,2681.2,2827.37,Delivered,0,0.0,Indirect,Credit
ORD101834,2024-10-13,Oct-2024,South,Karnataka,Mysuru,D017,Mysuru Enterprises,Distributor,OUT0101,Convenience Store,SP020_Shreya,Home Care,ShineFloor Cleaner 1L,130.62,5,653.1,5,32.66,620.44,622.07,Pending,0,0.0,Indirect,Credit
ORD101664,2024-10-14,Oct-2024,Central,Chhattisgarh,Raipur,D011,Raipur Agencies,Super Stockist,OUT0190,Modern Trade,SP010_Pooja,Home Care,SparkleShine Dishwash 500ml,54.18,19,1029.42,5,51.47,977.95,1186.41,Delivered,0,0.0,Direct,UPI/Online
ORD102060,2024-10-14,Oct-2024,East,Odisha,Bhubaneswar,D028,Bhubaneswar Distribution Co,Wholesaler,OUT0156,Modern Trade,SP025_Vikram,Dairy & Food Staples,SunRice Basmati 1kg,76.06,11,836.66,0,0.0,836.66,799.96,Delivered,0,0.0,Indirect,UPI/Online
ORD100770,2024-10-14,Oct-2024,South,Telangana,Hyderabad,D012,Hyderabad Traders,Super Stockist,OUT0183,Modern Trade,SP020_Shreya,Beverages,FreshSip Cola 250ml,45.69,19,868.11,0,0.0,868.11,1005.08,Delivered,0,0.0,Direct,UPI/Online
ORD100678,2024-10-14,Oct-2024,East,Odisha,Bhubaneswar,D028,Bhubaneswar Distribution Co,Wholesaler,OUT0146,Supermarket,SP004_Sneha,Beverages,MintCool Soda 300ml,26.91,17,457.47,5,22.87,434.6,486.87,Delivered,0,0.0,Direct,Cash
ORD100499,2024-10-14,Oct-2024,South,Telangana,Hyderabad,D012,Hyderabad Traders,Super Stockist,OUT0166,Wholesale Shop,SP031_Ravi,Dairy & Food Staples,DailyFresh Ghee 500ml,42.59,25,1064.75,10,106.48,958.27,1020.88,Delivered,0,0.0,Direct,Cash
ORD101827,2024-10-14,Oct-2024,Central,Madhya Pradesh,Bhopal,D029,Bhopal Distribution Co,Super Stockist,OUT0139,Convenience Store,SP014_Kavita,Snacks & Confectionery,CrispBite Chips 50g,64.02,11,704.22,0,0.0,704.22,879.87,Delivered,0,0.0,Indirect,Cash
ORD103675,2024-10-14,Oct-2024,Central,Chhattisgarh,Raipur,D009,Raipur Enterprises,Wholesaler,OUT0013,Wholesale Shop,SP012_Divya,Personal Care,ShinyLocks Shampoo 200ml,187.43,4,749.72,10,74.97,674.75,789.64,Delivered,0,0.0,Indirect,Cash
ORD102675,2024-10-14,Oct-2024,Central,Madhya Pradesh,Jabalpur,D030,Jabalpur Distribution Co,Distributor,OUT0016,Wholesale Shop,SP018_Rina,Dairy & Food Staples,GoldenGrain Atta 5kg,188.63,24,4527.12,0,0.0,4527.12,4919.0,Delivered,0,0.0,Indirect,Cash
ORD100247,2024-10-14,Oct-2024,South,Karnataka,Bengaluru,D002,Bengaluru Marketing,Distributor,OUT0179,Modern Trade,SP016_Meera,Personal Care,ShinyLocks Shampoo 200ml,201.57,12,2418.84,5,120.94,2297.9,2506.19,Returned,1,201.57,Indirect,UPI/Online
ORD101329,2024-10-14,Oct-2024,East,Odisha,Bhubaneswar,D028,Bhubaneswar Distribution Co,Wholesaler,OUT0156,Modern Trade,SP031_Ravi,Home Care,CleanWave Detergent 1kg,318.02,32,10176.64,2,203.53,9973.11,10948.26,Delivered,0,0.0,Direct,UPI/Online
ORD100951,2024-10-14,Oct-2024,Central,Chhattisgarh,Raipur,D022,Raipur Agencies,Super Stockist,OUT0182,Supermarket,SP035_Arjun,Snacks & Confectionery,CrispBite Chips 100g,89.99,13,1169.87,0,0.0,1169.87,1104.04,Delivered,0,0.0,Indirect,Cash
ORD101460,2024-10-14,Oct-2024,East,Odisha,Bhubaneswar,D007,Bhubaneswar Distribution Co,Super Stockist,OUT0200,Modern Trade,SP012_Divya,Home Care,ShineFloor Cleaner 1L,262.19,6,1573.14,2,31.46,1541.68,1645.57,Delivered,0,0.0,Indirect,Cash
ORD102212,2024-10-15,Oct-2024,Central,Chhattisgarh,Raipur,D009,Raipur Enterprises,Wholesaler,OUT0121,Kirana/General Store,SP025_Vikram,Beverages,OrangeZest Juice 1L,167.46,38,6363.48,0,0.0,6363.48,5773.45,Delivered,0,0.0,Indirect,Cash
ORD103785,2024-10-15,Oct-2024,South,Tamil Nadu,Coimbatore,D023,Coimbatore Marketing,Super Stockist,OUT0191,Convenience Store,SP030_Pooja,Home Care,ShineFloor Cleaner 1L,294.45,36,10600.2,2,212.0,10388.2,9489.99,Returned,8,2355.6,Direct,Credit
ORD100266,2024-10-15,Oct-2024,North,Uttar Pradesh,Lucknow,D008,Lucknow Distribution Co,Distributor,OUT0029,Kirana/General Store,SP011_Ravi,Beverages,FreshSip Cola 500ml,289.76,22,6374.72,10,637.47,5737.25,6726.18,Pending,0,0.0,Indirect,Cash
ORD100314,2024-10-15,Oct-2024,East,Odisha,Bhubaneswar,D007,Bhubaneswar Distribution Co,Super Stockist,OUT0062,Modern Trade,SP022_Amit,Dairy & Food Staples,SunRice Basmati 1kg,190.97,10,1909.7,10,190.97,1718.73,1756.31,Delivered,0,0.0,Indirect,UPI/Online
ORD100312,2024-10-15,Oct-2024,Central,Madhya Pradesh,Jabalpur,D004,Jabalpur Traders,Wholesaler,OUT0169,Convenience Store,SP002_Amit,Beverages,FreshSip Cola 500ml,155.27,30,4658.1,2,93.16,4564.94,4953.45,Delivered,0,0.0,Indirect,Credit
ORD102532,2024-10-15,Oct-2024,North,Delhi,New Delhi,D003,New Delhi Traders,Super Stockist,OUT0032,Wholesale Shop,SP033_Manoj,Snacks & Confectionery,SweetPuff Biscuit 100g,32.91,33,1086.03,2,21.72,1064.31,1062.57,Delivered,0,0.0,Direct,Credit
ORD101214,2024-10-16,Oct-2024,Central,Chhattisgarh,Raipur,D022,Raipur Agencies,Super Stockist,OUT0045,Kirana/General Store,SP017_Sanjay,Beverages,FreshSip Cola 500ml,349.15,37,12918.55,5,645.93,12272.62,12003.51,Cancelled,0,0.0,Indirect,Cash
ORD101853,2024-10-16,Oct-2024,East,Odisha,Bhubaneswar,D007,Bhubaneswar Distribution Co,Super Stockist,OUT0119,Convenience Store,SP006_Anjali,Beverages,FreshSip Cola 250ml,270.98,4,1083.92,10,108.39,975.53,1108.47,Cancelled,0,0.0,Indirect,Cash
ORD102703,2024-10-16,Oct-2024,Central,Chhattisgarh,Raipur,D011,Raipur Agencies,Super Stockist,OUT0168,Kirana/General Store,SP021_Rahul,Dairy & Food Staples,GoldenGrain Atta 5kg,252.15,26,6555.9,10,655.59,5900.31,7124.95,Delivered,0,0.0,Indirect,Cash
ORD101240,2024-10-16,Oct-2024,South,Tamil Nadu,Coimbatore,D020,Coimbatore Marketing,Distributor,OUT0086,Kirana/General Store,SP007_Suresh,Dairy & Food Staples,DailyFresh Ghee 500ml,222.57,19,4228.83,5,211.44,4017.39,3868.81,Delivered,0,0.0,Indirect,Cash
ORD101162,2024-10-16,Oct-2024,South,Telangana,Hyderabad,D012,Hyderabad Traders,Super Stockist,OUT0183,Modern Trade,SP037_Sanjay,Dairy & Food Staples,GoldenGrain Atta 5kg,125.84,23,2894.32,2,57.89,2836.43,2752.99,Pending,0,0.0,Direct,Credit
ORD100972,2024-10-16,Oct-2024,West,Goa,Panaji,D024,Panaji Marketing,Distributor,OUT0187,Convenience Store,SP031_Ravi,Home Care,PureAir Freshener 250ml,121.34,21,2548.14,5,127.41,2420.73,2490.74,Delivered,0,0.0,Indirect,UPI/Online
ORD102317,2024-10-16,Oct-2024,North,Uttar Pradesh,Lucknow,D008,Lucknow Distribution Co,Distributor,OUT0049,Supermarket,SP027_Suresh,Personal Care,FreshBreath Toothpaste 150g,137.13,27,3702.51,5,185.13,3517.38,4142.26,Returned,4,548.52,Indirect,UPI/Online
ORD102014,2024-10-16,Oct-2024,Central,Madhya Pradesh,Bhopal,D029,Bhopal Distribution Co,Super Stockist,OUT0003,Convenience Store,SP003_Priya,Snacks & Confectionery,CrispBite Chips 100g,97.08,33,3203.64,0,0.0,3203.64,3740.27,Delivered,0,0.0,Direct,Credit
ORD100307,2024-10-16,Oct-2024,Central,Madhya Pradesh,Bhopal,D029,Bhopal Distribution Co,Super Stockist,OUT0063,Kirana/General Store,SP003_Priya,Snacks & Confectionery,ChocoNut Bar 40g,211.39,57,12049.23,5,602.46,11446.77,10965.18,Delivered,0,0.0,Indirect,Cash
ORD102489,2024-10-16,Oct-2024,Central,Madhya Pradesh,Jabalpur,D030,Jabalpur Distribution Co,Distributor,OUT0145,Supermarket,SP013_Manoj,Personal Care,GlowSoft Soap 100g,289.81,12,3477.72,0,0.0,3477.72,3033.12,Delivered,0,0.0,Direct,UPI/Online
ORD100310,2024-10-16,Oct-2024,North,Punjab,Amritsar,D018,Amritsar Traders,Wholesaler,OUT0025,Supermarket,SP037_Sanjay,Dairy & Food Staples,PureDrop Milk 500ml,163.23,32,5223.36,0,0.0,5223.36,5976.91,Delivered,0,0.0,Direct,UPI/Online
ORD103934,2024-10-16,Oct-2024,Central,Madhya Pradesh,Jabalpur,D004,Jabalpur Traders,Wholesaler,OUT0172,Wholesale Shop,SP007_Suresh,Beverages,MintCool Soda 300ml,261.65,59,15437.35,5,771.87,14665.48,16371.5,Delivered,0,0.0,Indirect,UPI/Online
ORD101994,2024-10-16,Oct-2024,North,Delhi,New Delhi,D001,New Delhi Traders,Super Stockist,OUT0024,Wholesale Shop,SP006_Anjali,Dairy & Food Staples,PureDrop Milk 500ml,211.46,16,3383.36,5,169.17,3214.19,2846.81,Delivered,0,0.0,Indirect,UPI/Online
ORD102208,2024-10-16,Oct-2024,North,Delhi,New Delhi,D003,New Delhi Traders,Super Stockist,OUT0122,Modern Trade,SP014_Kavita,Beverages,FreshSip Cola 250ml,249.86,33,8245.38,0,0.0,8245.38,7413.84,Returned,8,1998.88,Direct,Cash
ORD102886,2024-10-17,Oct-2024,Central,Madhya Pradesh,Jabalpur,D030,Jabalpur Distribution Co,Distributor,OUT0145,Supermarket,SP030_Pooja,Dairy & Food Staples,SunRice Basmati 1kg,143.29,33,4728.57,0,0.0,4728.57,5267.85,Delivered,0,0.0,Direct,UPI/Online
ORD100479,2024-10-17,Oct-2024,Central,Chhattisgarh,Raipur,D026,Raipur Agencies,Distributor,OUT0151,Modern Trade,SP007_Suresh,Dairy & Food Staples,PureDrop Milk 500ml,37.11,58,2152.38,0,0.0,2152.38,2133.4,Delivered,0,0.0,Indirect,UPI/Online
ORD101655,2024-10-17,Oct-2024,North,Uttar Pradesh,Lucknow,D008,Lucknow Distribution Co,Distributor,OUT0161,Kirana/General Store,SP007_Suresh,Home Care,SparkleShine Dishwash 500ml,318.48,17,5414.16,2,108.28,5305.88,5557.38,Returned,4,1273.92,Indirect,Credit
ORD102639,2024-10-17,Oct-2024,Central,Chhattisgarh,Raipur,D005,Raipur Enterprises,Wholesaler,OUT0102,Convenience Store,SP018_Rina,Home Care,CleanWave Detergent 1kg,275.46,13,3580.98,5,179.05,3401.93,4202.6,Delivered,0,0.0,Indirect,UPI/Online
ORD102245,2024-10-17,Oct-2024,North,Delhi,New Delhi,D001,New Delhi Traders,Super Stockist,OUT0065,Modern Trade,SP012_Divya,Snacks & Confectionery,CrispBite Chips 50g,29.5,7,206.5,5,10.32,196.18,191.49,Delivered,0,0.0,Direct,Cash
ORD102484,2024-10-17,Oct-2024,South,Tamil Nadu,Coimbatore,D023,Coimbatore Marketing,Super Stockist,OUT0028,Kirana/General Store,SP036_Meera,Snacks & Confectionery,ChocoNut Bar 40g,342.61,12,4111.32,5,205.57,3905.75,4623.55,Delivered,0,0.0,Direct,Cash
ORD101810,2024-10-17,Oct-2024,Central,Chhattisgarh,Raipur,D022,Raipur Agencies,Super Stockist,OUT0195,Supermarket,SP027_Suresh,Snacks & Confectionery,CrispBite Chips 50g,260.57,29,7556.53,12,906.78,6649.75,8103.99,Delivered,0,0.0,Indirect,Credit
ORD103020,2024-10-17,Oct-2024,East,West Bengal,Kolkata,D006,Kolkata Enterprises,Distributor,OUT0106,Modern Trade,SP002_Amit,Snacks & Confectionery,SweetPuff Biscuit 100g,66.29,23,1524.67,0,0.0,1524.67,1305.18,Delivered,0,0.0,Direct,UPI/Online
ORD101709,2024-10-17,Oct-2024,North,Punjab,Amritsar,D018,Amritsar Traders,Wholesaler,OUT0012,Supermarket,SP004_Sneha,Beverages,FreshSip Cola 500ml,150.23,10,1502.3,2,30.05,1472.25,1624.78,Delivered,0,0.0,Indirect,Cash
ORD102142,2024-10-17,Oct-2024,East,Odisha,Bhubaneswar,D028,Bhubaneswar Distribution Co,Wholesaler,OUT0031,Convenience Store,SP002_Amit,Snacks & Confectionery,CrispBite Chips 50g,50.93,55,2801.15,12,336.14,2465.01,2768.48,Delivered,0,0.0,Indirect,Cash
ORD101413,2024-10-17,Oct-2024,Central,Chhattisgarh,Raipur,D022,Raipur Agencies,Super Stockist,OUT0189,Modern Trade,SP024_Sneha,Personal Care,GlowSoft Soap 100g,236.88,30,7106.4,0,0.0,7106.4,7377.29,Cancelled,0,0.0,Indirect,UPI/Online
ORD102916,2024-10-17,Oct-2024,West,Goa,Panaji,D019,Panaji Traders,Distributor,OUT0134,Wholesale Shop,SP014_Kavita,Home Care,ShineFloor Cleaner 1L,244.03,13,3172.39,2,63.45,3108.94,3179.88,Delivered,0,0.0,Indirect,UPI/Online
ORD100445,2024-10-17,Oct-2024,Central,Madhya Pradesh,Jabalpur,D030,Jabalpur Distribution Co,Distributor,OUT0145,Supermarket,SP035_Arjun,Snacks & Confectionery,CrispBite Chips 100g,225.37,26,5859.62,0,0.0,5859.62,7108.65,Delivered,0,0.0,Indirect,Credit
ORD101694,2024-10-18,Oct-2024,North,Punjab,Ludhiana,D015,Ludhiana Traders,Distributor,OUT0021,Kirana/General Store,SP015_Arjun,Snacks & Confectionery,ChocoNut Bar 40g,326.6,16,5225.6,5,261.28,4964.32,6130.52,Cancelled,0,0.0,Direct,Credit
ORD100854,2024-10-18,Oct-2024,West,Goa,Panaji,D024,Panaji Marketing,Distributor,OUT0174,Convenience Store,SP001_Rahul,Personal Care,SilkTouch Lotion 200ml,105.4,15,1581.0,12,189.72,1391.28,1368.95,Returned,3,316.2,Indirect,UPI/Online
ORD102951,2024-10-18,Oct-2024,South,Karnataka,Bengaluru,D002,Bengaluru Marketing,Distributor,OUT0074,Convenience Store,SP001_Rahul,Personal Care,FreshBreath Toothpaste 150g,172.92,40,6916.8,10,691.68,6225.12,6552.23,Pending,0,0.0,Indirect,Cash
ORD101310,2024-10-18,Oct-2024,East,Odisha,Bhubaneswar,D028,Bhubaneswar Distribution Co,Wholesaler,OUT0044,Kirana/General Store,SP025_Vikram,Personal Care,GlowSoft Soap 100g,120.79,18,2174.22,0,0.0,2174.22,2178.1,Delivered,0,0.0,Indirect,UPI/Online
ORD100227,2024-10-18,Oct-2024,South,Tamil Nadu,Coimbatore,D020,Coimbatore Marketing,Distributor,OUT0144,Supermarket,SP025_Vikram,Snacks & Confectionery,ChocoNut Bar 40g,68.95,11,758.45,12,91.01,667.44,821.43,Delivered,0,0.0,Indirect,Cash
ORD101530,2024-10-18,Oct-2024,Central,Chhattisgarh,Raipur,D011,Raipur Agencies,Super Stockist,OUT0125,Supermarket,SP027_Suresh,Beverages,OrangeZest Juice 1L,110.51,10,1105.1,10,110.51,994.59,917.27,Delivered,0,0.0,Indirect,Credit
ORD102089,2024-10-18,Oct-2024,North,Delhi,New Delhi,D001,New Delhi Traders,Super Stockist,OUT0065,Modern Trade,SP026_Anjali,Beverages,MintCool Soda 300ml,86.82,23,1996.86,0,0.0,1996.86,2026.38,Delivered,0,0.0,Indirect,Cash
ORD102227,2024-10-18,Oct-2024,Central,Chhattisgarh,Raipur,D005,Raipur Enterprises,Wholesaler,OUT0011,Modern Trade,SP009_Karan,Dairy & Food Staples,PureDrop Milk 500ml,331.61,26,8621.86,2,172.44,8449.42,9160.91,Delivered,0,0.0,Indirect,UPI/Online
ORD102890,2024-10-18,Oct-2024,North,Uttar Pradesh,Lucknow,D010,Lucknow Marketing,Distributor,OUT0117,Wholesale Shop,SP009_Karan,Home Care,CleanWave Detergent 1kg,116.63,39,4548.57,10,454.86,4093.71,3614.49,Delivered,0,0.0,Indirect,Cash
ORD100395,2024-10-18,Oct-2024,South,Tamil Nadu,Coimbatore,D023,Coimbatore Marketing,Super Stockist,OUT0108,Convenience Store,SP002_Amit,Personal Care,ShinyLocks Shampoo 200ml,282.09,54,15232.86,10,1523.29,13709.57,12469.11,Returned,16,4513.44,Indirect,Cash
ORD101751,2024-10-18,Oct-2024,North,Uttar Pradesh,Lucknow,D008,Lucknow Distribution Co,Distributor,OUT0033,Convenience Store,SP038_Rina,Dairy & Food Staples,GoldenGrain Atta 5kg,90.57,31,2807.67,0,0.0,2807.67,3148.4,Pending,0,0.0,Indirect,Credit
ORD102591,2024-10-18,Oct-2024,South,Telangana,Hyderabad,D012,Hyderabad Traders,Super Stockist,OUT0159,Convenience Store,SP012_Divya,Snacks & Confectionery,CrispBite Chips 100g,228.23,13,2966.99,0,0.0,2966.99,3223.41,Delivered,0,0.0,Indirect,Cash
ORD101215,2024-10-18,Oct-2024,North,Delhi,New Delhi,D003,New Delhi Traders,Super Stockist,OUT0059,Supermarket,SP002_Amit,Dairy & Food Staples,DailyFresh Ghee 500ml,241.18,10,2411.8,5,120.59,2291.21,2141.1,Delivered,0,0.0,Direct,UPI/Online
ORD100055,2024-10-18,Oct-2024,South,Karnataka,Bengaluru,D002,Bengaluru Marketing,Distributor,OUT0074,Convenience Store,SP026_Anjali,Home Care,CleanWave Detergent 1kg,223.23,12,2678.76,0,0.0,2678.76,2947.56,Delivered,0,0.0,Indirect,Credit
ORD100049,2024-10-18,Oct-2024,South,Telangana,Hyderabad,D012,Hyderabad Traders,Super Stockist,OUT0159,Convenience Store,SP014_Kavita,Beverages,FreshSip Cola 250ml,126.58,56,7088.48,0,0.0,7088.48,6247.66,Delivered,0,0.0,Indirect,Cash
ORD103058,2024-10-18,Oct-2024,West,Rajasthan,Jodhpur,D013,Jodhpur Distribution Co,Super Stockist,OUT0019,Convenience Store,SP018_Rina,Snacks & Confectionery,CrispBite Chips 50g,179.02,45,8055.9,0,0.0,8055.9,9840.2,Cancelled,0,0.0,Direct,Credit
ORD101031,2024-10-19,Oct-2024,Central,Chhattisgarh,Raipur,D009,Raipur Enterprises,Wholesaler,OUT0121,Kirana/General Store,SP017_Sanjay,Home Care,SparkleShine Dishwash 500ml,205.51,32,6576.32,0,0.0,6576.32,6982.83,Delivered,0,0.0,Indirect,Credit
ORD101920,2024-10-19,Oct-2024,South,Karnataka,Bengaluru,D002,Bengaluru Marketing,Distributor,OUT0075,Kirana/General Store,SP026_Anjali,Snacks & Confectionery,CrispBite Chips 100g,188.26,13,2447.38,2,48.95,2398.43,2580.18,Delivered,0,0.0,Indirect,UPI/Online
ORD103566,2024-10-19,Oct-2024,Central,Madhya Pradesh,Jabalpur,D025,Jabalpur Agencies,Wholesaler,OUT0009,Wholesale Shop,SP011_Ravi,Beverages,FreshSip Cola 500ml,219.0,25,5475.0,0,0.0,5475.0,5596.91,Delivered,0,0.0,Indirect,UPI/Online
ORD100465,2024-10-19,Oct-2024,Central,Chhattisgarh,Raipur,D022,Raipur Agencies,Super Stockist,OUT0141,Kirana/General Store,SP028_Neha,Home Care,SparkleShine Dishwash 500ml,255.17,34,8675.78,0,0.0,8675.78,10504.43,Delivered,0,0.0,Direct,Cash
ORD101180,2024-10-19,Oct-2024,Central,Chhattisgarh,Raipur,D022,Raipur Agencies,Super Stockist,OUT0162,Supermarket,SP013_Manoj,Personal Care,GlowSoft Soap 100g,246.85,14,3455.9,0,0.0,3455.9,3835.86,Delivered,0,0.0,Indirect,Cash
ORD101077,2024-10-19,Oct-2024,West,Gujarat,Surat,D027,Surat Agencies,Wholesaler,OUT0058,Kirana/General Store,SP013_Manoj,Beverages,FreshSip Cola 250ml,286.4,8,2291.2,0,0.0,2291.2,2263.34,Returned,1,286.4,Indirect,Credit
ORD101099,2024-10-19,Oct-2024,West,Goa,Panaji,D024,Panaji Marketing,Distributor,OUT0047,Convenience Store,SP007_Suresh,Home Care,CleanWave Detergent 1kg,132.27,9,1190.43,2,23.81,1166.62,1080.81,Delivered,0,0.0,Direct,Credit
ORD102774,2024-10-19,Oct-2024,Central,Chhattisgarh,Raipur,D022,Raipur Agencies,Super Stockist,OUT0069,Modern Trade,SP028_Neha,Snacks & Confectionery,CrispBite Chips 100g,66.08,5,330.4,12,39.65,290.75,310.03,Delivered,0,0.0,Indirect,Credit
ORD100481,2024-10-19,Oct-2024,East,Odisha,Bhubaneswar,D028,Bhubaneswar Distribution Co,Wholesaler,OUT0156,Modern Trade,SP010_Pooja,Home Care,CleanWave Detergent 1kg,162.81,12,1953.72,0,0.0,1953.72,1952.88,Delivered,0,0.0,Direct,Credit
ORD103789,2024-10-19,Oct-2024,South,Tamil Nadu,Coimbatore,D023,Coimbatore Marketing,Super Stockist,OUT0108,Convenience Store,SP011_Ravi,Snacks & Confectionery,CrispBite Chips 100g,281.54,53,14921.62,0,0.0,14921.62,16762.94,Delivered,0,0.0,Indirect,Cash
ORD103201,2024-10-19,Oct-2024,West,Goa,Panaji,D024,Panaji Marketing,Distributor,OUT0073,Wholesale Shop,SP013_Manoj,Home Care,PureAir Freshener 250ml,228.9,7,1602.3,0,0.0,1602.3,1755.22,Delivered,0,0.0,Direct,UPI/Online
ORD100473,2024-10-20,Oct-2024,West,Rajasthan,Jaipur,D016,Jaipur Distribution Co,Super Stockist,OUT0061,Modern Trade,SP003_Priya,Home Care,PureAir Freshener 250ml,73.8,37,2730.6,5,136.53,2594.07,2231.1,Delivered,0,0.0,Direct,UPI/Online
ORD100940,2024-10-20,Oct-2024,Central,Madhya Pradesh,Jabalpur,D030,Jabalpur Distribution Co,Distributor,OUT0002,Convenience Store,SP033_Manoj,Home Care,CleanWave Detergent 1kg,96.9,22,2131.8,5,106.59,2025.21,1913.19,Delivered,0,0.0,Direct,Credit
ORD100407,2024-10-20,Oct-2024,East,Bihar,Patna,D014,Patna Distribution Co,Wholesaler,OUT0173,Convenience Store,SP003_Priya,Beverages,FreshSip Cola 500ml,332.74,7,2329.18,12,279.5,2049.68,1987.83,Delivered,0,0.0,Indirect,Cash
ORD101906,2024-10-20,Oct-2024,North,Delhi,New Delhi,D003,New Delhi Traders,Super Stockist,OUT0122,Modern Trade,SP012_Divya,Snacks & Confectionery,SweetPuff Biscuit 100g,84.75,31,2627.25,2,52.54,2574.71,2291.52,Pending,0,0.0,Direct,UPI/Online
ORD103116,2024-10-20,Oct-2024,South,Tamil Nadu,Coimbatore,D023,Coimbatore Marketing,Super Stockist,OUT0028,Kirana/General Store,SP002_Amit,Snacks & Confectionery,CrispBite Chips 100g,45.87,18,825.66,2,16.51,809.15,743.69,Delivered,0,0.0,Indirect,Cash
ORD101986,2024-10-20,Oct-2024,East,Bihar,Patna,D014,Patna Distribution Co,Wholesaler,OUT0052,Supermarket,SP037_Sanjay,Dairy & Food Staples,PureDrop Milk 500ml,301.53,15,4522.95,0,0.0,4522.95,4227.2,Delivered,0,0.0,Indirect,Credit
ORD102631,2024-10-20,Oct-2024,East,Odisha,Bhubaneswar,D007,Bhubaneswar Distribution Co,Super Stockist,OUT0193,Modern Trade,SP035_Arjun,Home Care,CleanWave Detergent 1kg,146.4,22,3220.8,12,386.5,2834.3,2790.21,Returned,4,585.6,Indirect,UPI/Online
ORD102768,2024-10-20,Oct-2024,North,Delhi,New Delhi,D001,New Delhi Traders,Super Stockist,OUT0001,Kirana/General Store,SP005_Vikram,Personal Care,ShinyLocks Shampoo 200ml,56.44,7,395.08,0,0.0,395.08,347.92,Delivered,0,0.0,Indirect,UPI/Online
ORD103681,2024-10-20,Oct-2024,South,Tamil Nadu,Coimbatore,D020,Coimbatore Marketing,Distributor,OUT0087,Kirana/General Store,SP025_Vikram,Snacks & Confectionery,ChocoNut Bar 40g,109.64,16,1754.24,2,35.08,1719.16,1881.46,Delivered,0,0.0,Indirect,Credit
ORD103033,2024-10-20,Oct-2024,East,Odisha,Bhubaneswar,D007,Bhubaneswar Distribution Co,Super Stockist,OUT0178,Convenience Store,SP006_Anjali,Beverages,FreshSip Cola 500ml,75.02,5,375.1,2,7.5,367.6,450.26,Delivered,0,0.0,Indirect,UPI/Online
ORD101995,2024-10-20,Oct-2024,South,Karnataka,Mysuru,D017,Mysuru Enterprises,Distributor,OUT0120,Modern Trade,SP028_Neha,Dairy & Food Staples,GoldenGrain Atta 5kg,45.97,31,1425.07,0,0.0,1425.07,1556.5,Delivered,0,0.0,Indirect,UPI/Online
ORD103781,2024-10-20,Oct-2024,North,Delhi,New Delhi,D001,New Delhi Traders,Super Stockist,OUT0065,Modern Trade,SP028_Neha,Beverages,OrangeZest Juice 1L,311.63,29,9037.27,8,722.98,8314.29,8500.91,Returned,9,2804.67,Direct,UPI/Online
ORD100806,2024-10-20,Oct-2024,South,Tamil Nadu,Coimbatore,D020,Coimbatore Marketing,Distributor,OUT0144,Supermarket,SP003_Priya,Snacks & Confectionery,SweetPuff Biscuit 100g,259.61,17,4413.37,5,220.67,4192.7,3842.62,Delivered,0,0.0,Indirect,Credit
ORD103313,2024-10-21,Oct-2024,South,Telangana,Hyderabad,D012,Hyderabad Traders,Super Stockist,OUT0105,Convenience Store,SP032_Divya,Snacks & Confectionery,CrispBite Chips 100g,161.56,63,10178.28,0,0.0,10178.28,8706.97,Delivered,0,0.0,Direct,Cash
ORD102649,2024-10-21,Oct-2024,Central,Madhya Pradesh,Bhopal,D029,Bhopal Distribution Co,Super Stockist,OUT0112,Supermarket,SP009_Karan,Dairy & Food Staples,SunRice Basmati 1kg,306.79,9,2761.11,5,138.06,2623.05,2983.31,Cancelled,0,0.0,Indirect,Cash
ORD100332,2024-10-21,Oct-2024,Central,Madhya Pradesh,Bhopal,D029,Bhopal Distribution Co,Super Stockist,OUT0063,Kirana/General Store,SP024_Sneha,Personal Care,SilkTouch Lotion 200ml,236.74,14,3314.36,2,66.29,3248.07,4013.93,Delivered,0,0.0,Direct,Credit
ORD103534,2024-10-21,Oct-2024,Central,Chhattisgarh,Raipur,D021,Raipur Traders,Super Stockist,OUT0057,Wholesale Shop,SP009_Karan,Snacks & Confectionery,ChocoNut Bar 40g,199.94,32,6398.08,10,639.81,5758.27,6212.24,Returned,4,799.76,Indirect,Cash
ORD101152,2024-10-21,Oct-2024,East,Bihar,Patna,D014,Patna Distribution Co,Wholesaler,OUT0015,Supermarket,SP036_Meera,Dairy & Food Staples,DailyFresh Ghee 500ml,170.58,16,2729.28,0,0.0,2729.28,2937.52,Delivered,0,0.0,Indirect,UPI/Online
ORD101681,2024-10-21,Oct-2024,Central,Chhattisgarh,Raipur,D022,Raipur Agencies,Super Stockist,OUT0182,Supermarket,SP038_Rina,Dairy & Food Staples,DailyFresh Ghee 500ml,178.08,15,2671.2,5,133.56,2537.64,2935.82,Delivered,0,0.0,Direct,Credit
ORD103092,2024-10-21,Oct-2024,Central,Madhya Pradesh,Jabalpur,D004,Jabalpur Traders,Wholesaler,OUT0172,Wholesale Shop,SP007_Suresh,Dairy & Food Staples,DailyFresh Ghee 500ml,206.36,19,3920.84,0,0.0,3920.84,3860.21,Delivered,0,0.0,Direct,Cash
ORD101697,2024-10-21,Oct-2024,East,Odisha,Bhubaneswar,D007,Bhubaneswar Distribution Co,Super Stockist,OUT0062,Modern Trade,SP035_Arjun,Dairy & Food Staples,DailyFresh Ghee 500ml,269.18,33,8882.94,0,0.0,8882.94,10728.11,Delivered,0,0.0,Direct,Cash
ORD103475,2024-10-22,Oct-2024,West,Gujarat,Surat,D027,Surat Agencies,Wholesaler,OUT0058,Kirana/General Store,SP029_Karan,Beverages,MintCool Soda 300ml,43.99,23,1011.77,10,101.18,910.59,1027.33,Delivered,0,0.0,Direct,Credit
ORD100640,2024-10-22,Oct-2024,West,Goa,Panaji,D019,Panaji Traders,Distributor,OUT0134,Wholesale Shop,SP021_Rahul,Beverages,FreshSip Cola 250ml,270.85,20,5417.0,2,108.34,5308.66,5955.67,Delivered,0,0.0,Direct,Cash
ORD101497,2024-10-22,Oct-2024,North,Uttar Pradesh,Lucknow,D010,Lucknow Marketing,Distributor,OUT0199,Convenience Store,SP014_Kavita,Snacks & Confectionery,CrispBite Chips 50g,308.3,31,9557.3,0,0.0,9557.3,9688.99,Delivered,0,0.0,Direct,Cash
ORD102463,2024-10-22,Oct-2024,West,Goa,Panaji,D024,Panaji Marketing,Distributor,OUT0187,Convenience Store,SP028_Neha,Snacks & Confectionery,SweetPuff Biscuit 100g,145.12,46,6675.52,0,0.0,6675.52,7751.95,Delivered,0,0.0,Indirect,Cash
ORD100222,2024-10-22,Oct-2024,South,Tamil Nadu,Coimbatore,D020,Coimbatore Marketing,Distributor,OUT0185,Convenience Store,SP033_Manoj,Personal Care,ShinyLocks Shampoo 200ml,340.04,7,2380.28,0,0.0,2380.28,2344.1,Delivered,0,0.0,Indirect,Credit
ORD102468,2024-10-22,Oct-2024,Central,Chhattisgarh,Raipur,D026,Raipur Agencies,Distributor,OUT0048,Kirana/General Store,SP009_Karan,Dairy & Food Staples,PureDrop Milk 500ml,113.83,29,3301.07,2,66.02,3235.05,2812.6,Delivered,0,0.0,Indirect,Cash
ORD102723,2024-10-22,Oct-2024,West,Gujarat,Surat,D027,Surat Agencies,Wholesaler,OUT0107,Wholesale Shop,SP032_Divya,Home Care,CleanWave Detergent 1kg,68.64,12,823.68,8,65.89,757.79,830.9,Delivered,0,0.0,Direct,UPI/Online
ORD101368,2024-10-22,Oct-2024,Central,Chhattisgarh,Raipur,D022,Raipur Agencies,Super Stockist,OUT0189,Modern Trade,SP013_Manoj,Beverages,OrangeZest Juice 1L,167.89,14,2350.46,0,0.0,2350.46,2807.45,Delivered,0,0.0,Direct,UPI/Online
ORD100853,2024-10-22,Oct-2024,West,Goa,Panaji,D024,Panaji Marketing,Distributor,OUT0115,Wholesale Shop,SP020_Shreya,Snacks & Confectionery,CrispBite Chips 100g,210.92,31,6538.52,0,0.0,6538.52,6892.8,Delivered,0,0.0,Indirect,Credit
ORD103567,2024-10-22,Oct-2024,North,Uttar Pradesh,Lucknow,D008,Lucknow Distribution Co,Distributor,OUT0029,Kirana/General Store,SP030_Pooja,Beverages,OrangeZest Juice 1L,243.65,30,7309.5,8,584.76,6724.74,7512.83,Delivered,0,0.0,Direct,UPI/Online
ORD100000,2024-10-23,Oct-2024,East,Odisha,Bhubaneswar,D028,Bhubaneswar Distribution Co,Wholesaler,OUT0156,Modern Trade,SP014_Kavita,Personal Care,SilkTouch Lotion 200ml,143.6,10,1436.0,0,0.0,1436.0,1565.88,Pending,0,0.0,Indirect,UPI/Online
ORD101268,2024-10-23,Oct-2024,Central,Chhattisgarh,Raipur,D022,Raipur Agencies,Super Stockist,OUT0194,Modern Trade,SP026_Anjali,Beverages,MintCool Soda 300ml,213.14,46,9804.44,2,196.09,9608.35,10630.7,Delivered,0,0.0,Indirect,Cash
ORD102410,2024-10-23,Oct-2024,East,Odisha,Bhubaneswar,D007,Bhubaneswar Distribution Co,Super Stockist,OUT0062,Modern Trade,SP036_Meera,Home Care,ShineFloor Cleaner 1L,165.7,3,497.1,0,0.0,497.1,431.95,Delivered,0,0.0,Indirect,UPI/Online
ORD102008,2024-10-23,Oct-2024,Central,Chhattisgarh,Raipur,D022,Raipur Agencies,Super Stockist,OUT0186,Kirana/General Store,SP032_Divya,Dairy & Food Staples,PureDrop Milk 500ml,228.04,19,4332.76,10,433.28,3899.48,3629.18,Returned,2,456.08,Indirect,Cash
ORD101006,2024-10-23,Oct-2024,Central,Chhattisgarh,Raipur,D011,Raipur Agencies,Super Stockist,OUT0090,Convenience Store,SP040_Shreya,Personal Care,ShinyLocks Shampoo 200ml,292.87,49,14350.63,0,0.0,14350.63,17178.99,Delivered,0,0.0,Indirect,UPI/Online
ORD100213,2024-10-24,Oct-2024,East,Odisha,Bhubaneswar,D007,Bhubaneswar Distribution Co,Super Stockist,OUT0040,Kirana/General Store,SP003_Priya,Snacks & Confectionery,ChocoNut Bar 40g,348.79,40,13951.6,5,697.58,13254.02,14872.22,Delivered,0,0.0,Indirect,UPI/Online
ORD100716,2024-10-24,Oct-2024,West,Rajasthan,Jodhpur,D013,Jodhpur Distribution Co,Super Stockist,OUT0177,Wholesale Shop,SP016_Meera,Home Care,SparkleShine Dishwash 500ml,319.32,45,14369.4,2,287.39,14082.01,15314.36,Delivered,0,0.0,Direct,Cash
ORD102996,2024-10-24,Oct-2024,South,Karnataka,Bengaluru,D002,Bengaluru Marketing,Distributor,OUT0074,Convenience Store,SP028_Neha,Personal Care,FreshBreath Toothpaste 150g,196.68,35,6883.8,10,688.38,6195.42,7511.67,Delivered,0,0.0,Indirect,Credit
ORD100419,2024-10-24,Oct-2024,North,Punjab,Amritsar,D018,Amritsar Traders,Wholesaler,OUT0025,Supermarket,SP005_Vikram,Dairy & Food Staples,GoldenGrain Atta 5kg,338.15,14,4734.1,5,236.7,4497.4,4520.15,Delivered,0,0.0,Indirect,Credit
ORD103411,2024-10-24,Oct-2024,South,Telangana,Hyderabad,D012,Hyderabad Traders,Super Stockist,OUT0166,Wholesale Shop,SP008_Neha,Personal Care,SilkTouch Lotion 200ml,223.94,26,5822.44,5,291.12,5531.32,6334.79,Returned,6,1343.64,Indirect,Cash
ORD100375,2024-10-24,Oct-2024,North,Delhi,New Delhi,D001,New Delhi Traders,Super Stockist,OUT0001,Kirana/General Store,SP023_Priya,Beverages,MintCool Soda 300ml,308.32,6,1849.92,0,0.0,1849.92,1621.6,Cancelled,0,0.0,Indirect,UPI/Online
ORD101089,2024-10-24,Oct-2024,South,Karnataka,Bengaluru,D002,Bengaluru Marketing,Distributor,OUT0046,Modern Trade,SP030_Pooja,Personal Care,ShinyLocks Shampoo 200ml,283.9,22,6245.8,2,124.92,6120.88,5977.57,Delivered,0,0.0,Indirect,Credit
ORD102513,2024-10-24,Oct-2024,Central,Madhya Pradesh,Bhopal,D029,Bhopal Distribution Co,Super Stockist,OUT0030,Kirana/General Store,SP035_Arjun,Snacks & Confectionery,CrispBite Chips 50g,244.29,18,4397.22,10,439.72,3957.5,3668.27,Delivered,0,0.0,Direct,UPI/Online
ORD103532,2024-10-24,Oct-2024,West,Rajasthan,Jodhpur,D013,Jodhpur Distribution Co,Super Stockist,OUT0093,Supermarket,SP019_Deepak,Home Care,SparkleShine Dishwash 500ml,271.68,26,7063.68,5,353.18,6710.5,5744.79,Delivered,0,0.0,Direct,Credit
ORD102668,2024-10-24,Oct-2024,West,Rajasthan,Jaipur,D016,Jaipur Distribution Co,Super Stockist,OUT0061,Modern Trade,SP014_Kavita,Personal Care,GlowSoft Soap 100g,184.49,35,6457.15,5,322.86,6134.29,6718.54,Delivered,0,0.0,Direct,Credit
ORD101960,2024-10-24,Oct-2024,West,Gujarat,Surat,D027,Surat Agencies,Wholesaler,OUT0123,Convenience Store,SP021_Rahul,Home Care,CleanWave Detergent 1kg,76.89,34,2614.26,2,52.29,2561.97,2878.84,Delivered,0,0.0,Indirect,Cash
ORD101682,2024-10-24,Oct-2024,Central,Chhattisgarh,Raipur,D011,Raipur Agencies,Super Stockist,OUT0090,Convenience Store,SP011_Ravi,Dairy & Food Staples,SunRice Basmati 1kg,318.77,30,9563.1,0,0.0,9563.1,9794.1,Delivered,0,0.0,Direct,Cash
ORD103893,2024-10-25,Oct-2024,North,Uttar Pradesh,Lucknow,D008,Lucknow Distribution Co,Distributor,OUT0092,Convenience Store,SP016_Meera,Snacks & Confectionery,SweetPuff Biscuit 100g,287.97,11,3167.67,0,0.0,3167.67,3278.03,Returned,2,575.94,Indirect,Credit
ORD103892,2024-10-25,Oct-2024,North,Punjab,Amritsar,D018,Amritsar Traders,Wholesaler,OUT0132,Kirana/General Store,SP004_Sneha,Home Care,ShineFloor Cleaner 1L,335.68,38,12755.84,10,1275.58,11480.26,11387.27,Delivered,0,0.0,Direct,Cash
ORD103332,2024-10-25,Oct-2024,Central,Chhattisgarh,Raipur,D005,Raipur Enterprises,Wholesaler,OUT0070,Supermarket,SP012_Divya,Personal Care,SilkTouch Lotion 200ml,182.64,24,4383.36,0,0.0,4383.36,3784.32,Delivered,0,0.0,Indirect,Credit
ORD100975,2024-10-25,Oct-2024,Central,Chhattisgarh,Raipur,D005,Raipur Enterprises,Wholesaler,OUT0135,Modern Trade,SP035_Arjun,Snacks & Confectionery,ChocoNut Bar 40g,206.03,12,2472.36,5,123.62,2348.74,2797.39,Delivered,0,0.0,Direct,Cash
ORD102237,2024-10-25,Oct-2024,Central,Chhattisgarh,Raipur,D021,Raipur Traders,Super Stockist,OUT0126,Convenience Store,SP024_Sneha,Beverages,OrangeZest Juice 1L,81.77,15,1226.55,5,61.33,1165.22,999.7,Delivered,0,0.0,Indirect,UPI/Online
ORD101690,2024-10-25,Oct-2024,West,Goa,Panaji,D024,Panaji Marketing,Distributor,OUT0007,Modern Trade,SP001_Rahul,Beverages,FreshSip Cola 500ml,155.02,31,4805.62,2,96.11,4709.51,4174.63,Delivered,0,0.0,Direct,Cash
ORD103937,2024-10-25,Oct-2024,East,Bihar,Patna,D014,Patna Distribution Co,Wholesaler,OUT0175,Wholesale Shop,SP030_Pooja,Personal Care,GlowSoft Soap 100g,157.35,14,2202.9,12,264.35,1938.55,2317.59,Delivered,0,0.0,Indirect,Credit
ORD101034,2024-10-25,Oct-2024,West,Goa,Panaji,D024,Panaji Marketing,Distributor,OUT0007,Modern Trade,SP023_Priya,Personal Care,SilkTouch Lotion 200ml,319.2,28,8937.6,0,0.0,8937.6,8545.16,Delivered,0,0.0,Direct,Credit
ORD102610,2024-10-25,Oct-2024,Central,Madhya Pradesh,Bhopal,D029,Bhopal Distribution Co,Super Stockist,OUT0114,Kirana/General Store,SP015_Arjun,Home Care,SparkleShine Dishwash 500ml,339.12,48,16277.76,5,813.89,15463.87,14660.35,Delivered,0,0.0,Direct,Credit
ORD102348,2024-10-26,Oct-2024,South,Telangana,Hyderabad,D012,Hyderabad Traders,Super Stockist,OUT0166,Wholesale Shop,SP024_Sneha,Dairy & Food Staples,GoldenGrain Atta 5kg,25.57,40,1022.8,10,102.28,920.52,1134.53,Cancelled,0,0.0,Indirect,Credit
ORD102377,2024-10-26,Oct-2024,North,Delhi,New Delhi,D003,New Delhi Traders,Super Stockist,OUT0032,Wholesale Shop,SP003_Priya,Home Care,ShineFloor Cleaner 1L,295.81,16,4732.96,2,94.66,4638.3,5368.8,Delivered,0,0.0,Indirect,UPI/Online
ORD101060,2024-10-26,Oct-2024,Central,Chhattisgarh,Raipur,D022,Raipur Agencies,Super Stockist,OUT0189,Modern Trade,SP010_Pooja,Home Care,SparkleShine Dishwash 500ml,286.58,30,8597.4,2,171.95,8425.45,9405.38,Delivered,0,0.0,Indirect,Cash
ORD103469,2024-10-26,Oct-2024,South,Karnataka,Bengaluru,D002,Bengaluru Marketing,Distributor,OUT0046,Modern Trade,SP036_Meera,Snacks & Confectionery,CrispBite Chips 50g,235.03,27,6345.81,2,126.92,6218.89,6552.79,Returned,3,705.09,Indirect,UPI/Online
ORD102302,2024-10-26,Oct-2024,Central,Chhattisgarh,Raipur,D005,Raipur Enterprises,Wholesaler,OUT0136,Kirana/General Store,SP021_Rahul,Beverages,OrangeZest Juice 1L,92.28,24,2214.72,8,177.18,2037.54,2013.91,Delivered,0,0.0,Indirect,Cash
ORD102767,2024-10-26,Oct-2024,West,Rajasthan,Jaipur,D016,Jaipur Distribution Co,Super Stockist,OUT0061,Modern Trade,SP018_Rina,Dairy & Food Staples,PureDrop Milk 500ml,271.93,28,7614.04,5,380.7,7233.34,7565.18,Delivered,0,0.0,Indirect,UPI/Online
ORD103748,2024-10-26,Oct-2024,Central,Madhya Pradesh,Jabalpur,D030,Jabalpur Distribution Co,Distributor,OUT0181,Wholesale Shop,SP022_Amit,Dairy & Food Staples,PureDrop Milk 500ml,322.06,21,6763.26,2,135.27,6627.99,7783.28,Delivered,0,0.0,Indirect,Cash
ORD103423,2024-10-26,Oct-2024,Central,Madhya Pradesh,Jabalpur,D025,Jabalpur Agencies,Wholesaler,OUT0010,Supermarket,SP017_Sanjay,Home Care,ShineFloor Cleaner 1L,266.84,18,4803.12,0,0.0,4803.12,5249.78,Delivered,0,0.0,Indirect,Credit
ORD100423,2024-10-26,Oct-2024,South,Tamil Nadu,Coimbatore,D023,Coimbatore Marketing,Super Stockist,OUT0028,Kirana/General Store,SP021_Rahul,Snacks & Confectionery,CrispBite Chips 50g,141.67,20,2833.4,0,0.0,2833.4,2880.44,Delivered,0,0.0,Direct,Credit
ORD101452,2024-10-26,Oct-2024,Central,Madhya Pradesh,Jabalpur,D004,Jabalpur Traders,Wholesaler,OUT0099,Kirana/General Store,SP039_Deepak,Beverages,FreshSip Cola 250ml,189.36,17,3219.12,10,321.91,2897.21,3130.62,Delivered,0,0.0,Direct,UPI/Online
ORD100793,2024-10-26,Oct-2024,South,Karnataka,Bengaluru,D002,Bengaluru Marketing,Distributor,OUT0179,Modern Trade,SP029_Karan,Dairy & Food Staples,GoldenGrain Atta 5kg,36.92,30,1107.6,5,55.38,1052.22,1209.62,Delivered,0,0.0,Direct,Credit
ORD101950,2024-10-27,Oct-2024,North,Punjab,Amritsar,D018,Amritsar Traders,Wholesaler,OUT0129,Kirana/General Store,SP011_Ravi,Personal Care,FreshBreath Toothpaste 150g,130.13,20,2602.6,5,130.13,2472.47,2869.19,Delivered,0,0.0,Direct,Credit
ORD103985,2024-10-27,Oct-2024,South,Telangana,Hyderabad,D012,Hyderabad Traders,Super Stockist,OUT0142,Wholesale Shop,SP002_Amit,Beverages,FreshSip Cola 500ml,317.29,8,2538.32,0,0.0,2538.32,3123.55,Delivered,0,0.0,Direct,UPI/Online
ORD102479,2024-10-27,Oct-2024,North,Uttar Pradesh,Lucknow,D010,Lucknow Marketing,Distributor,OUT0117,Wholesale Shop,SP013_Manoj,Personal Care,FreshBreath Toothpaste 150g,284.38,32,9100.16,0,0.0,9100.16,10231.76,Delivered,0,0.0,Indirect,Credit
ORD102411,2024-10-27,Oct-2024,East,West Bengal,Kolkata,D006,Kolkata Enterprises,Distributor,OUT0078,Kirana/General Store,SP011_Ravi,Snacks & Confectionery,SweetPuff Biscuit 100g,84.67,47,3979.49,8,318.36,3661.13,3270.93,Delivered,0,0.0,Indirect,Credit
ORD103252,2024-10-27,Oct-2024,West,Rajasthan,Jodhpur,D013,Jodhpur Distribution Co,Super Stockist,OUT0155,Kirana/General Store,SP028_Neha,Dairy & Food Staples,DailyFresh Ghee 500ml,105.31,21,2211.51,2,44.23,2167.28,2015.76,Delivered,0,0.0,Indirect,UPI/Online
ORD100659,2024-10-27,Oct-2024,West,Gujarat,Surat,D027,Surat Agencies,Wholesaler,OUT0008,Kirana/General Store,SP015_Arjun,Home Care,CleanWave Detergent 1kg,154.17,22,3391.74,5,169.59,3222.15,3416.09,Delivered,0,0.0,Direct,Credit
ORD101521,2024-10-27,Oct-2024,Central,Madhya Pradesh,Jabalpur,D025,Jabalpur Agencies,Wholesaler,OUT0010,Supermarket,SP006_Anjali,Personal Care,ShinyLocks Shampoo 200ml,241.68,55,13292.4,2,265.85,13026.55,11564.78,Cancelled,0,0.0,Direct,Credit
ORD101340,2024-10-27,Oct-2024,South,Karnataka,Mysuru,D017,Mysuru Enterprises,Distributor,OUT0079,Kirana/General Store,SP010_Pooja,Home Care,CleanWave Detergent 1kg,280.09,33,9242.97,10,924.3,8318.67,8731.4,Returned,2,560.18,Indirect,Credit
ORD100621,2024-10-27,Oct-2024,Central,Chhattisgarh,Raipur,D011,Raipur Agencies,Super Stockist,OUT0168,Kirana/General Store,SP034_Kavita,Beverages,OrangeZest Juice 1L,92.75,38,3524.5,10,352.45,3172.05,3502.47,Cancelled,0,0.0,Direct,Cash
ORD100353,2024-10-27,Oct-2024,Central,Madhya Pradesh,Bhopal,D029,Bhopal Distribution Co,Super Stockist,OUT0030,Kirana/General Store,SP012_Divya,Personal Care,FreshBreath Toothpaste 150g,293.7,32,9398.4,5,469.92,8928.48,7933.97,Delivered,0,0.0,Indirect,UPI/Online
ORD100058,2024-10-27,Oct-2024,North,Delhi,New Delhi,D003,New Delhi Traders,Super Stockist,OUT0006,Kirana/General Store,SP031_Ravi,Personal Care,GlowSoft Soap 100g,171.22,32,5479.04,12,657.48,4821.56,4475.93,Cancelled,0,0.0,Indirect,Cash
ORD101005,2024-10-27,Oct-2024,East,Bihar,Patna,D014,Patna Distribution Co,Wholesaler,OUT0052,Supermarket,SP018_Rina,Snacks & Confectionery,ChocoNut Bar 40g,235.4,43,10122.2,2,202.44,9919.76,9205.31,Pending,0,0.0,Direct,Cash
ORD100981,2024-10-27,Oct-2024,Central,Chhattisgarh,Raipur,D026,Raipur Agencies,Distributor,OUT0154,Kirana/General Store,SP034_Kavita,Beverages,FreshSip Cola 500ml,269.58,48,12939.84,0,0.0,12939.84,11528.53,Delivered,0,0.0,Direct,Credit
ORD100450,2024-10-27,Oct-2024,West,Goa,Panaji,D019,Panaji Traders,Distributor,OUT0026,Supermarket,SP028_Neha,Personal Care,FreshBreath Toothpaste 150g,260.52,20,5210.4,2,104.21,5106.19,4582.3,Delivered,0,0.0,Direct,Cash
ORD103009,2024-10-27,Oct-2024,South,Telangana,Hyderabad,D012,Hyderabad Traders,Super Stockist,OUT0183,Modern Trade,SP016_Meera,Personal Care,FreshBreath Toothpaste 150g,136.98,22,3013.56,2,60.27,2953.29,3316.64,Delivered,0,0.0,Indirect,Credit
ORD101237,2024-10-27,Oct-2024,Central,Madhya Pradesh,Jabalpur,D004,Jabalpur Traders,Wholesaler,OUT0169,Convenience Store,SP004_Sneha,Snacks & Confectionery,CrispBite Chips 50g,119.41,10,1194.1,5,59.7,1134.4,1300.77,Delivered,0,0.0,Direct,UPI/Online
ORD100396,2024-10-27,Oct-2024,South,Tamil Nadu,Coimbatore,D023,Coimbatore Marketing,Super Stockist,OUT0018,Convenience Store,SP026_Anjali,Beverages,OrangeZest Juice 1L,172.68,22,3798.96,5,189.95,3609.01,3480.22,Delivered,0,0.0,Direct,Cash
ORD102770,2024-10-28,Oct-2024,South,Karnataka,Mysuru,D017,Mysuru Enterprises,Distributor,OUT0077,Wholesale Shop,SP039_Deepak,Dairy & Food Staples,SunRice Basmati 1kg,324.22,15,4863.3,2,97.27,4766.03,4332.59,Delivered,0,0.0,Indirect,Credit
ORD102879,2024-10-28,Oct-2024,South,Tamil Nadu,Coimbatore,D020,Coimbatore Marketing,Distributor,OUT0098,Wholesale Shop,SP003_Priya,Home Care,CleanWave Detergent 1kg,65.47,20,1309.4,0,0.0,1309.4,1331.8,Delivered,0,0.0,Direct,UPI/Online
ORD102680,2024-10-28,Oct-2024,South,Tamil Nadu,Coimbatore,D020,Coimbatore Marketing,Distributor,OUT0109,Wholesale Shop,SP019_Deepak,Personal Care,FreshBreath Toothpaste 150g,347.99,19,6611.81,0,0.0,6611.81,6372.81,Pending,0,0.0,Indirect,UPI/Online
ORD101964,2024-10-28,Oct-2024,West,Rajasthan,Jodhpur,D013,Jodhpur Distribution Co,Super Stockist,OUT0163,Convenience Store,SP027_Suresh,Dairy & Food Staples,SunRice Basmati 1kg,133.06,47,6253.82,5,312.69,5941.13,5860.81,Delivered,0,0.0,Indirect,Credit
ORD100518,2024-10-28,Oct-2024,South,Karnataka,Mysuru,D017,Mysuru Enterprises,Distributor,OUT0079,Kirana/General Store,SP019_Deepak,Snacks & Confectionery,CrispBite Chips 50g,131.28,28,3675.84,2,73.52,3602.32,3356.38,Cancelled,0,0.0,Indirect,Credit
ORD103501,2024-10-28,Oct-2024,Central,Madhya Pradesh,Jabalpur,D030,Jabalpur Distribution Co,Distributor,OUT0096,Kirana/General Store,SP025_Vikram,Personal Care,ShinyLocks Shampoo 200ml,93.68,40,3747.2,8,299.78,3447.42,4199.89,Pending,0,0.0,Direct,Cash
ORD103528,2024-10-28,Oct-2024,Central,Chhattisgarh,Raipur,D022,Raipur Agencies,Super Stockist,OUT0195,Supermarket,SP011_Ravi,Personal Care,ShinyLocks Shampoo 200ml,229.79,12,2757.48,10,275.75,2481.73,2284.32,Delivered,0,0.0,Indirect,Cash
ORD102599,2024-10-29,Oct-2024,South,Tamil Nadu,Coimbatore,D020,Coimbatore Marketing,Distributor,OUT0196,Wholesale Shop,SP006_Anjali,Personal Care,ShinyLocks Shampoo 200ml,60.84,43,2616.12,8,209.29,2406.83,2969.07,Delivered,0,0.0,Indirect,Credit
ORD102059,2024-10-29,Oct-2024,Central,Madhya Pradesh,Bhopal,D029,Bhopal Distribution Co,Super Stockist,OUT0112,Supermarket,SP032_Divya,Personal Care,GlowSoft Soap 100g,131.7,27,3555.9,5,177.8,3378.1,2947.89,Delivered,0,0.0,Indirect,UPI/Online
ORD102389,2024-10-29,Oct-2024,South,Karnataka,Mysuru,D017,Mysuru Enterprises,Distributor,OUT0077,Wholesale Shop,SP015_Arjun,Personal Care,GlowSoft Soap 100g,323.22,64,20686.08,8,1654.89,19031.19,19768.4,Delivered,0,0.0,Indirect,UPI/Online
ORD102087,2024-10-29,Oct-2024,Central,Madhya Pradesh,Bhopal,D029,Bhopal Distribution Co,Super Stockist,OUT0112,Supermarket,SP004_Sneha,Beverages,FreshSip Cola 500ml,192.28,15,2884.2,2,57.68,2826.52,2635.47,Returned,1,192.28,Indirect,UPI/Online
ORD100150,2024-10-29,Oct-2024,East,Bihar,Patna,D014,Patna Distribution Co,Wholesaler,OUT0015,Supermarket,SP003_Priya,Personal Care,GlowSoft Soap 100g,58.86,7,412.02,5,20.6,391.42,365.03,Pending,0,0.0,Direct,Credit
ORD103747,2024-10-29,Oct-2024,Central,Chhattisgarh,Raipur,D009,Raipur Enterprises,Wholesaler,OUT0066,Modern Trade,SP036_Meera,Home Care,CleanWave Detergent 1kg,256.68,18,4620.24,5,231.01,4389.23,4542.26,Delivered,0,0.0,Direct,Cash
ORD103516,2024-10-29,Oct-2024,West,Goa,Panaji,D024,Panaji Marketing,Distributor,OUT0047,Convenience Store,SP032_Divya,Beverages,OrangeZest Juice 1L,61.62,14,862.68,2,17.25,845.43,1035.02,Delivered,0,0.0,Indirect,Credit
ORD100612,2024-10-29,Oct-2024,North,Punjab,Ludhiana,D015,Ludhiana Traders,Distributor,OUT0055,Wholesale Shop,SP031_Ravi,Beverages,OrangeZest Juice 1L,297.5,15,4462.5,8,357.0,4105.5,4243.65,Delivered,0,0.0,Indirect,UPI/Online
ORD103294,2024-10-30,Oct-2024,North,Delhi,New Delhi,D003,New Delhi Traders,Super Stockist,OUT0082,Supermarket,SP003_Priya,Snacks & Confectionery,CrispBite Chips 50g,344.26,18,6196.68,0,0.0,6196.68,6434.14,Delivered,0,0.0,Indirect,UPI/Online
ORD102656,2024-10-30,Oct-2024,South,Karnataka,Mysuru,D017,Mysuru Enterprises,Distributor,OUT0101,Convenience Store,SP019_Deepak,Snacks & Confectionery,CrispBite Chips 100g,178.81,29,5185.49,0,0.0,5185.49,6307.94,Delivered,0,0.0,Direct,UPI/Online
ORD101869,2024-10-30,Oct-2024,Central,Madhya Pradesh,Bhopal,D029,Bhopal Distribution Co,Super Stockist,OUT0148,Modern Trade,SP017_Sanjay,Home Care,ShineFloor Cleaner 1L,207.91,9,1871.19,0,0.0,1871.19,2122.04,Delivered,0,0.0,Indirect,Cash
ORD102244,2024-10-30,Oct-2024,East,West Bengal,Kolkata,D006,Kolkata Enterprises,Distributor,OUT0078,Kirana/General Store,SP015_Arjun,Personal Care,SilkTouch Lotion 200ml,260.65,20,5213.0,0,0.0,5213.0,5014.88,Delivered,0,0.0,Direct,UPI/Online
ORD100962,2024-10-30,Oct-2024,Central,Chhattisgarh,Raipur,D009,Raipur Enterprises,Wholesaler,OUT0171,Kirana/General Store,SP009_Karan,Dairy & Food Staples,SunRice Basmati 1kg,226.85,34,7712.9,12,925.55,6787.35,7004.43,Delivered,0,0.0,Indirect,UPI/Online
ORD101809,2024-10-30,Oct-2024,East,West Bengal,Kolkata,D006,Kolkata Enterprises,Distributor,OUT0064,Modern Trade,SP034_Kavita,Beverages,FreshSip Cola 500ml,267.88,46,12322.48,8,985.8,11336.68,10743.07,Delivered,0,0.0,Indirect,Credit
ORD100420,2024-10-30,Oct-2024,East,Odisha,Bhubaneswar,D028,Bhubaneswar Distribution Co,Wholesaler,OUT0146,Supermarket,SP016_Meera,Beverages,MintCool Soda 300ml,228.79,29,6634.91,12,796.19,5838.72,7183.43,Delivered,0,0.0,Indirect,Cash
ORD102446,2024-10-30,Oct-2024,East,Odisha,Bhubaneswar,D007,Bhubaneswar Distribution Co,Super Stockist,OUT0035,Wholesale Shop,SP022_Amit,Home Care,ShineFloor Cleaner 1L,284.73,35,9965.55,5,498.28,9467.27,8626.16,Delivered,0,0.0,Indirect,UPI/Online
ORD103967,2024-10-30,Oct-2024,Central,Chhattisgarh,Raipur,D022,Raipur Agencies,Super Stockist,OUT0034,Modern Trade,SP024_Sneha,Beverages,MintCool Soda 300ml,185.79,86,15977.94,8,1278.24,14699.7,14809.13,Delivered,0,0.0,Direct,UPI/Online
ORD101036,2024-10-30,Oct-2024,North,Uttar Pradesh,Lucknow,D008,Lucknow Distribution Co,Distributor,OUT0022,Supermarket,SP035_Arjun,Beverages,OrangeZest Juice 1L,197.58,32,6322.56,5,316.13,6006.43,6820.8,Returned,2,395.16,Direct,Cash
ORD100906,2024-10-30,Oct-2024,East,Odisha,Bhubaneswar,D007,Bhubaneswar Distribution Co,Super Stockist,OUT0062,Modern Trade,SP020_Shreya,Home Care,ShineFloor Cleaner 1L,227.35,18,4092.3,0,0.0,4092.3,4425.83,Delivered,0,0.0,Direct,UPI/Online
ORD100152,2024-10-31,Oct-2024,Central,Madhya Pradesh,Jabalpur,D004,Jabalpur Traders,Wholesaler,OUT0130,Kirana/General Store,SP003_Priya,Home Care,ShineFloor Cleaner 1L,218.17,11,2399.87,2,48.0,2351.87,2487.26,Delivered,0,0.0,Indirect,UPI/Online
ORD103530,2024-10-31,Oct-2024,Central,Madhya Pradesh,Bhopal,D029,Bhopal Distribution Co,Super Stockist,OUT0003,Convenience Store,SP029_Karan,Beverages,MintCool Soda 300ml,290.98,19,5528.62,0,0.0,5528.62,4795.17,Returned,4,1163.92,Direct,UPI/Online
ORD100279,2024-10-31,Oct-2024,Central,Madhya Pradesh,Jabalpur,D025,Jabalpur Agencies,Wholesaler,OUT0009,Wholesale Shop,SP026_Anjali,Home Care,CleanWave Detergent 1kg,270.9,23,6230.7,0,0.0,6230.7,7728.25,Delivered,0,0.0,Direct,Cash
ORD103256,2024-10-31,Oct-2024,South,Telangana,Hyderabad,D012,Hyderabad Traders,Super Stockist,OUT0105,Convenience Store,SP019_Deepak,Dairy & Food Staples,DailyFresh Ghee 500ml,341.05,49,16711.45,2,334.23,16377.22,17870.14,Delivered,0,0.0,Indirect,Cash
ORD102316,2024-10-31,Oct-2024,North,Punjab,Amritsar,D018,Amritsar Traders,Wholesaler,OUT0132,Kirana/General Store,SP016_Meera,Snacks & Confectionery,ChocoNut Bar 40g,66.43,21,1395.03,2,27.9,1367.13,1588.24,Delivered,0,0.0,Indirect,Credit
ORD100338,2024-10-31,Oct-2024,Central,Chhattisgarh,Raipur,D009,Raipur Enterprises,Wholesaler,OUT0164,Kirana/General Store,SP023_Priya,Beverages,FreshSip Cola 250ml,157.86,25,3946.5,5,197.32,3749.18,3435.68,Delivered,0,0.0,Indirect,UPI/Online
ORD102046,2024-10-31,Oct-2024,South,Tamil Nadu,Coimbatore,D023,Coimbatore Marketing,Super Stockist,OUT0018,Convenience Store,SP011_Ravi,Beverages,MintCool Soda 300ml,155.56,21,3266.76,2,65.34,3201.42,2987.42,Delivered,0,0.0,Direct,Credit
ORD101555,2024-10-31,Oct-2024,South,Telangana,Hyderabad,D012,Hyderabad Traders,Super Stockist,OUT0042,Modern Trade,SP028_Neha,Dairy & Food Staples,SunRice Basmati 1kg,278.37,16,4453.92,5,222.7,4231.22,3627.6,Delivered,0,0.0,Direct,UPI/Online
ORD102218,2024-11-01,Nov-2024,West,Rajasthan,Jodhpur,D013,Jodhpur Distribution Co,Super Stockist,OUT0155,Kirana/General Store,SP013_Manoj,Beverages,OrangeZest Juice 1L,210.54,25,5263.5,0,0.0,5263.5,5995.61,Delivered,0,0.0,Indirect,UPI/Online
ORD103358,2024-11-01,Nov-2024,Central,Chhattisgarh,Raipur,D026,Raipur Agencies,Distributor,OUT0151,Modern Trade,SP028_Neha,Dairy & Food Staples,DailyFresh Ghee 500ml,93.84,72,6756.48,12,810.78,5945.7,5208.99,Delivered,0,0.0,Indirect,Cash
ORD100599,2024-11-01,Nov-2024,South,Karnataka,Mysuru,D017,Mysuru Enterprises,Distributor,OUT0101,Convenience Store,SP023_Priya,Dairy & Food Staples,PureDrop Milk 500ml,155.7,32,4982.4,10,498.24,4484.16,5442.29,Cancelled,0,0.0,Direct,UPI/Online
ORD100236,2024-11-01,Nov-2024,North,Delhi,New Delhi,D003,New Delhi Traders,Super Stockist,OUT0122,Modern Trade,SP031_Ravi,Personal Care,ShinyLocks Shampoo 200ml,283.28,44,12464.32,2,249.29,12215.03,11968.71,Delivered,0,0.0,Indirect,UPI/Online
ORD103223,2024-11-01,Nov-2024,Central,Madhya Pradesh,Bhopal,D029,Bhopal Distribution Co,Super Stockist,OUT0112,Supermarket,SP012_Divya,Home Care,SparkleShine Dishwash 500ml,104.52,33,3449.16,8,275.93,3173.23,3730.34,Delivered,0,0.0,Direct,Credit
ORD100165,2024-11-01,Nov-2024,North,Delhi,New Delhi,D001,New Delhi Traders,Super Stockist,OUT0097,Modern Trade,SP040_Shreya,Snacks & Confectionery,CrispBite Chips 100g,259.17,29,7515.93,0,0.0,7515.93,8765.75,Delivered,0,0.0,Direct,UPI/Online
ORD100225,2024-11-01,Nov-2024,Central,Chhattisgarh,Raipur,D011,Raipur Agencies,Super Stockist,OUT0168,Kirana/General Store,SP028_Neha,Home Care,PureAir Freshener 250ml,306.53,42,12874.26,0,0.0,12874.26,11237.1,Delivered,0,0.0,Indirect,Cash
ORD100034,2024-11-01,Nov-2024,North,Delhi,New Delhi,D001,New Delhi Traders,Super Stockist,OUT0180,Wholesale Shop,SP006_Anjali,Personal Care,GlowSoft Soap 100g,201.08,39,7842.12,5,392.11,7450.01,7302.2,Delivered,0,0.0,Indirect,Cash
ORD101881,2024-11-01,Nov-2024,South,Karnataka,Mysuru,D017,Mysuru Enterprises,Distributor,OUT0101,Convenience Store,SP038_Rina,Dairy & Food Staples,PureDrop Milk 500ml,63.75,10,637.5,2,12.75,624.75,779.64,Returned,2,127.5,Indirect,UPI/Online
ORD100782,2024-11-01,Nov-2024,East,West Bengal,Kolkata,D006,Kolkata Enterprises,Distributor,OUT0060,Modern Trade,SP031_Ravi,Snacks & Confectionery,CrispBite Chips 50g,284.31,18,5117.58,0,0.0,5117.58,4997.01,Delivered,0,0.0,Direct,UPI/Online
ORD103650,2024-11-01,Nov-2024,South,Tamil Nadu,Coimbatore,D020,Coimbatore Marketing,Distributor,OUT0185,Convenience Store,SP014_Kavita,Beverages,FreshSip Cola 500ml,299.15,27,8077.05,2,161.54,7915.51,7618.77,Delivered,0,0.0,Indirect,Cash
ORD100699,2024-11-01,Nov-2024,East,West Bengal,Kolkata,D006,Kolkata Enterprises,Distributor,OUT0060,Modern Trade,SP028_Neha,Beverages,OrangeZest Juice 1L,192.72,58,11177.76,5,558.89,10618.87,10902.75,Delivered,0,0.0,Direct,UPI/Online
ORD100889,2024-11-02,Nov-2024,Central,Chhattisgarh,Raipur,D009,Raipur Enterprises,Wholesaler,OUT0164,Kirana/General Store,SP009_Karan,Beverages,FreshSip Cola 250ml,331.18,40,13247.2,0,0.0,13247.2,12717.84,Delivered,0,0.0,Direct,UPI/Online
ORD102612,2024-11-02,Nov-2024,West,Goa,Panaji,D024,Panaji Marketing,Distributor,OUT0073,Wholesale Shop,SP009_Karan,Home Care,SparkleShine Dishwash 500ml,166.5,7,1165.5,8,93.24,1072.26,1040.36,Delivered,0,0.0,Direct,Credit
ORD101229,2024-11-02,Nov-2024,Central,Madhya Pradesh,Jabalpur,D004,Jabalpur Traders,Wholesaler,OUT0169,Convenience Store,SP028_Neha,Dairy & Food Staples,PureDrop Milk 500ml,104.7,32,3350.4,2,67.01,3283.39,3242.65,Delivered,0,0.0,Indirect,Credit
ORD102497,2024-11-02,Nov-2024,Central,Madhya Pradesh,Bhopal,D029,Bhopal Distribution Co,Super Stockist,OUT0138,Kirana/General Store,SP035_Arjun,Snacks & Confectionery,CrispBite Chips 50g,302.1,16,4833.6,10,483.36,4350.24,5016.37,Delivered,0,0.0,Indirect,Credit
ORD102667,2024-11-02,Nov-2024,South,Karnataka,Bengaluru,D002,Bengaluru Marketing,Distributor,OUT0124,Kirana/General Store,SP022_Amit,Snacks & Confectionery,CrispBite Chips 50g,233.88,20,4677.6,2,93.55,4584.05,4031.33,Delivered,0,0.0,Direct,UPI/Online
ORD101199,2024-11-02,Nov-2024,North,Delhi,New Delhi,D001,New Delhi Traders,Super Stockist,OUT0065,Modern Trade,SP038_Rina,Home Care,PureAir Freshener 250ml,62.83,29,1822.07,10,182.21,1639.86,1608.34,Delivered,0,0.0,Indirect,Cash
ORD102267,2024-11-02,Nov-2024,East,Bihar,Patna,D014,Patna Distribution Co,Wholesaler,OUT0088,Wholesale Shop,SP009_Karan,Dairy & Food Staples,GoldenGrain Atta 5kg,120.47,34,4095.98,2,81.92,4014.06,3987.0,Delivered,0,0.0,Indirect,UPI/Online
ORD100629,2024-11-02,Nov-2024,Central,Madhya Pradesh,Jabalpur,D030,Jabalpur Distribution Co,Distributor,OUT0145,Supermarket,SP029_Karan,Beverages,OrangeZest Juice 1L,93.48,39,3645.72,2,72.91,3572.81,3265.87,Delivered,0,0.0,Indirect,Cash
ORD102055,2024-11-02,Nov-2024,West,Rajasthan,Jodhpur,D013,Jodhpur Distribution Co,Super Stockist,OUT0093,Supermarket,SP027_Suresh,Snacks & Confectionery,SweetPuff Biscuit 100g,305.08,47,14338.76,8,1147.1,13191.66,14129.57,Cancelled,0,0.0,Indirect,Credit
ORD101812,2024-11-02,Nov-2024,South,Telangana,Hyderabad,D012,Hyderabad Traders,Super Stockist,OUT0105,Convenience Store,SP032_Divya,Beverages,OrangeZest Juice 1L,174.1,15,2611.5,0,0.0,2611.5,3008.96,Delivered,0,0.0,Indirect,UPI/Online
ORD103744,2024-11-02,Nov-2024,North,Punjab,Ludhiana,D015,Ludhiana Traders,Distributor,OUT0020,Wholesale Shop,SP040_Shreya,Personal Care,SilkTouch Lotion 200ml,250.14,12,3001.68,0,0.0,3001.68,3273.8,Delivered,0,0.0,Direct,UPI/Online
ORD103757,2024-11-02,Nov-2024,Central,Madhya Pradesh,Bhopal,D029,Bhopal Distribution Co,Super Stockist,OUT0138,Kirana/General Store,SP033_Manoj,Personal Care,SilkTouch Lotion 200ml,24.77,21,520.17,5,26.01,494.16,520.91,Returned,1,24.77,Indirect,Credit
ORD101301,2024-11-02,Nov-2024,Central,Madhya Pradesh,Jabalpur,D030,Jabalpur Distribution Co,Distributor,OUT0002,Convenience Store,SP024_Sneha,Beverages,MintCool Soda 300ml,323.95,45,14577.75,0,0.0,14577.75,17194.76,Delivered,0,0.0,Indirect,Cash
ORD101373,2024-11-02,Nov-2024,North,Delhi,New Delhi,D003,New Delhi Traders,Super Stockist,OUT0082,Supermarket,SP037_Sanjay,Personal Care,GlowSoft Soap 100g,236.28,28,6615.84,5,330.79,6285.05,5731.17,Pending,0,0.0,Direct,UPI/Online
ORD100802,2024-11-03,Nov-2024,Central,Madhya Pradesh,Jabalpur,D030,Jabalpur Distribution Co,Distributor,OUT0002,Convenience Store,SP014_Kavita,Snacks & Confectionery,ChocoNut Bar 40g,306.98,23,7060.54,0,0.0,7060.54,6468.87,Delivered,0,0.0,Indirect,UPI/Online
ORD102344,2024-11-03,Nov-2024,Central,Chhattisgarh,Raipur,D009,Raipur Enterprises,Wholesaler,OUT0121,Kirana/General Store,SP029_Karan,Beverages,FreshSip Cola 500ml,85.52,4,342.08,2,6.84,335.24,388.46,Delivered,0,0.0,Indirect,Cash
ORD102342,2024-11-03,Nov-2024,South,Karnataka,Bengaluru,D002,Bengaluru Marketing,Distributor,OUT0179,Modern Trade,SP014_Kavita,Home Care,SparkleShine Dishwash 500ml,137.9,59,8136.1,5,406.8,7729.3,7891.4,Delivered,0,0.0,Indirect,Cash
ORD102428,2024-11-03,Nov-2024,East,West Bengal,Kolkata,D006,Kolkata Enterprises,Distributor,OUT0170,Wholesale Shop,SP035_Arjun,Beverages,MintCool Soda 300ml,154.34,9,1389.06,10,138.91,1250.15,1522.83,Pending,0,0.0,Indirect,Cash
ORD100496,2024-11-03,Nov-2024,Central,Madhya Pradesh,Bhopal,D029,Bhopal Distribution Co,Super Stockist,OUT0003,Convenience Store,SP018_Rina,Snacks & Confectionery,ChocoNut Bar 40g,263.78,14,3692.92,0,0.0,3692.92,4221.35,Delivered,0,0.0,Indirect,Credit
ORD102311,2024-11-03,Nov-2024,West,Gujarat,Surat,D027,Surat Agencies,Wholesaler,OUT0008,Kirana/General Store,SP010_Pooja,Home Care,CleanWave Detergent 1kg,217.88,27,5882.76,5,294.14,5588.62,5032.95,Delivered,0,0.0,Indirect,UPI/Online
ORD103605,2024-11-03,Nov-2024,Central,Madhya Pradesh,Jabalpur,D004,Jabalpur Traders,Wholesaler,OUT0099,Kirana/General Store,SP026_Anjali,Beverages,FreshSip Cola 500ml,210.79,19,4005.01,0,0.0,4005.01,4728.29,Delivered,0,0.0,Indirect,Credit
ORD101965,2024-11-03,Nov-2024,Central,Chhattisgarh,Raipur,D005,Raipur Enterprises,Wholesaler,OUT0070,Supermarket,SP033_Manoj,Home Care,SparkleShine Dishwash 500ml,238.43,22,5245.46,8,419.64,4825.82,5626.81,Delivered,0,0.0,Direct,Credit
ORD101930,2024-11-03,Nov-2024,Central,Chhattisgarh,Raipur,D011,Raipur Agencies,Super Stockist,OUT0168,Kirana/General Store,SP030_Pooja,Home Care,SparkleShine Dishwash 500ml,45.28,22,996.16,8,79.69,916.47,1057.61,Delivered,0,0.0,Indirect,Cash
ORD101488,2024-11-03,Nov-2024,West,Goa,Panaji,D024,Panaji Marketing,Distributor,OUT0047,Convenience Store,SP020_Shreya,Home Care,SparkleShine Dishwash 500ml,285.66,47,13426.02,0,0.0,13426.02,14721.49,Cancelled,0,0.0,Indirect,UPI/Online
ORD103185,2024-11-03,Nov-2024,West,Goa,Panaji,D024,Panaji Marketing,Distributor,OUT0187,Convenience Store,SP002_Amit,Beverages,MintCool Soda 300ml,320.37,20,6407.4,8,512.59,5894.81,6013.77,Delivered,0,0.0,Direct,UPI/Online
ORD101563,2024-11-03,Nov-2024,North,Delhi,New Delhi,D003,New Delhi Traders,Super Stockist,OUT0082,Supermarket,SP016_Meera,Personal Care,ShinyLocks Shampoo 200ml,89.68,12,1076.16,0,0.0,1076.16,1137.46,Delivered,0,0.0,Indirect,Credit
ORD103036,2024-11-03,Nov-2024,South,Telangana,Hyderabad,D012,Hyderabad Traders,Super Stockist,OUT0166,Wholesale Shop,SP009_Karan,Snacks & Confectionery,SweetPuff Biscuit 100g,283.66,26,7375.16,0,0.0,7375.16,7050.6,Delivered,0,0.0,Indirect,Credit
ORD101787,2024-11-03,Nov-2024,East,West Bengal,Kolkata,D006,Kolkata Enterprises,Distributor,OUT0106,Modern Trade,SP014_Kavita,Snacks & Confectionery,CrispBite Chips 50g,296.08,17,5033.36,2,100.67,4932.69,4322.28,Delivered,0,0.0,Direct,UPI/Online
ORD103220,2024-11-03,Nov-2024,Central,Chhattisgarh,Raipur,D009,Raipur Enterprises,Wholesaler,OUT0153,Supermarket,SP028_Neha,Beverages,MintCool Soda 300ml,173.19,12,2078.28,5,103.91,1974.37,2299.65,Returned,4,692.76,Direct,Credit
ORD101494,2024-11-04,Nov-2024,West,Rajasthan,Jodhpur,D013,Jodhpur Distribution Co,Super Stockist,OUT0163,Convenience Store,SP016_Meera,Personal Care,ShinyLocks Shampoo 200ml,309.22,30,9276.6,10,927.66,8348.94,8833.45,Delivered,0,0.0,Indirect,UPI/Online
ORD100289,2024-11-04,Nov-2024,Central,Chhattisgarh,Raipur,D005,Raipur Enterprises,Wholesaler,OUT0011,Modern Trade,SP036_Meera,Beverages,FreshSip Cola 500ml,107.47,31,3331.57,0,0.0,3331.57,3651.42,Delivered,0,0.0,Indirect,UPI/Online
ORD101400,2024-11-04,Nov-2024,South,Telangana,Hyderabad,D012,Hyderabad Traders,Super Stockist,OUT0142,Wholesale Shop,SP040_Shreya,Snacks & Confectionery,ChocoNut Bar 40g,281.35,19,5345.65,0,0.0,5345.65,5733.18,Delivered,0,0.0,Direct,UPI/Online
ORD102801,2024-11-04,Nov-2024,Central,Madhya Pradesh,Bhopal,D029,Bhopal Distribution Co,Super Stockist,OUT0148,Modern Trade,SP006_Anjali,Beverages,MintCool Soda 300ml,220.63,22,4853.86,5,242.69,4611.17,5089.05,Delivered,0,0.0,Direct,Cash
ORD103208,2024-11-04,Nov-2024,Central,Madhya Pradesh,Jabalpur,D030,Jabalpur Distribution Co,Distributor,OUT0016,Wholesale Shop,SP023_Priya,Beverages,FreshSip Cola 500ml,196.1,24,4706.4,0,0.0,4706.4,4918.22,Delivered,0,0.0,Direct,Credit
ORD103805,2024-11-04,Nov-2024,East,Bihar,Patna,D014,Patna Distribution Co,Wholesaler,OUT0015,Supermarket,SP025_Vikram,Dairy & Food Staples,DailyFresh Ghee 500ml,110.82,15,1662.3,5,83.12,1579.18,1388.3,Pending,0,0.0,Direct,UPI/Online
ORD101071,2024-11-04,Nov-2024,West,Goa,Panaji,D024,Panaji Marketing,Distributor,OUT0187,Convenience Store,SP004_Sneha,Dairy & Food Staples,DailyFresh Ghee 500ml,285.06,5,1425.3,5,71.26,1354.04,1343.49,Delivered,0,0.0,Indirect,Cash
ORD103335,2024-11-04,Nov-2024,South,Karnataka,Mysuru,D017,Mysuru Enterprises,Distributor,OUT0077,Wholesale Shop,SP009_Karan,Dairy & Food Staples,PureDrop Milk 500ml,332.54,28,9311.12,8,744.89,8566.23,7954.31,Delivered,0,0.0,Indirect,UPI/Online
ORD102247,2024-11-04,Nov-2024,East,Odisha,Bhubaneswar,D007,Bhubaneswar Distribution Co,Super Stockist,OUT0193,Modern Trade,SP019_Deepak,Snacks & Confectionery,SweetPuff Biscuit 100g,197.33,40,7893.2,5,394.66,7498.54,6795.91,Delivered,0,0.0,Indirect,UPI/Online
ORD103039,2024-11-04,Nov-2024,East,Odisha,Bhubaneswar,D028,Bhubaneswar Distribution Co,Wholesaler,OUT0156,Modern Trade,SP015_Arjun,Snacks & Confectionery,CrispBite Chips 50g,343.91,22,7566.02,2,151.32,7414.7,7369.94,Delivered,0,0.0,Direct,Credit
ORD103717,2024-11-04,Nov-2024,West,Rajasthan,Jodhpur,D013,Jodhpur Distribution Co,Super Stockist,OUT0093,Supermarket,SP010_Pooja,Home Care,ShineFloor Cleaner 1L,157.16,20,3143.2,8,251.46,2891.74,2517.51,Cancelled,0,0.0,Direct,Cash
ORD102171,2024-11-04,Nov-2024,East,West Bengal,Kolkata,D006,Kolkata Enterprises,Distributor,OUT0127,Modern Trade,SP017_Sanjay,Beverages,MintCool Soda 300ml,275.03,31,8525.93,2,170.52,8355.41,8585.33,Pending,0,0.0,Indirect,Credit
ORD101353,2024-11-04,Nov-2024,North,Delhi,New Delhi,D003,New Delhi Traders,Super Stockist,OUT0032,Wholesale Shop,SP024_Sneha,Dairy & Food Staples,DailyFresh Ghee 500ml,76.46,24,1835.04,5,91.75,1743.29,1935.12,Delivered,0,0.0,Indirect,Cash
ORD102980,2024-11-04,Nov-2024,Central,Chhattisgarh,Raipur,D022,Raipur Agencies,Super Stockist,OUT0182,Supermarket,SP001_Rahul,Snacks & Confectionery,CrispBite Chips 50g,326.3,20,6526.0,10,652.6,5873.4,5643.69,Delivered,0,0.0,Indirect,UPI/Online
ORD101404,2024-11-05,Nov-2024,South,Telangana,Hyderabad,D012,Hyderabad Traders,Super Stockist,OUT0042,Modern Trade,SP025_Vikram,Home Care,SparkleShine Dishwash 500ml,315.62,16,5049.92,0,0.0,5049.92,4548.05,Delivered,0,0.0,Direct,Credit
ORD101511,2024-11-05,Nov-2024,North,Punjab,Ludhiana,D015,Ludhiana Traders,Distributor,OUT0020,Wholesale Shop,SP026_Anjali,Home Care,ShineFloor Cleaner 1L,132.76,18,2389.68,0,0.0,2389.68,2496.75,Delivered,0,0.0,Direct,UPI/Online
ORD102293,2024-11-05,Nov-2024,Central,Madhya Pradesh,Jabalpur,D030,Jabalpur Distribution Co,Distributor,OUT0145,Supermarket,SP028_Neha,Beverages,MintCool Soda 300ml,316.11,37,11696.07,10,1169.61,10526.46,10436.14,Cancelled,0,0.0,Indirect,UPI/Online
ORD102284,2024-11-05,Nov-2024,Central,Chhattisgarh,Raipur,D009,Raipur Enterprises,Wholesaler,OUT0121,Kirana/General Store,SP029_Karan,Beverages,OrangeZest Juice 1L,270.97,34,9212.98,8,737.04,8475.94,8237.19,Delivered,0,0.0,Direct,UPI/Online
ORD102009,2024-11-05,Nov-2024,North,Uttar Pradesh,Lucknow,D008,Lucknow Distribution Co,Distributor,OUT0092,Convenience Store,SP033_Manoj,Personal Care,SilkTouch Lotion 200ml,122.22,14,1711.08,5,85.55,1625.53,1700.38,Delivered,0,0.0,Direct,Cash
ORD100864,2024-11-05,Nov-2024,Central,Madhya Pradesh,Jabalpur,D030,Jabalpur Distribution Co,Distributor,OUT0002,Convenience Store,SP027_Suresh,Dairy & Food Staples,SunRice Basmati 1kg,306.13,31,9490.03,12,1138.8,8351.23,7925.76,Returned,4,1224.52,Indirect,Credit
ORD101801,2024-11-05,Nov-2024,Central,Chhattisgarh,Raipur,D026,Raipur Agencies,Distributor,OUT0039,Modern Trade,SP020_Shreya,Beverages,MintCool Soda 300ml,162.84,25,4071.0,0,0.0,4071.0,5014.26,Delivered,0,0.0,Direct,UPI/Online
ORD102794,2024-11-05,Nov-2024,South,Tamil Nadu,Coimbatore,D023,Coimbatore Marketing,Super Stockist,OUT0108,Convenience Store,SP017_Sanjay,Personal Care,SilkTouch Lotion 200ml,171.51,22,3773.22,0,0.0,3773.22,3691.75,Delivered,0,0.0,Direct,Cash
ORD100686,2024-11-05,Nov-2024,South,Telangana,Hyderabad,D012,Hyderabad Traders,Super Stockist,OUT0166,Wholesale Shop,SP038_Rina,Home Care,PureAir Freshener 250ml,202.28,38,7686.64,0,0.0,7686.64,8194.82,Delivered,0,0.0,Indirect,Credit
ORD100977,2024-11-05,Nov-2024,Central,Madhya Pradesh,Bhopal,D029,Bhopal Distribution Co,Super Stockist,OUT0131,Supermarket,SP028_Neha,Beverages,OrangeZest Juice 1L,78.91,35,2761.85,0,0.0,2761.85,3390.19,Delivered,0,0.0,Direct,UPI/Online
ORD100630,2024-11-06,Nov-2024,Central,Chhattisgarh,Raipur,D009,Raipur Enterprises,Wholesaler,OUT0121,Kirana/General Store,SP039_Deepak,Home Care,SparkleShine Dishwash 500ml,76.41,48,3667.68,0,0.0,3667.68,3264.6,Delivered,0,0.0,Direct,Credit
ORD103364,2024-11-06,Nov-2024,Central,Chhattisgarh,Raipur,D009,Raipur Enterprises,Wholesaler,OUT0153,Supermarket,SP018_Rina,Personal Care,FreshBreath Toothpaste 150g,122.47,17,2081.99,8,166.56,1915.43,2296.02,Delivered,0,0.0,Indirect,UPI/Online
ORD103591,2024-11-06,Nov-2024,Central,Chhattisgarh,Raipur,D005,Raipur Enterprises,Wholesaler,OUT0136,Kirana/General Store,SP018_Rina,Snacks & Confectionery,ChocoNut Bar 40g,329.05,10,3290.5,2,65.81,3224.69,2913.94,Delivered,0,0.0,Direct,UPI/Online
ORD102761,2024-11-06,Nov-2024,Central,Madhya Pradesh,Bhopal,D029,Bhopal Distribution Co,Super Stockist,OUT0104,Supermarket,SP026_Anjali,Snacks & Confectionery,SweetPuff Biscuit 100g,347.64,22,7648.08,0,0.0,7648.08,7493.79,Delivered,0,0.0,Indirect,Credit
ORD101449,2024-11-06,Nov-2024,West,Goa,Panaji,D019,Panaji Traders,Distributor,OUT0026,Supermarket,SP024_Sneha,Home Care,SparkleShine Dishwash 500ml,271.88,49,13322.12,0,0.0,13322.12,13827.54,Delivered,0,0.0,Direct,Credit
ORD101587,2024-11-06,Nov-2024,Central,Madhya Pradesh,Jabalpur,D004,Jabalpur Traders,Wholesaler,OUT0099,Kirana/General Store,SP005_Vikram,Home Care,SparkleShine Dishwash 500ml,176.02,34,5984.68,10,598.47,5386.21,4604.52,Delivered,0,0.0,Indirect,Credit
ORD103776,2024-11-06,Nov-2024,North,Delhi,New Delhi,D003,New Delhi Traders,Super Stockist,OUT0122,Modern Trade,SP032_Divya,Dairy & Food Staples,SunRice Basmati 1kg,257.58,20,5151.6,8,412.13,4739.47,4870.26,Delivered,0,0.0,Indirect,UPI/Online
ORD102363,2024-11-06,Nov-2024,Central,Madhya Pradesh,Bhopal,D029,Bhopal Distribution Co,Super Stockist,OUT0148,Modern Trade,SP011_Ravi,Home Care,PureAir Freshener 250ml,243.01,11,2673.11,0,0.0,2673.11,2683.1,Delivered,0,0.0,Indirect,Credit
ORD102584,2024-11-06,Nov-2024,Central,Chhattisgarh,Raipur,D009,Raipur Enterprises,Wholesaler,OUT0013,Wholesale Shop,SP005_Vikram,Dairy & Food Staples,DailyFresh Ghee 500ml,51.97,16,831.52,10,83.15,748.37,692.13,Delivered,0,0.0,Indirect,UPI/Online
ORD100655,2024-11-06,Nov-2024,East,Odisha,Bhubaneswar,D007,Bhubaneswar Distribution Co,Super Stockist,OUT0050,Wholesale Shop,SP012_Divya,Home Care,ShineFloor Cleaner 1L,326.52,26,8489.52,2,169.79,8319.73,7343.32,Delivered,0,0.0,Indirect,Credit
ORD101136,2024-11-06,Nov-2024,Central,Chhattisgarh,Raipur,D021,Raipur Traders,Super Stockist,OUT0126,Convenience Store,SP020_Shreya,Beverages,MintCool Soda 300ml,157.25,32,5032.0,10,503.2,4528.8,4195.98,Delivered,0,0.0,Indirect,Credit
ORD103339,2024-11-06,Nov-2024,Central,Madhya Pradesh,Bhopal,D029,Bhopal Distribution Co,Super Stockist,OUT0138,Kirana/General Store,SP033_Manoj,Home Care,PureAir Freshener 250ml,91.74,22,2018.28,8,161.46,1856.82,2103.38,Delivered,0,0.0,Indirect,Credit
ORD103197,2024-11-07,Nov-2024,North,Delhi,New Delhi,D003,New Delhi Traders,Super Stockist,OUT0006,Kirana/General Store,SP040_Shreya,Home Care,PureAir Freshener 250ml,240.56,40,9622.4,0,0.0,9622.4,9373.49,Pending,0,0.0,Indirect,Cash
ORD103202,2024-11-07,Nov-2024,Central,Madhya Pradesh,Jabalpur,D004,Jabalpur Traders,Wholesaler,OUT0130,Kirana/General Store,SP019_Deepak,Personal Care,GlowSoft Soap 100g,102.02,35,3570.7,5,178.54,3392.16,3381.05,Delivered,0,0.0,Indirect,Cash
ORD103940,2024-11-07,Nov-2024,North,Punjab,Ludhiana,D015,Ludhiana Traders,Distributor,OUT0055,Wholesale Shop,SP032_Divya,Home Care,ShineFloor Cleaner 1L,217.62,19,4134.78,2,82.7,4052.08,4324.56,Delivered,0,0.0,Indirect,Credit
ORD103667,2024-11-07,Nov-2024,South,Karnataka,Bengaluru,D002,Bengaluru Marketing,Distributor,OUT0179,Modern Trade,SP019_Deepak,Personal Care,GlowSoft Soap 100g,293.36,32,9387.52,0,0.0,9387.52,11226.85,Delivered,0,0.0,Indirect,Credit
ORD101723,2024-11-07,Nov-2024,Central,Chhattisgarh,Raipur,D022,Raipur Agencies,Super Stockist,OUT0194,Modern Trade,SP014_Kavita,Personal Care,FreshBreath Toothpaste 150g,269.98,16,4319.68,8,345.57,3974.11,4295.76,Delivered,0,0.0,Indirect,UPI/Online
ORD102240,2024-11-07,Nov-2024,Central,Chhattisgarh,Raipur,D009,Raipur Enterprises,Wholesaler,OUT0066,Modern Trade,SP026_Anjali,Personal Care,ShinyLocks Shampoo 200ml,262.59,53,13917.27,0,0.0,13917.27,13481.42,Delivered,0,0.0,Direct,Credit
ORD101705,2024-11-07,Nov-2024,South,Tamil Nadu,Coimbatore,D020,Coimbatore Marketing,Distributor,OUT0098,Wholesale Shop,SP009_Karan,Beverages,MintCool Soda 300ml,287.13,12,3445.56,2,68.91,3376.65,3370.86,Delivered,0,0.0,Direct,Credit
ORD102359,2024-11-07,Nov-2024,North,Punjab,Ludhiana,D015,Ludhiana Traders,Distributor,OUT0095,Convenience Store,SP008_Neha,Dairy & Food Staples,DailyFresh Ghee 500ml,96.02,45,4320.9,2,86.42,4234.48,4605.17,Returned,8,768.16,Direct,Cash
ORD100562,2024-11-07,Nov-2024,East,Odisha,Bhubaneswar,D007,Bhubaneswar Distribution Co,Super Stockist,OUT0178,Convenience Store,SP019_Deepak,Snacks & Confectionery,ChocoNut Bar 40g,95.69,6,574.14,0,0.0,574.14,711.49,Delivered,0,0.0,Direct,Credit
ORD101733,2024-11-08,Nov-2024,South,Telangana,Hyderabad,D012,Hyderabad Traders,Super Stockist,OUT0142,Wholesale Shop,SP018_Rina,Personal Care,GlowSoft Soap 100g,112.69,51,5747.19,0,0.0,5747.19,6135.15,Delivered,0,0.0,Indirect,Credit
ORD103626,2024-11-08,Nov-2024,Central,Chhattisgarh,Raipur,D026,Raipur Agencies,Distributor,OUT0152,Supermarket,SP039_Deepak,Dairy & Food Staples,GoldenGrain Atta 5kg,115.87,7,811.09,5,40.55,770.54,699.94,Delivered,0,0.0,Indirect,UPI/Online
ORD102511,2024-11-08,Nov-2024,Central,Madhya Pradesh,Bhopal,D029,Bhopal Distribution Co,Super Stockist,OUT0114,Kirana/General Store,SP002_Amit,Personal Care,FreshBreath Toothpaste 150g,60.34,27,1629.18,0,0.0,1629.18,1679.12,Delivered,0,0.0,Direct,Cash
ORD103589,2024-11-08,Nov-2024,South,Tamil Nadu,Coimbatore,D023,Coimbatore Marketing,Super Stockist,OUT0108,Convenience Store,SP012_Divya,Home Care,CleanWave Detergent 1kg,330.38,18,5946.84,0,0.0,5946.84,6255.16,Delivered,0,0.0,Indirect,UPI/Online
ORD103166,2024-11-08,Nov-2024,West,Goa,Panaji,D019,Panaji Traders,Distributor,OUT0037,Modern Trade,SP012_Divya,Home Care,SparkleShine Dishwash 500ml,319.91,13,4158.83,8,332.71,3826.12,4347.8,Delivered,0,0.0,Direct,Cash
ORD102598,2024-11-08,Nov-2024,Central,Madhya Pradesh,Bhopal,D029,Bhopal Distribution Co,Super Stockist,OUT0112,Supermarket,SP026_Anjali,Personal Care,GlowSoft Soap 100g,268.07,13,3484.91,2,69.7,3415.21,3671.28,Delivered,0,0.0,Indirect,Cash
ORD101701,2024-11-08,Nov-2024,North,Delhi,New Delhi,D001,New Delhi Traders,Super Stockist,OUT0180,Wholesale Shop,SP039_Deepak,Beverages,OrangeZest Juice 1L,52.73,9,474.57,0,0.0,474.57,437.84,Delivered,0,0.0,Indirect,Credit
ORD100933,2024-11-08,Nov-2024,North,Uttar Pradesh,Lucknow,D010,Lucknow Marketing,Distributor,OUT0117,Wholesale Shop,SP013_Manoj,Snacks & Confectionery,SweetPuff Biscuit 100g,77.41,45,3483.45,2,69.67,3413.78,4262.07,Delivered,0,0.0,Direct,Credit
ORD100100,2024-11-08,Nov-2024,Central,Chhattisgarh,Raipur,D021,Raipur Traders,Super Stockist,OUT0057,Wholesale Shop,SP027_Suresh,Beverages,MintCool Soda 300ml,32.11,35,1123.85,2,22.48,1101.37,983.38,Delivered,0,0.0,Indirect,Credit
ORD103974,2024-11-08,Nov-2024,West,Gujarat,Surat,D027,Surat Agencies,Wholesaler,OUT0058,Kirana/General Store,SP036_Meera,Beverages,MintCool Soda 300ml,166.92,26,4339.92,5,217.0,4122.92,4816.57,Returned,4,667.68,Indirect,Credit
ORD102987,2024-11-08,Nov-2024,Central,Madhya Pradesh,Bhopal,D029,Bhopal Distribution Co,Super Stockist,OUT0138,Kirana/General Store,SP002_Amit,Snacks & Confectionery,CrispBite Chips 100g,123.02,13,1599.26,8,127.94,1471.32,1528.95,Pending,0,0.0,Indirect,UPI/Online
ORD100206,2024-11-09,Nov-2024,North,Delhi,New Delhi,D003,New Delhi Traders,Super Stockist,OUT0023,Convenience Store,SP031_Ravi,Beverages,OrangeZest Juice 1L,150.98,24,3623.52,8,289.88,3333.64,3056.92,Delivered,0,0.0,Direct,UPI/Online
ORD103478,2024-11-09,Nov-2024,Central,Chhattisgarh,Raipur,D022,Raipur Agencies,Super Stockist,OUT0141,Kirana/General Store,SP039_Deepak,Personal Care,GlowSoft Soap 100g,326.06,15,4890.9,2,97.82,4793.08,5620.08,Delivered,0,0.0,Indirect,Cash
ORD100855,2024-11-09,Nov-2024,Central,Madhya Pradesh,Bhopal,D029,Bhopal Distribution Co,Super Stockist,OUT0131,Supermarket,SP024_Sneha,Home Care,SparkleShine Dishwash 500ml,208.38,19,3959.22,0,0.0,3959.22,4867.26,Delivered,0,0.0,Indirect,Cash
ORD102183,2024-11-09,Nov-2024,North,Delhi,New Delhi,D003,New Delhi Traders,Super Stockist,OUT0032,Wholesale Shop,SP006_Anjali,Beverages,FreshSip Cola 500ml,74.0,17,1258.0,5,62.9,1195.1,1061.22,Delivered,0,0.0,Direct,UPI/Online
ORD102420,2024-11-09,Nov-2024,North,Uttar Pradesh,Lucknow,D008,Lucknow Distribution Co,Distributor,OUT0157,Supermarket,SP003_Priya,Snacks & Confectionery,SweetPuff Biscuit 100g,347.6,38,13208.8,0,0.0,13208.8,16074.38,Delivered,0,0.0,Indirect,UPI/Online
ORD103088,2024-11-09,Nov-2024,North,Delhi,New Delhi,D003,New Delhi Traders,Super Stockist,OUT0032,Wholesale Shop,SP017_Sanjay,Home Care,SparkleShine Dishwash 500ml,329.65,19,6263.35,2,125.27,6138.08,6306.01,Delivered,0,0.0,Indirect,Cash
ORD103858,2024-11-09,Nov-2024,West,Rajasthan,Jodhpur,D013,Jodhpur Distribution Co,Super Stockist,OUT0163,Convenience Store,SP012_Divya,Personal Care,FreshBreath Toothpaste 150g,195.55,26,5084.3,2,101.69,4982.61,5211.25,Delivered,0,0.0,Indirect,Cash
ORD101702,2024-11-09,Nov-2024,North,Punjab,Ludhiana,D015,Ludhiana Traders,Distributor,OUT0021,Kirana/General Store,SP003_Priya,Dairy & Food Staples,SunRice Basmati 1kg,24.61,28,689.08,0,0.0,689.08,716.9,Delivered,0,0.0,Indirect,Credit
ORD102795,2024-11-09,Nov-2024,North,Delhi,New Delhi,D001,New Delhi Traders,Super Stockist,OUT0110,Wholesale Shop,SP010_Pooja,Beverages,OrangeZest Juice 1L,107.56,54,5808.24,5,290.41,5517.83,6106.0,Delivered,0,0.0,Indirect,Credit
ORD101792,2024-11-10,Nov-2024,North,Uttar Pradesh,Lucknow,D008,Lucknow Distribution Co,Distributor,OUT0157,Supermarket,SP002_Amit,Personal Care,ShinyLocks Shampoo 200ml,135.88,23,3125.24,10,312.52,2812.72,3198.48,Delivered,0,0.0,Indirect,Cash
ORD101579,2024-11-10,Nov-2024,Central,Chhattisgarh,Raipur,D026,Raipur Agencies,Distributor,OUT0154,Kirana/General Store,SP017_Sanjay,Dairy & Food Staples,PureDrop Milk 500ml,80.73,39,3148.47,8,251.88,2896.59,3307.45,Delivered,0,0.0,Direct,UPI/Online
ORD100896,2024-11-10,Nov-2024,Central,Madhya Pradesh,Jabalpur,D025,Jabalpur Agencies,Wholesaler,OUT0165,Convenience Store,SP003_Priya,Beverages,MintCool Soda 300ml,245.23,22,5395.06,5,269.75,5125.31,5003.67,Delivered,0,0.0,Indirect,Cash
ORD102077,2024-11-10,Nov-2024,East,Odisha,Bhubaneswar,D028,Bhubaneswar Distribution Co,Wholesaler,OUT0146,Supermarket,SP003_Priya,Beverages,OrangeZest Juice 1L,211.14,22,4645.08,5,232.25,4412.83,3808.24,Delivered,0,0.0,Indirect,Credit
ORD100666,2024-11-10,Nov-2024,Central,Madhya Pradesh,Jabalpur,D030,Jabalpur Distribution Co,Distributor,OUT0002,Convenience Store,SP040_Shreya,Dairy & Food Staples,PureDrop Milk 500ml,189.77,23,4364.71,5,218.24,4146.47,3923.06,Delivered,0,0.0,Indirect,Credit
ORD102485,2024-11-10,Nov-2024,Central,Madhya Pradesh,Bhopal,D029,Bhopal Distribution Co,Super Stockist,OUT0148,Modern Trade,SP001_Rahul,Dairy & Food Staples,GoldenGrain Atta 5kg,268.33,53,14221.49,2,284.43,13937.06,13454.61,Cancelled,0,0.0,Indirect,UPI/Online
ORD103297,2024-11-10,Nov-2024,Central,Madhya Pradesh,Bhopal,D029,Bhopal Distribution Co,Super Stockist,OUT0131,Supermarket,SP008_Neha,Home Care,PureAir Freshener 250ml,174.98,14,2449.72,10,244.97,2204.75,2436.93,Pending,0,0.0,Indirect,Credit
ORD102746,2024-11-11,Nov-2024,West,Rajasthan,Jodhpur,D013,Jodhpur Distribution Co,Super Stockist,OUT0093,Supermarket,SP029_Karan,Home Care,ShineFloor Cleaner 1L,101.75,28,2849.0,0,0.0,2849.0,2854.3,Delivered,0,0.0,Indirect,UPI/Online
ORD103749,2024-11-11,Nov-2024,South,Karnataka,Bengaluru,D002,Bengaluru Marketing,Distributor,OUT0074,Convenience Store,SP001_Rahul,Dairy & Food Staples,DailyFresh Ghee 500ml,292.11,14,4089.54,0,0.0,4089.54,4625.67,Delivered,0,0.0,Direct,Cash
ORD102403,2024-11-11,Nov-2024,Central,Chhattisgarh,Raipur,D005,Raipur Enterprises,Wholesaler,OUT0135,Modern Trade,SP039_Deepak,Beverages,OrangeZest Juice 1L,315.15,25,7878.75,5,393.94,7484.81,6468.89,Delivered,0,0.0,Direct,Credit
ORD101547,2024-11-11,Nov-2024,North,Uttar Pradesh,Lucknow,D008,Lucknow Distribution Co,Distributor,OUT0038,Modern Trade,SP010_Pooja,Personal Care,FreshBreath Toothpaste 150g,168.69,5,843.45,0,0.0,843.45,998.84,Delivered,0,0.0,Direct,Credit
ORD101729,2024-11-11,Nov-2024,North,Uttar Pradesh,Lucknow,D010,Lucknow Marketing,Distributor,OUT0071,Supermarket,SP039_Deepak,Personal Care,FreshBreath Toothpaste 150g,313.4,21,6581.4,0,0.0,6581.4,6581.31,Delivered,0,0.0,Indirect,UPI/Online
ORD103549,2024-11-11,Nov-2024,Central,Madhya Pradesh,Jabalpur,D030,Jabalpur Distribution Co,Distributor,OUT0145,Supermarket,SP003_Priya,Snacks & Confectionery,CrispBite Chips 100g,242.59,69,16738.71,10,1673.87,15064.84,13046.97,Delivered,0,0.0,Direct,Cash
ORD102385,2024-11-11,Nov-2024,West,Goa,Panaji,D024,Panaji Marketing,Distributor,OUT0187,Convenience Store,SP037_Sanjay,Personal Care,SilkTouch Lotion 200ml,105.1,24,2522.4,0,0.0,2522.4,3137.24,Delivered,0,0.0,Indirect,Credit
ORD102380,2024-11-11,Nov-2024,Central,Madhya Pradesh,Jabalpur,D004,Jabalpur Traders,Wholesaler,OUT0099,Kirana/General Store,SP020_Shreya,Personal Care,SilkTouch Lotion 200ml,87.73,21,1842.33,5,92.12,1750.21,1728.58,Delivered,0,0.0,Direct,Cash
ORD103080,2024-11-11,Nov-2024,Central,Chhattisgarh,Raipur,D026,Raipur Agencies,Distributor,OUT0048,Kirana/General Store,SP037_Sanjay,Home Care,ShineFloor Cleaner 1L,214.42,39,8362.38,2,167.25,8195.13,8328.73,Delivered,0,0.0,Direct,UPI/Online
ORD103643,2024-11-11,Nov-2024,South,Telangana,Hyderabad,D012,Hyderabad Traders,Super Stockist,OUT0105,Convenience Store,SP037_Sanjay,Home Care,CleanWave Detergent 1kg,176.83,39,6896.37,0,0.0,6896.37,6700.43,Delivered,0,0.0,Indirect,Credit
ORD102350,2024-11-11,Nov-2024,South,Karnataka,Bengaluru,D002,Bengaluru Marketing,Distributor,OUT0179,Modern Trade,SP017_Sanjay,Dairy & Food Staples,PureDrop Milk 500ml,325.61,63,20513.43,2,410.27,20103.16,22506.19,Delivered,0,0.0,Direct,UPI/Online
ORD101181,2024-11-12,Nov-2024,Central,Madhya Pradesh,Bhopal,D029,Bhopal Distribution Co,Super Stockist,OUT0139,Convenience Store,SP013_Manoj,Dairy & Food Staples,PureDrop Milk 500ml,28.15,18,506.7,2,10.13,496.57,434.32,Delivered,0,0.0,Indirect,UPI/Online
ORD102140,2024-11-12,Nov-2024,South,Tamil Nadu,Coimbatore,D020,Coimbatore Marketing,Distributor,OUT0185,Convenience Store,SP007_Suresh,Snacks & Confectionery,ChocoNut Bar 40g,166.02,42,6972.84,5,348.64,6624.2,6515.14,Delivered,0,0.0,Direct,Cash
ORD100924,2024-11-12,Nov-2024,West,Rajasthan,Jodhpur,D013,Jodhpur Distribution Co,Super Stockist,OUT0093,Supermarket,SP014_Kavita,Dairy & Food Staples,GoldenGrain Atta 5kg,321.03,20,6420.6,5,321.03,6099.57,6939.82,Delivered,0,0.0,Indirect,UPI/Online
ORD100215,2024-11-12,Nov-2024,Central,Chhattisgarh,Raipur,D009,Raipur Enterprises,Wholesaler,OUT0164,Kirana/General Store,SP019_Deepak,Beverages,MintCool Soda 300ml,142.44,20,2848.8,0,0.0,2848.8,3080.89,Pending,0,0.0,Indirect,UPI/Online
ORD103821,2024-11-12,Nov-2024,West,Rajasthan,Jodhpur,D013,Jodhpur Distribution Co,Super Stockist,OUT0155,Kirana/General Store,SP017_Sanjay,Snacks & Confectionery,ChocoNut Bar 40g,177.59,24,4262.16,0,0.0,4262.16,4899.34,Delivered,0,0.0,Indirect,Credit
ORD100950,2024-11-12,Nov-2024,Central,Chhattisgarh,Raipur,D005,Raipur Enterprises,Wholesaler,OUT0011,Modern Trade,SP005_Vikram,Personal Care,FreshBreath Toothpaste 150g,222.78,10,2227.8,2,44.56,2183.24,2453.72,Delivered,0,0.0,Direct,UPI/Online
ORD103721,2024-11-12,Nov-2024,Central,Chhattisgarh,Raipur,D026,Raipur Agencies,Distributor,OUT0152,Supermarket,SP016_Meera,Snacks & Confectionery,ChocoNut Bar 40g,302.21,31,9368.51,8,749.48,8619.03,7520.02,Delivered,0,0.0,Direct,Credit
ORD101155,2024-11-12,Nov-2024,West,Rajasthan,Jodhpur,D013,Jodhpur Distribution Co,Super Stockist,OUT0167,Wholesale Shop,SP026_Anjali,Home Care,PureAir Freshener 250ml,159.71,18,2874.78,2,57.5,2817.28,3007.59,Delivered,0,0.0,Indirect,UPI/Online
ORD102814,2024-11-12,Nov-2024,East,West Bengal,Kolkata,D006,Kolkata Enterprises,Distributor,OUT0064,Modern Trade,SP029_Karan,Dairy & Food Staples,SunRice Basmati 1kg,57.0,25,1425.0,8,114.0,1311.0,1624.26,Delivered,0,0.0,Indirect,UPI/Online
ORD103199,2024-11-12,Nov-2024,Central,Chhattisgarh,Raipur,D005,Raipur Enterprises,Wholesaler,OUT0102,Convenience Store,SP039_Deepak,Home Care,CleanWave Detergent 1kg,77.37,19,1470.03,5,73.5,1396.53,1522.85,Delivered,0,0.0,Indirect,UPI/Online
ORD100482,2024-11-12,Nov-2024,East,Odisha,Bhubaneswar,D028,Bhubaneswar Distribution Co,Wholesaler,OUT0156,Modern Trade,SP016_Meera,Home Care,CleanWave Detergent 1kg,331.67,46,15256.82,0,0.0,15256.82,17551.08,Delivered,0,0.0,Direct,Credit
ORD101230,2024-11-13,Nov-2024,South,Telangana,Hyderabad,D012,Hyderabad Traders,Super Stockist,OUT0159,Convenience Store,SP002_Amit,Beverages,OrangeZest Juice 1L,111.5,24,2676.0,8,214.08,2461.92,2442.51,Delivered,0,0.0,Indirect,UPI/Online
ORD101531,2024-11-13,Nov-2024,East,Bihar,Patna,D014,Patna Distribution Co,Wholesaler,OUT0175,Wholesale Shop,SP021_Rahul,Snacks & Confectionery,SweetPuff Biscuit 100g,154.17,24,3700.08,8,296.01,3404.07,3067.54,Delivered,0,0.0,Direct,UPI/Online
ORD103507,2024-11-13,Nov-2024,South,Tamil Nadu,Coimbatore,D020,Coimbatore Marketing,Distributor,OUT0109,Wholesale Shop,SP002_Amit,Beverages,MintCool Soda 300ml,257.22,18,4629.96,0,0.0,4629.96,4052.19,Delivered,0,0.0,Indirect,Cash
ORD102353,2024-11-13,Nov-2024,East,Odisha,Bhubaneswar,D028,Bhubaneswar Distribution Co,Wholesaler,OUT0014,Wholesale Shop,SP028_Neha,Dairy & Food Staples,GoldenGrain Atta 5kg,115.8,29,3358.2,0,0.0,3358.2,3527.78,Delivered,0,0.0,Direct,Credit
ORD101533,2024-11-13,Nov-2024,Central,Madhya Pradesh,Jabalpur,D025,Jabalpur Agencies,Wholesaler,OUT0165,Convenience Store,SP001_Rahul,Beverages,FreshSip Cola 500ml,151.51,14,2121.14,8,169.69,1951.45,1693.0,Delivered,0,0.0,Indirect,UPI/Online
ORD103065,2024-11-13,Nov-2024,Central,Madhya Pradesh,Bhopal,D029,Bhopal Distribution Co,Super Stockist,OUT0104,Supermarket,SP034_Kavita,Home Care,ShineFloor Cleaner 1L,34.89,7,244.23,5,12.21,232.02,263.41,Delivered,0,0.0,Indirect,UPI/Online
ORD101261,2024-11-14,Nov-2024,South,Tamil Nadu,Coimbatore,D020,Coimbatore Marketing,Distributor,OUT0087,Kirana/General Store,SP024_Sneha,Home Care,ShineFloor Cleaner 1L,284.54,16,4552.64,5,227.63,4325.01,4122.07,Delivered,0,0.0,Indirect,Credit
ORD103729,2024-11-14,Nov-2024,South,Tamil Nadu,Coimbatore,D023,Coimbatore Marketing,Super Stockist,OUT0018,Convenience Store,SP026_Anjali,Snacks & Confectionery,CrispBite Chips 100g,324.58,26,8439.08,5,421.95,8017.13,9434.24,Delivered,0,0.0,Direct,Cash
ORD100834,2024-11-14,Nov-2024,South,Tamil Nadu,Coimbatore,D020,Coimbatore Marketing,Distributor,OUT0144,Supermarket,SP036_Meera,Dairy & Food Staples,PureDrop Milk 500ml,232.12,42,9749.04,10,974.9,8774.14,10784.07,Delivered,0,0.0,Direct,Credit
ORD103503,2024-11-14,Nov-2024,West,Goa,Panaji,D019,Panaji Traders,Distributor,OUT0026,Supermarket,SP005_Vikram,Dairy & Food Staples,GoldenGrain Atta 5kg,307.37,12,3688.44,8,295.08,3393.36,4095.49,Delivered,0,0.0,Direct,Credit
ORD102579,2024-11-14,Nov-2024,North,Uttar Pradesh,Lucknow,D008,Lucknow Distribution Co,Distributor,OUT0054,Kirana/General Store,SP008_Neha,Dairy & Food Staples,DailyFresh Ghee 500ml,285.5,13,3711.5,2,74.23,3637.27,3843.94,Delivered,0,0.0,Direct,Cash
ORD103388,2024-11-14,Nov-2024,Central,Madhya Pradesh,Bhopal,D029,Bhopal Distribution Co,Super Stockist,OUT0114,Kirana/General Store,SP040_Shreya,Home Care,ShineFloor Cleaner 1L,83.04,34,2823.36,0,0.0,2823.36,3336.64,Delivered,0,0.0,Indirect,Credit
ORD103722,2024-11-14,Nov-2024,Central,Chhattisgarh,Raipur,D022,Raipur Agencies,Super Stockist,OUT0182,Supermarket,SP010_Pooja,Snacks & Confectionery,CrispBite Chips 100g,332.8,78,25958.4,12,3115.01,22843.39,22418.49,Delivered,0,0.0,Indirect,Credit
ORD103115,2024-11-15,Nov-2024,East,West Bengal,Kolkata,D006,Kolkata Enterprises,Distributor,OUT0060,Modern Trade,SP026_Anjali,Beverages,FreshSip Cola 500ml,349.42,34,11880.28,5,594.01,11286.27,9832.5,Delivered,0,0.0,Direct,Credit
ORD101046,2024-11-15,Nov-2024,North,Punjab,Amritsar,D018,Amritsar Traders,Wholesaler,OUT0132,Kirana/General Store,SP034_Kavita,Home Care,SparkleShine Dishwash 500ml,325.64,34,11071.76,2,221.44,10850.32,10040.89,Delivered,0,0.0,Indirect,UPI/Online
ORD102175,2024-11-15,Nov-2024,Central,Madhya Pradesh,Bhopal,D029,Bhopal Distribution Co,Super Stockist,OUT0003,Convenience Store,SP031_Ravi,Dairy & Food Staples,PureDrop Milk 500ml,209.16,21,4392.36,8,351.39,4040.97,4455.53,Delivered,0,0.0,Direct,Cash
ORD100873,2024-11-15,Nov-2024,West,Goa,Panaji,D024,Panaji Marketing,Distributor,OUT0007,Modern Trade,SP005_Vikram,Personal Care,SilkTouch Lotion 200ml,141.0,26,3666.0,8,293.28,3372.72,2958.6,Delivered,0,0.0,Direct,UPI/Online
ORD101043,2024-11-15,Nov-2024,South,Tamil Nadu,Coimbatore,D023,Coimbatore Marketing,Super Stockist,OUT0191,Convenience Store,SP034_Kavita,Beverages,FreshSip Cola 250ml,96.86,24,2324.64,5,116.23,2208.41,2014.68,Returned,6,581.16,Direct,UPI/Online
ORD101178,2024-11-15,Nov-2024,Central,Chhattisgarh,Raipur,D009,Raipur Enterprises,Wholesaler,OUT0171,Kirana/General Store,SP022_Amit,Dairy & Food Staples,SunRice Basmati 1kg,52.83,12,633.96,2,12.68,621.28,674.41,Delivered,0,0.0,Direct,Credit
ORD101489,2024-11-15,Nov-2024,South,Karnataka,Bengaluru,D002,Bengaluru Marketing,Distributor,OUT0074,Convenience Store,SP024_Sneha,Personal Care,GlowSoft Soap 100g,161.48,9,1453.32,10,145.33,1307.99,1220.63,Delivered,0,0.0,Direct,Credit
ORD100498,2024-11-15,Nov-2024,Central,Chhattisgarh,Raipur,D005,Raipur Enterprises,Wholesaler,OUT0102,Convenience Store,SP024_Sneha,Dairy & Food Staples,PureDrop Milk 500ml,285.68,8,2285.44,5,114.27,2171.17,2298.36,Delivered,0,0.0,Direct,UPI/Online
ORD102154,2024-11-15,Nov-2024,East,West Bengal,Kolkata,D006,Kolkata Enterprises,Distributor,OUT0106,Modern Trade,SP011_Ravi,Beverages,FreshSip Cola 500ml,270.47,24,6491.28,2,129.83,6361.45,6314.17,Delivered,0,0.0,Direct,UPI/Online
ORD103607,2024-11-15,Nov-2024,East,Odisha,Bhubaneswar,D028,Bhubaneswar Distribution Co,Wholesaler,OUT0031,Convenience Store,SP027_Suresh,Home Care,CleanWave Detergent 1kg,92.93,16,1486.88,0,0.0,1486.88,1364.65,Delivered,0,0.0,Indirect,Cash
ORD102587,2024-11-15,Nov-2024,North,Uttar Pradesh,Lucknow,D008,Lucknow Distribution Co,Distributor,OUT0161,Kirana/General Store,SP019_Deepak,Home Care,ShineFloor Cleaner 1L,195.57,24,4693.68,5,234.68,4459.0,5201.93,Delivered,0,0.0,Indirect,UPI/Online
ORD100799,2024-11-16,Nov-2024,West,Goa,Panaji,D024,Panaji Marketing,Distributor,OUT0047,Convenience Store,SP001_Rahul,Beverages,FreshSip Cola 500ml,218.08,10,2180.8,8,174.46,2006.34,2165.69,Returned,1,218.08,Direct,Credit
ORD101522,2024-11-16,Nov-2024,North,Delhi,New Delhi,D001,New Delhi Traders,Super Stockist,OUT0024,Wholesale Shop,SP010_Pooja,Snacks & Confectionery,CrispBite Chips 100g,346.33,19,6580.27,2,131.61,6448.66,7117.37,Delivered,0,0.0,Indirect,UPI/Online
ORD101346,2024-11-16,Nov-2024,West,Gujarat,Surat,D027,Surat Agencies,Wholesaler,OUT0160,Supermarket,SP025_Vikram,Beverages,FreshSip Cola 500ml,85.7,14,1199.8,12,143.98,1055.82,1087.53,Delivered,0,0.0,Direct,Cash
ORD101817,2024-11-16,Nov-2024,Central,Chhattisgarh,Raipur,D005,Raipur Enterprises,Wholesaler,OUT0135,Modern Trade,SP027_Suresh,Home Care,SparkleShine Dishwash 500ml,83.32,25,2083.0,0,0.0,2083.0,1831.18,Delivered,0,0.0,Indirect,UPI/Online
ORD102693,2024-11-16,Nov-2024,South,Karnataka,Mysuru,D017,Mysuru Enterprises,Distributor,OUT0079,Kirana/General Store,SP001_Rahul,Dairy & Food Staples,PureDrop Milk 500ml,75.03,7,525.21,10,52.52,472.69,539.67,Delivered,0,0.0,Direct,UPI/Online
ORD102018,2024-11-16,Nov-2024,Central,Madhya Pradesh,Jabalpur,D030,Jabalpur Distribution Co,Distributor,OUT0096,Kirana/General Store,SP022_Amit,Personal Care,FreshBreath Toothpaste 150g,101.12,17,1719.04,5,85.95,1633.09,1525.58,Delivered,0,0.0,Direct,Cash
ORD100823,2024-11-16,Nov-2024,North,Uttar Pradesh,Lucknow,D010,Lucknow Marketing,Distributor,OUT0137,Convenience Store,SP020_Shreya,Snacks & Confectionery,SweetPuff Biscuit 100g,46.31,22,1018.82,10,101.88,916.94,825.66,Delivered,0,0.0,Direct,Cash
ORD101223,2024-11-16,Nov-2024,South,Tamil Nadu,Coimbatore,D020,Coimbatore Marketing,Distributor,OUT0086,Kirana/General Store,SP022_Amit,Personal Care,ShinyLocks Shampoo 200ml,268.59,24,6446.16,5,322.31,6123.85,6778.56,Delivered,0,0.0,Direct,Cash
ORD100010,2024-11-16,Nov-2024,East,Odisha,Bhubaneswar,D007,Bhubaneswar Distribution Co,Super Stockist,OUT0062,Modern Trade,SP018_Rina,Personal Care,SilkTouch Lotion 200ml,112.71,10,1127.1,0,0.0,1127.1,1306.19,Returned,1,112.71,Indirect,Cash
ORD102733,2024-11-16,Nov-2024,Central,Chhattisgarh,Raipur,D005,Raipur Enterprises,Wholesaler,OUT0135,Modern Trade,SP021_Rahul,Snacks & Confectionery,ChocoNut Bar 40g,153.65,16,2458.4,2,49.17,2409.23,2809.65,Delivered,0,0.0,Indirect,UPI/Online
ORD103296,2024-11-16,Nov-2024,East,Odisha,Bhubaneswar,D007,Bhubaneswar Distribution Co,Super Stockist,OUT0178,Convenience Store,SP018_Rina,Beverages,FreshSip Cola 500ml,320.76,29,9302.04,5,465.1,8836.94,7818.85,Delivered,0,0.0,Direct,UPI/Online
ORD103484,2024-11-16,Nov-2024,Central,Chhattisgarh,Raipur,D026,Raipur Agencies,Distributor,OUT0151,Modern Trade,SP033_Manoj,Personal Care,GlowSoft Soap 100g,319.56,36,11504.16,0,0.0,11504.16,12915.16,Cancelled,0,0.0,Indirect,Cash
ORD101305,2024-11-16,Nov-2024,North,Uttar Pradesh,Lucknow,D008,Lucknow Distribution Co,Distributor,OUT0049,Supermarket,SP028_Neha,Dairy & Food Staples,GoldenGrain Atta 5kg,118.49,56,6635.44,0,0.0,6635.44,7579.04,Delivered,0,0.0,Indirect,Credit
ORD102698,2024-11-17,Nov-2024,Central,Chhattisgarh,Raipur,D022,Raipur Agencies,Super Stockist,OUT0069,Modern Trade,SP003_Priya,Home Care,SparkleShine Dishwash 500ml,98.2,35,3437.0,2,68.74,3368.26,3943.49,Delivered,0,0.0,Direct,UPI/Online
ORD103196,2024-11-17,Nov-2024,West,Rajasthan,Jodhpur,D013,Jodhpur Distribution Co,Super Stockist,OUT0163,Convenience Store,SP038_Rina,Beverages,MintCool Soda 300ml,249.62,63,15726.06,5,786.3,14939.76,14400.05,Delivered,0,0.0,Indirect,Cash
ORD102032,2024-11-17,Nov-2024,Central,Madhya Pradesh,Bhopal,D029,Bhopal Distribution Co,Super Stockist,OUT0148,Modern Trade,SP040_Shreya,Home Care,ShineFloor Cleaner 1L,200.08,17,3401.36,10,340.14,3061.22,3041.83,Delivered,0,0.0,Indirect,Credit
ORD103800,2024-11-17,Nov-2024,Central,Chhattisgarh,Raipur,D009,Raipur Enterprises,Wholesaler,OUT0164,Kirana/General Store,SP018_Rina,Home Care,CleanWave Detergent 1kg,32.92,14,460.88,8,36.87,424.01,493.31,Delivered,0,0.0,Indirect,UPI/Online
ORD100373,2024-11-17,Nov-2024,West,Gujarat,Surat,D027,Surat Agencies,Wholesaler,OUT0107,Wholesale Shop,SP026_Anjali,Home Care,ShineFloor Cleaner 1L,43.43,4,173.72,2,3.47,170.25,190.24,Returned,1,43.43,Indirect,Cash
ORD102159,2024-11-17,Nov-2024,Central,Madhya Pradesh,Jabalpur,D025,Jabalpur Agencies,Wholesaler,OUT0010,Supermarket,SP004_Sneha,Beverages,FreshSip Cola 250ml,331.58,13,4310.54,10,431.05,3879.49,4006.57,Pending,0,0.0,Direct,Cash
ORD103918,2024-11-18,Nov-2024,South,Karnataka,Mysuru,D017,Mysuru Enterprises,Distributor,OUT0077,Wholesale Shop,SP017_Sanjay,Beverages,FreshSip Cola 500ml,263.48,33,8694.84,12,1043.38,7651.46,7299.56,Pending,0,0.0,Direct,UPI/Online
ORD100301,2024-11-18,Nov-2024,East,West Bengal,Kolkata,D006,Kolkata Enterprises,Distributor,OUT0060,Modern Trade,SP030_Pooja,Beverages,FreshSip Cola 500ml,52.73,43,2267.39,5,113.37,2154.02,2361.65,Delivered,0,0.0,Direct,UPI/Online
ORD102065,2024-11-18,Nov-2024,North,Uttar Pradesh,Lucknow,D008,Lucknow Distribution Co,Distributor,OUT0085,Wholesale Shop,SP030_Pooja,Beverages,OrangeZest Juice 1L,325.65,8,2605.2,0,0.0,2605.2,2952.86,Returned,2,651.3,Indirect,UPI/Online
ORD103187,2024-11-18,Nov-2024,Central,Chhattisgarh,Raipur,D022,Raipur Agencies,Super Stockist,OUT0186,Kirana/General Store,SP034_Kavita,Personal Care,ShinyLocks Shampoo 200ml,160.86,57,9169.02,5,458.45,8710.57,9475.7,Delivered,0,0.0,Direct,UPI/Online
ORD103506,2024-11-18,Nov-2024,Central,Madhya Pradesh,Bhopal,D029,Bhopal Distribution Co,Super Stockist,OUT0103,Kirana/General Store,SP002_Amit,Personal Care,SilkTouch Lotion 200ml,108.88,36,3919.68,5,195.98,3723.7,4074.95,Delivered,0,0.0,Direct,Cash
ORD101320,2024-11-18,Nov-2024,Central,Madhya Pradesh,Jabalpur,D030,Jabalpur Distribution Co,Distributor,OUT0002,Convenience Store,SP004_Sneha,Beverages,MintCool Soda 300ml,42.98,31,1332.38,2,26.65,1305.73,1317.79,Delivered,0,0.0,Direct,Cash
ORD102779,2024-11-18,Nov-2024,East,West Bengal,Kolkata,D006,Kolkata Enterprises,Distributor,OUT0170,Wholesale Shop,SP006_Anjali,Personal Care,GlowSoft Soap 100g,313.53,5,1567.65,0,0.0,1567.65,1891.98,Delivered,0,0.0,Indirect,UPI/Online
ORD103070,2024-11-18,Nov-2024,North,Punjab,Amritsar,D018,Amritsar Traders,Wholesaler,OUT0198,Kirana/General Store,SP033_Manoj,Home Care,PureAir Freshener 250ml,145.91,22,3210.02,2,64.2,3145.82,2956.25,Delivered,0,0.0,Direct,Cash
ORD103269,2024-11-18,Nov-2024,East,Bihar,Patna,D014,Patna Distribution Co,Wholesaler,OUT0043,Modern Trade,SP024_Sneha,Beverages,MintCool Soda 300ml,184.15,34,6261.1,0,0.0,6261.1,6454.38,Delivered,0,0.0,Indirect,Cash
ORD102461,2024-11-18,Nov-2024,North,Uttar Pradesh,Lucknow,D008,Lucknow Distribution Co,Distributor,OUT0005,Wholesale Shop,SP011_Ravi,Home Care,SparkleShine Dishwash 500ml,287.22,60,17233.2,0,0.0,17233.2,20550.55,Delivered,0,0.0,Indirect,Cash
ORD103598,2024-11-18,Nov-2024,South,Karnataka,Mysuru,D017,Mysuru Enterprises,Distributor,OUT0077,Wholesale Shop,SP002_Amit,Beverages,MintCool Soda 300ml,153.43,4,613.72,5,30.69,583.03,699.39,Delivered,0,0.0,Indirect,Cash
ORD102375,2024-11-18,Nov-2024,West,Goa,Panaji,D019,Panaji Traders,Distributor,OUT0134,Wholesale Shop,SP040_Shreya,Personal Care,GlowSoft Soap 100g,61.06,17,1038.02,2,20.76,1017.26,987.0,Delivered,0,0.0,Indirect,Credit
ORD102904,2024-11-19,Nov-2024,Central,Madhya Pradesh,Bhopal,D029,Bhopal Distribution Co,Super Stockist,OUT0103,Kirana/General Store,SP030_Pooja,Snacks & Confectionery,ChocoNut Bar 40g,52.63,16,842.08,0,0.0,842.08,818.76,Delivered,0,0.0,Indirect,Cash
ORD102892,2024-11-19,Nov-2024,West,Goa,Panaji,D019,Panaji Traders,Distributor,OUT0134,Wholesale Shop,SP006_Anjali,Dairy & Food Staples,GoldenGrain Atta 5kg,55.5,28,1554.0,0,0.0,1554.0,1391.1,Delivered,0,0.0,Direct,Credit
ORD102872,2024-11-19,Nov-2024,Central,Chhattisgarh,Raipur,D009,Raipur Enterprises,Wholesaler,OUT0153,Supermarket,SP001_Rahul,Dairy & Food Staples,SunRice Basmati 1kg,166.14,28,4651.92,10,465.19,4186.73,5229.91,Pending,0,0.0,Indirect,Cash
ORD103873,2024-11-19,Nov-2024,North,Delhi,New Delhi,D001,New Delhi Traders,Super Stockist,OUT0027,Kirana/General Store,SP036_Meera,Beverages,MintCool Soda 300ml,65.35,10,653.5,8,52.28,601.22,570.9,Delivered,0,0.0,Indirect,Cash
ORD101466,2024-11-19,Nov-2024,West,Rajasthan,Jodhpur,D013,Jodhpur Distribution Co,Super Stockist,OUT0155,Kirana/General Store,SP036_Meera,Personal Care,FreshBreath Toothpaste 150g,161.68,12,1940.16,5,97.01,1843.15,2103.75,Delivered,0,0.0,Direct,UPI/Online
ORD101578,2024-11-19,Nov-2024,East,Odisha,Bhubaneswar,D028,Bhubaneswar Distribution Co,Wholesaler,OUT0156,Modern Trade,SP031_Ravi,Beverages,FreshSip Cola 250ml,159.55,37,5903.35,5,295.17,5608.18,6570.29,Cancelled,0,0.0,Indirect,Credit
ORD102211,2024-11-19,Nov-2024,Central,Chhattisgarh,Raipur,D026,Raipur Agencies,Distributor,OUT0147,Supermarket,SP032_Divya,Snacks & Confectionery,CrispBite Chips 100g,211.47,21,4440.87,8,355.27,4085.6,4984.97,Delivered,0,0.0,Indirect,Cash
ORD100934,2024-11-19,Nov-2024,North,Uttar Pradesh,Lucknow,D008,Lucknow Distribution Co,Distributor,OUT0092,Convenience Store,SP037_Sanjay,Personal Care,ShinyLocks Shampoo 200ml,176.6,8,1412.8,2,28.26,1384.54,1506.61,Delivered,0,0.0,Direct,Cash
ORD101900,2024-11-20,Nov-2024,East,West Bengal,Kolkata,D006,Kolkata Enterprises,Distributor,OUT0127,Modern Trade,SP040_Shreya,Home Care,PureAir Freshener 250ml,307.39,27,8299.53,0,0.0,8299.53,7847.09,Delivered,0,0.0,Direct,Credit
ORD103948,2024-11-20,Nov-2024,Central,Chhattisgarh,Raipur,D022,Raipur Agencies,Super Stockist,OUT0094,Convenience Store,SP038_Rina,Personal Care,SilkTouch Lotion 200ml,97.5,30,2925.0,0,0.0,2925.0,3322.03,Returned,2,195.0,Indirect,Credit
ORD100117,2024-11-20,Nov-2024,West,Goa,Panaji,D024,Panaji Marketing,Distributor,OUT0150,Convenience Store,SP034_Kavita,Dairy & Food Staples,DailyFresh Ghee 500ml,288.81,23,6642.63,2,132.85,6509.78,7817.47,Delivered,0,0.0,Direct,UPI/Online
ORD100575,2024-11-20,Nov-2024,Central,Madhya Pradesh,Jabalpur,D030,Jabalpur Distribution Co,Distributor,OUT0181,Wholesale Shop,SP019_Deepak,Personal Care,ShinyLocks Shampoo 200ml,208.39,32,6668.48,0,0.0,6668.48,6155.91,Delivered,0,0.0,Indirect,Cash
ORD102686,2024-11-20,Nov-2024,West,Rajasthan,Jodhpur,D013,Jodhpur Distribution Co,Super Stockist,OUT0163,Convenience Store,SP020_Shreya,Home Care,SparkleShine Dishwash 500ml,192.53,21,4043.13,8,323.45,3719.68,4146.45,Delivered,0,0.0,Indirect,Credit
ORD100509,2024-11-20,Nov-2024,West,Goa,Panaji,D024,Panaji Marketing,Distributor,OUT0150,Convenience Store,SP033_Manoj,Dairy & Food Staples,PureDrop Milk 500ml,186.03,22,4092.66,10,409.27,3683.39,4365.42,Delivered,0,0.0,Indirect,Cash
ORD101321,2024-11-20,Nov-2024,West,Goa,Panaji,D019,Panaji Traders,Distributor,OUT0037,Modern Trade,SP036_Meera,Snacks & Confectionery,CrispBite Chips 100g,28.73,75,2154.75,12,258.57,1896.18,1861.58,Pending,0,0.0,Direct,UPI/Online
ORD101961,2024-11-20,Nov-2024,West,Rajasthan,Jodhpur,D013,Jodhpur Distribution Co,Super Stockist,OUT0019,Convenience Store,SP031_Ravi,Snacks & Confectionery,SweetPuff Biscuit 100g,91.13,48,4374.24,0,0.0,4374.24,5415.41,Delivered,0,0.0,Direct,Cash
ORD102520,2024-11-20,Nov-2024,East,Odisha,Bhubaneswar,D007,Bhubaneswar Distribution Co,Super Stockist,OUT0140,Supermarket,SP022_Amit,Beverages,OrangeZest Juice 1L,300.8,17,5113.6,0,0.0,5113.6,5549.51,Returned,4,1203.2,Direct,Credit
ORD101556,2024-11-20,Nov-2024,West,Goa,Panaji,D024,Panaji Marketing,Distributor,OUT0073,Wholesale Shop,SP006_Anjali,Dairy & Food Staples,PureDrop Milk 500ml,122.89,10,1228.9,8,98.31,1130.59,977.3,Delivered,0,0.0,Indirect,Cash
ORD101417,2024-11-20,Nov-2024,North,Punjab,Ludhiana,D015,Ludhiana Traders,Distributor,OUT0021,Kirana/General Store,SP037_Sanjay,Beverages,FreshSip Cola 500ml,64.21,53,3403.13,0,0.0,3403.13,3045.81,Cancelled,0,0.0,Indirect,Cash
ORD101836,2024-11-20,Nov-2024,South,Karnataka,Bengaluru,D002,Bengaluru Marketing,Distributor,OUT0072,Wholesale Shop,SP017_Sanjay,Snacks & Confectionery,SweetPuff Biscuit 100g,25.9,47,1217.3,0,0.0,1217.3,1403.05,Delivered,0,0.0,Indirect,Credit
ORD103916,2024-11-20,Nov-2024,East,Bihar,Patna,D014,Patna Distribution Co,Wholesaler,OUT0043,Modern Trade,SP014_Kavita,Home Care,PureAir Freshener 250ml,250.15,27,6754.05,10,675.4,6078.65,6236.12,Delivered,0,0.0,Direct,Credit
ORD101777,2024-11-20,Nov-2024,North,Uttar Pradesh,Lucknow,D008,Lucknow Distribution Co,Distributor,OUT0161,Kirana/General Store,SP015_Arjun,Beverages,FreshSip Cola 500ml,221.14,61,13489.54,2,269.79,13219.75,12875.19,Pending,0,0.0,Direct,Credit
ORD102632,2024-11-21,Nov-2024,North,Delhi,New Delhi,D001,New Delhi Traders,Super Stockist,OUT0110,Wholesale Shop,SP004_Sneha,Home Care,CleanWave Detergent 1kg,231.12,45,10400.4,0,0.0,10400.4,11947.35,Delivered,0,0.0,Indirect,UPI/Online
ORD100852,2024-11-21,Nov-2024,North,Delhi,New Delhi,D001,New Delhi Traders,Super Stockist,OUT0001,Kirana/General Store,SP040_Shreya,Snacks & Confectionery,CrispBite Chips 100g,67.13,7,469.91,2,9.4,460.51,401.56,Returned,2,134.26,Indirect,Credit
ORD102253,2024-11-21,Nov-2024,South,Tamil Nadu,Coimbatore,D023,Coimbatore Marketing,Super Stockist,OUT0191,Convenience Store,SP006_Anjali,Beverages,MintCool Soda 300ml,124.01,33,4092.33,0,0.0,4092.33,4187.9,Delivered,0,0.0,Direct,Cash
ORD102042,2024-11-21,Nov-2024,West,Rajasthan,Jodhpur,D013,Jodhpur Distribution Co,Super Stockist,OUT0163,Convenience Store,SP010_Pooja,Dairy & Food Staples,GoldenGrain Atta 5kg,27.76,24,666.24,0,0.0,666.24,612.55,Delivered,0,0.0,Indirect,UPI/Online
ORD101927,2024-11-21,Nov-2024,West,Gujarat,Surat,D027,Surat Agencies,Wholesaler,OUT0008,Kirana/General Store,SP033_Manoj,Dairy & Food Staples,GoldenGrain Atta 5kg,78.48,27,2118.96,2,42.38,2076.58,2578.66,Delivered,0,0.0,Direct,UPI/Online
ORD100060,2024-11-21,Nov-2024,Central,Chhattisgarh,Raipur,D021,Raipur Traders,Super Stockist,OUT0126,Convenience Store,SP021_Rahul,Beverages,MintCool Soda 300ml,43.49,36,1565.64,8,125.25,1440.39,1292.41,Delivered,0,0.0,Direct,Credit
ORD100183,2024-11-21,Nov-2024,North,Punjab,Amritsar,D018,Amritsar Traders,Wholesaler,OUT0100,Supermarket,SP005_Vikram,Personal Care,FreshBreath Toothpaste 150g,237.29,10,2372.9,10,237.29,2135.61,2530.28,Delivered,0,0.0,Indirect,Credit
ORD102279,2024-11-21,Nov-2024,West,Gujarat,Surat,D027,Surat Agencies,Wholesaler,OUT0158,Modern Trade,SP021_Rahul,Dairy & Food Staples,PureDrop Milk 500ml,80.35,29,2330.15,10,233.02,2097.13,1820.23,Returned,8,642.8,Indirect,Credit
ORD101825,2024-11-21,Nov-2024,South,Tamil Nadu,Coimbatore,D020,Coimbatore Marketing,Distributor,OUT0144,Supermarket,SP018_Rina,Snacks & Confectionery,ChocoNut Bar 40g,345.37,20,6907.4,10,690.74,6216.66,5875.24,Pending,0,0.0,Indirect,Cash
ORD102536,2024-11-21,Nov-2024,Central,Chhattisgarh,Raipur,D005,Raipur Enterprises,Wholesaler,OUT0135,Modern Trade,SP004_Sneha,Snacks & Confectionery,CrispBite Chips 100g,69.89,31,2166.59,2,43.33,2123.26,2276.57,Delivered,0,0.0,Direct,Credit
ORD103362,2024-11-21,Nov-2024,North,Uttar Pradesh,Lucknow,D010,Lucknow Marketing,Distributor,OUT0067,Modern Trade,SP016_Meera,Beverages,FreshSip Cola 250ml,156.02,13,2028.26,0,0.0,2028.26,1972.59,Delivered,0,0.0,Direct,Credit
ORD101732,2024-11-22,Nov-2024,Central,Madhya Pradesh,Bhopal,D029,Bhopal Distribution Co,Super Stockist,OUT0143,Modern Trade,SP018_Rina,Snacks & Confectionery,SweetPuff Biscuit 100g,48.32,24,1159.68,0,0.0,1159.68,1257.2,Delivered,0,0.0,Direct,Cash
ORD101855,2024-11-22,Nov-2024,Central,Madhya Pradesh,Jabalpur,D030,Jabalpur Distribution Co,Distributor,OUT0096,Kirana/General Store,SP020_Shreya,Home Care,CleanWave Detergent 1kg,178.96,24,4295.04,2,85.9,4209.14,4031.62,Delivered,0,0.0,Indirect,Cash
ORD100937,2024-11-22,Nov-2024,North,Uttar Pradesh,Lucknow,D008,Lucknow Distribution Co,Distributor,OUT0157,Supermarket,SP032_Divya,Snacks & Confectionery,CrispBite Chips 100g,125.61,9,1130.49,10,113.05,1017.44,1030.37,Pending,0,0.0,Direct,UPI/Online
ORD102321,2024-11-22,Nov-2024,East,West Bengal,Kolkata,D006,Kolkata Enterprises,Distributor,OUT0064,Modern Trade,SP032_Divya,Snacks & Confectionery,ChocoNut Bar 40g,243.47,27,6573.69,0,0.0,6573.69,7632.43,Delivered,0,0.0,Direct,UPI/Online
ORD102611,2024-11-22,Nov-2024,South,Karnataka,Bengaluru,D002,Bengaluru Marketing,Distributor,OUT0072,Wholesale Shop,SP029_Karan,Personal Care,GlowSoft Soap 100g,255.86,33,8443.38,5,422.17,8021.21,8739.02,Delivered,0,0.0,Indirect,Credit
ORD101970,2024-11-22,Nov-2024,South,Karnataka,Mysuru,D017,Mysuru Enterprises,Distributor,OUT0176,Kirana/General Store,SP015_Arjun,Dairy & Food Staples,GoldenGrain Atta 5kg,142.1,29,4120.9,0,0.0,4120.9,4371.94,Delivered,0,0.0,Direct,Cash
ORD103953,2024-11-22,Nov-2024,Central,Chhattisgarh,Raipur,D022,Raipur Agencies,Super Stockist,OUT0186,Kirana/General Store,SP009_Karan,Beverages,MintCool Soda 300ml,152.41,32,4877.12,5,243.86,4633.26,4002.09,Delivered,0,0.0,Direct,Credit
ORD100703,2024-11-22,Nov-2024,North,Uttar Pradesh,Lucknow,D010,Lucknow Marketing,Distributor,OUT0117,Wholesale Shop,SP032_Divya,Dairy & Food Staples,SunRice Basmati 1kg,36.07,14,504.98,0,0.0,504.98,538.57,Delivered,0,0.0,Direct,UPI/Online
ORD103752,2024-11-22,Nov-2024,South,Telangana,Hyderabad,D012,Hyderabad Traders,Super Stockist,OUT0042,Modern Trade,SP033_Manoj,Personal Care,SilkTouch Lotion 200ml,83.25,23,1914.75,2,38.3,1876.45,1929.02,Delivered,0,0.0,Indirect,UPI/Online
ORD102367,2024-11-22,Nov-2024,East,Odisha,Bhubaneswar,D007,Bhubaneswar Distribution Co,Super Stockist,OUT0193,Modern Trade,SP009_Karan,Snacks & Confectionery,SweetPuff Biscuit 100g,50.64,23,1164.72,0,0.0,1164.72,1053.94,Delivered,0,0.0,Indirect,UPI/Online
ORD103513,2024-11-22,Nov-2024,Central,Chhattisgarh,Raipur,D005,Raipur Enterprises,Wholesaler,OUT0036,Wholesale Shop,SP024_Sneha,Personal Care,SilkTouch Lotion 200ml,187.92,13,2442.96,12,293.16,2149.8,2077.52,Delivered,0,0.0,Indirect,Cash
ORD102070,2024-11-23,Nov-2024,Central,Madhya Pradesh,Bhopal,D029,Bhopal Distribution Co,Super Stockist,OUT0104,Supermarket,SP013_Manoj,Personal Care,SilkTouch Lotion 200ml,332.73,25,8318.25,5,415.91,7902.34,9748.35,Delivered,0,0.0,Indirect,Credit
ORD103390,2024-11-23,Nov-2024,North,Uttar Pradesh,Lucknow,D008,Lucknow Distribution Co,Distributor,OUT0054,Kirana/General Store,SP033_Manoj,Personal Care,GlowSoft Soap 100g,329.43,14,4612.02,5,230.6,4381.42,3834.09,Delivered,0,0.0,Direct,Cash
ORD103003,2024-11-23,Nov-2024,East,Odisha,Bhubaneswar,D007,Bhubaneswar Distribution Co,Super Stockist,OUT0062,Modern Trade,SP025_Vikram,Personal Care,GlowSoft Soap 100g,54.65,54,2951.1,8,236.09,2715.01,2688.04,Delivered,0,0.0,Indirect,UPI/Online
ORD101638,2024-11-23,Nov-2024,North,Delhi,New Delhi,D003,New Delhi Traders,Super Stockist,OUT0006,Kirana/General Store,SP010_Pooja,Snacks & Confectionery,SweetPuff Biscuit 100g,291.62,21,6124.02,0,0.0,6124.02,6146.54,Delivered,0,0.0,Indirect,UPI/Online
ORD103827,2024-11-23,Nov-2024,East,West Bengal,Kolkata,D006,Kolkata Enterprises,Distributor,OUT0078,Kirana/General Store,SP017_Sanjay,Personal Care,FreshBreath Toothpaste 150g,267.13,19,5075.47,0,0.0,5075.47,4742.22,Delivered,0,0.0,Indirect,Credit
ORD100451,2024-11-23,Nov-2024,Central,Chhattisgarh,Raipur,D011,Raipur Agencies,Super Stockist,OUT0125,Supermarket,SP012_Divya,Personal Care,ShinyLocks Shampoo 200ml,115.33,12,1383.96,10,138.4,1245.56,1081.1,Returned,3,345.99,Direct,UPI/Online
ORD100398,2024-11-23,Nov-2024,Central,Madhya Pradesh,Bhopal,D029,Bhopal Distribution Co,Super Stockist,OUT0138,Kirana/General Store,SP033_Manoj,Dairy & Food Staples,GoldenGrain Atta 5kg,210.5,42,8841.0,5,442.05,8398.95,7812.62,Returned,5,1052.5,Direct,Cash
ORD103690,2024-11-23,Nov-2024,West,Gujarat,Surat,D027,Surat Agencies,Wholesaler,OUT0008,Kirana/General Store,SP017_Sanjay,Snacks & Confectionery,ChocoNut Bar 40g,179.47,13,2333.11,0,0.0,2333.11,2109.88,Delivered,0,0.0,Direct,UPI/Online
ORD102566,2024-11-23,Nov-2024,North,Punjab,Amritsar,D018,Amritsar Traders,Wholesaler,OUT0198,Kirana/General Store,SP015_Arjun,Dairy & Food Staples,DailyFresh Ghee 500ml,169.11,22,3720.42,2,74.41,3646.01,4244.39,Delivered,0,0.0,Direct,Credit
ORD102434,2024-11-23,Nov-2024,South,Tamil Nadu,Coimbatore,D023,Coimbatore Marketing,Super Stockist,OUT0018,Convenience Store,SP016_Meera,Beverages,FreshSip Cola 500ml,96.94,29,2811.26,5,140.56,2670.7,3067.19,Delivered,0,0.0,Indirect,Cash
ORD103703,2024-11-23,Nov-2024,East,Odisha,Bhubaneswar,D007,Bhubaneswar Distribution Co,Super Stockist,OUT0040,Kirana/General Store,SP005_Vikram,Home Care,ShineFloor Cleaner 1L,247.79,16,3964.64,2,79.29,3885.35,4787.84,Returned,1,247.79,Direct,Credit
ORD100684,2024-11-23,Nov-2024,South,Tamil Nadu,Coimbatore,D020,Coimbatore Marketing,Distributor,OUT0087,Kirana/General Store,SP006_Anjali,Home Care,ShineFloor Cleaner 1L,234.09,72,16854.48,2,337.09,16517.39,14877.7,Delivered,0,0.0,Indirect,Cash
ORD103908,2024-11-23,Nov-2024,West,Rajasthan,Jaipur,D016,Jaipur Distribution Co,Super Stockist,OUT0061,Modern Trade,SP015_Arjun,Dairy & Food Staples,PureDrop Milk 500ml,31.09,6,186.54,2,3.73,182.81,214.98,Delivered,0,0.0,Indirect,Credit
ORD103126,2024-11-24,Nov-2024,West,Rajasthan,Jodhpur,D013,Jodhpur Distribution Co,Super Stockist,OUT0163,Convenience Store,SP039_Deepak,Home Care,PureAir Freshener 250ml,86.97,54,4696.38,0,0.0,4696.38,5578.95,Returned,9,782.73,Indirect,UPI/Online
ORD102036,2024-11-24,Nov-2024,West,Goa,Panaji,D024,Panaji Marketing,Distributor,OUT0007,Modern Trade,SP008_Neha,Dairy & Food Staples,GoldenGrain Atta 5kg,138.55,7,969.85,0,0.0,969.85,1195.02,Delivered,0,0.0,Direct,Credit
ORD100216,2024-11-24,Nov-2024,East,West Bengal,Kolkata,D006,Kolkata Enterprises,Distributor,OUT0078,Kirana/General Store,SP026_Anjali,Home Care,SparkleShine Dishwash 500ml,164.74,20,3294.8,10,329.48,2965.32,2848.88,Delivered,0,0.0,Indirect,UPI/Online
ORD102312,2024-11-24,Nov-2024,Central,Chhattisgarh,Raipur,D005,Raipur Enterprises,Wholesaler,OUT0011,Modern Trade,SP022_Amit,Personal Care,FreshBreath Toothpaste 150g,271.07,16,4337.12,2,86.74,4250.38,4734.06,Delivered,0,0.0,Direct,Credit
ORD102482,2024-11-24,Nov-2024,North,Uttar Pradesh,Lucknow,D008,Lucknow Distribution Co,Distributor,OUT0038,Modern Trade,SP017_Sanjay,Beverages,OrangeZest Juice 1L,161.27,27,4354.29,2,87.09,4267.2,4666.15,Delivered,0,0.0,Indirect,UPI/Online
ORD101300,2024-11-24,Nov-2024,East,West Bengal,Kolkata,D006,Kolkata Enterprises,Distributor,OUT0170,Wholesale Shop,SP004_Sneha,Beverages,MintCool Soda 300ml,59.69,37,2208.53,12,265.02,1943.51,1888.1,Delivered,0,0.0,Indirect,Credit
ORD102875,2024-11-24,Nov-2024,North,Uttar Pradesh,Lucknow,D008,Lucknow Distribution Co,Distributor,OUT0022,Supermarket,SP027_Suresh,Dairy & Food Staples,PureDrop Milk 500ml,220.47,15,3307.05,0,0.0,3307.05,3712.8,Delivered,0,0.0,Indirect,Credit
ORD101072,2024-11-24,Nov-2024,Central,Madhya Pradesh,Jabalpur,D025,Jabalpur Agencies,Wholesaler,OUT0165,Convenience Store,SP001_Rahul,Snacks & Confectionery,SweetPuff Biscuit 100g,286.92,31,8894.52,2,177.89,8716.63,9010.72,Delivered,0,0.0,Indirect,Cash
ORD100585,2024-11-24,Nov-2024,West,Gujarat,Surat,D027,Surat Agencies,Wholesaler,OUT0158,Modern Trade,SP021_Rahul,Dairy & Food Staples,GoldenGrain Atta 5kg,185.42,10,1854.2,0,0.0,1854.2,1901.06,Delivered,0,0.0,Indirect,UPI/Online
ORD103975,2024-11-24,Nov-2024,Central,Chhattisgarh,Raipur,D022,Raipur Agencies,Super Stockist,OUT0182,Supermarket,SP008_Neha,Beverages,FreshSip Cola 500ml,203.84,6,1223.04,2,24.46,1198.58,1420.54,Delivered,0,0.0,Indirect,UPI/Online
ORD103446,2024-11-24,Nov-2024,East,Odisha,Bhubaneswar,D007,Bhubaneswar Distribution Co,Super Stockist,OUT0193,Modern Trade,SP014_Kavita,Snacks & Confectionery,SweetPuff Biscuit 100g,305.45,15,4581.75,2,91.64,4490.11,3900.93,Pending,0,0.0,Indirect,Cash
ORD100284,2024-11-25,Nov-2024,Central,Madhya Pradesh,Jabalpur,D004,Jabalpur Traders,Wholesaler,OUT0172,Wholesale Shop,SP010_Pooja,Home Care,PureAir Freshener 250ml,317.58,10,3175.8,5,158.79,3017.01,3644.69,Delivered,0,0.0,Indirect,Credit
ORD103483,2024-11-25,Nov-2024,East,West Bengal,Kolkata,D006,Kolkata Enterprises,Distributor,OUT0078,Kirana/General Store,SP040_Shreya,Personal Care,ShinyLocks Shampoo 200ml,327.49,64,20959.36,5,1047.97,19911.39,21780.69,Pending,0,0.0,Indirect,Credit
ORD103711,2024-11-25,Nov-2024,Central,Chhattisgarh,Raipur,D005,Raipur Enterprises,Wholesaler,OUT0135,Modern Trade,SP020_Shreya,Dairy & Food Staples,SunRice Basmati 1kg,322.49,47,15157.03,0,0.0,15157.03,18871.75,Delivered,0,0.0,Indirect,UPI/Online
ORD102542,2024-11-26,Nov-2024,Central,Madhya Pradesh,Jabalpur,D004,Jabalpur Traders,Wholesaler,OUT0172,Wholesale Shop,SP016_Meera,Personal Care,SilkTouch Lotion 200ml,220.81,28,6182.68,10,618.27,5564.41,6004.38,Delivered,0,0.0,Direct,Cash
ORD101205,2024-11-26,Nov-2024,North,Delhi,New Delhi,D001,New Delhi Traders,Super Stockist,OUT0001,Kirana/General Store,SP012_Divya,Dairy & Food Staples,SunRice Basmati 1kg,346.44,6,2078.64,0,0.0,2078.64,1976.86,Delivered,0,0.0,Direct,Cash
ORD100155,2024-11-26,Nov-2024,Central,Chhattisgarh,Raipur,D022,Raipur Agencies,Super Stockist,OUT0045,Kirana/General Store,SP034_Kavita,Beverages,FreshSip Cola 500ml,177.1,13,2302.3,10,230.23,2072.07,1939.41,Delivered,0,0.0,Indirect,Credit
ORD101589,2024-11-26,Nov-2024,Central,Chhattisgarh,Raipur,D005,Raipur Enterprises,Wholesaler,OUT0136,Kirana/General Store,SP021_Rahul,Personal Care,SilkTouch Lotion 200ml,188.77,30,5663.1,2,113.26,5549.84,5086.32,Delivered,0,0.0,Direct,Cash
ORD100197,2024-11-26,Nov-2024,Central,Chhattisgarh,Raipur,D022,Raipur Agencies,Super Stockist,OUT0094,Convenience Store,SP029_Karan,Personal Care,SilkTouch Lotion 200ml,141.61,19,2690.59,2,53.81,2636.78,2436.94,Returned,5,708.05,Direct,Cash
ORD102708,2024-11-26,Nov-2024,East,Odisha,Bhubaneswar,D007,Bhubaneswar Distribution Co,Super Stockist,OUT0119,Convenience Store,SP019_Deepak,Home Care,SparkleShine Dishwash 500ml,166.79,17,2835.43,8,226.83,2608.6,3086.21,Delivered,0,0.0,Direct,Credit
ORD100036,2024-11-26,Nov-2024,South,Telangana,Hyderabad,D012,Hyderabad Traders,Super Stockist,OUT0183,Modern Trade,SP019_Deepak,Home Care,ShineFloor Cleaner 1L,50.91,8,407.28,12,48.87,358.41,432.54,Delivered,0,0.0,Indirect,Cash
ORD100961,2024-11-26,Nov-2024,South,Tamil Nadu,Coimbatore,D020,Coimbatore Marketing,Distributor,OUT0086,Kirana/General Store,SP032_Divya,Home Care,PureAir Freshener 250ml,222.33,50,11116.5,12,1333.98,9782.52,8600.39,Delivered,0,0.0,Indirect,Credit
ORD103497,2024-11-26,Nov-2024,East,West Bengal,Kolkata,D006,Kolkata Enterprises,Distributor,OUT0060,Modern Trade,SP018_Rina,Beverages,FreshSip Cola 500ml,331.05,24,7945.2,2,158.9,7786.3,8877.01,Delivered,0,0.0,Indirect,Credit
ORD101829,2024-11-26,Nov-2024,North,Uttar Pradesh,Lucknow,D010,Lucknow Marketing,Distributor,OUT0197,Modern Trade,SP039_Deepak,Home Care,PureAir Freshener 250ml,123.78,27,3342.06,5,167.1,3174.96,2908.94,Delivered,0,0.0,Indirect,UPI/Online
ORD103742,2024-11-26,Nov-2024,Central,Chhattisgarh,Raipur,D026,Raipur Agencies,Distributor,OUT0151,Modern Trade,SP038_Rina,Snacks & Confectionery,CrispBite Chips 50g,190.96,21,4010.16,12,481.22,3528.94,3617.44,Delivered,0,0.0,Indirect,Cash
ORD103029,2024-11-26,Nov-2024,North,Punjab,Amritsar,D018,Amritsar Traders,Wholesaler,OUT0012,Supermarket,SP005_Vikram,Personal Care,ShinyLocks Shampoo 200ml,79.48,53,4212.44,0,0.0,4212.44,4269.41,Delivered,0,0.0,Indirect,UPI/Online
ORD101862,2024-11-26,Nov-2024,East,Bihar,Patna,D014,Patna Distribution Co,Wholesaler,OUT0175,Wholesale Shop,SP036_Meera,Personal Care,ShinyLocks Shampoo 200ml,98.14,11,1079.54,0,0.0,1079.54,1117.91,Returned,2,196.28,Indirect,UPI/Online
ORD103879,2024-11-27,Nov-2024,West,Rajasthan,Jodhpur,D013,Jodhpur Distribution Co,Super Stockist,OUT0177,Wholesale Shop,SP011_Ravi,Personal Care,GlowSoft Soap 100g,72.36,6,434.16,2,8.68,425.48,369.64,Delivered,0,0.0,Indirect,Cash
ORD102540,2024-11-27,Nov-2024,Central,Madhya Pradesh,Jabalpur,D025,Jabalpur Agencies,Wholesaler,OUT0017,Supermarket,SP005_Vikram,Home Care,PureAir Freshener 250ml,78.61,28,2201.08,10,220.11,1980.97,2100.22,Delivered,0,0.0,Direct,UPI/Online
ORD102608,2024-11-27,Nov-2024,South,Karnataka,Bengaluru,D002,Bengaluru Marketing,Distributor,OUT0072,Wholesale Shop,SP021_Rahul,Beverages,OrangeZest Juice 1L,310.18,19,5893.42,2,117.87,5775.55,5653.93,Cancelled,0,0.0,Indirect,Cash
ORD101997,2024-11-27,Nov-2024,Central,Madhya Pradesh,Bhopal,D029,Bhopal Distribution Co,Super Stockist,OUT0148,Modern Trade,SP028_Neha,Personal Care,SilkTouch Lotion 200ml,115.5,40,4620.0,5,231.0,4389.0,5277.9,Delivered,0,0.0,Indirect,UPI/Online
ORD102881,2024-11-27,Nov-2024,South,Karnataka,Mysuru,D017,Mysuru Enterprises,Distributor,OUT0101,Convenience Store,SP006_Anjali,Personal Care,FreshBreath Toothpaste 150g,101.81,20,2036.2,5,101.81,1934.39,2318.88,Delivered,0,0.0,Indirect,UPI/Online
ORD103533,2024-11-27,Nov-2024,Central,Chhattisgarh,Raipur,D005,Raipur Enterprises,Wholesaler,OUT0011,Modern Trade,SP006_Anjali,Beverages,FreshSip Cola 500ml,251.26,61,15326.86,2,306.54,15020.32,18414.81,Delivered,0,0.0,Indirect,Cash
ORD102787,2024-11-27,Nov-2024,Central,Madhya Pradesh,Jabalpur,D004,Jabalpur Traders,Wholesaler,OUT0172,Wholesale Shop,SP038_Rina,Beverages,FreshSip Cola 500ml,187.88,28,5260.64,2,105.21,5155.43,6250.99,Delivered,0,0.0,Indirect,Credit
ORD101145,2024-11-27,Nov-2024,Central,Chhattisgarh,Raipur,D022,Raipur Agencies,Super Stockist,OUT0094,Convenience Store,SP029_Karan,Personal Care,ShinyLocks Shampoo 200ml,254.67,7,1782.69,2,35.65,1747.04,1749.38,Cancelled,0,0.0,Direct,Cash
ORD101111,2024-11-27,Nov-2024,South,Karnataka,Mysuru,D017,Mysuru Enterprises,Distributor,OUT0176,Kirana/General Store,SP034_Kavita,Snacks & Confectionery,SweetPuff Biscuit 100g,26.64,15,399.6,2,7.99,391.61,333.98,Delivered,0,0.0,Indirect,UPI/Online
ORD103110,2024-11-27,Nov-2024,East,West Bengal,Kolkata,D006,Kolkata Enterprises,Distributor,OUT0170,Wholesale Shop,SP030_Pooja,Home Care,ShineFloor Cleaner 1L,83.7,75,6277.5,0,0.0,6277.5,5903.01,Delivered,0,0.0,Indirect,Cash
ORD101106,2024-11-27,Nov-2024,East,Odisha,Bhubaneswar,D007,Bhubaneswar Distribution Co,Super Stockist,OUT0193,Modern Trade,SP020_Shreya,Snacks & Confectionery,CrispBite Chips 50g,223.06,32,7137.92,0,0.0,7137.92,7824.74,Delivered,0,0.0,Direct,Credit
ORD103812,2024-11-28,Nov-2024,Central,Chhattisgarh,Raipur,D021,Raipur Traders,Super Stockist,OUT0126,Convenience Store,SP003_Priya,Beverages,MintCool Soda 300ml,83.35,25,2083.75,2,41.68,2042.07,2240.92,Pending,0,0.0,Direct,UPI/Online
ORD101557,2024-11-28,Nov-2024,North,Uttar Pradesh,Lucknow,D008,Lucknow Distribution Co,Distributor,OUT0005,Wholesale Shop,SP040_Shreya,Dairy & Food Staples,SunRice Basmati 1kg,327.82,36,11801.52,0,0.0,11801.52,13658.93,Delivered,0,0.0,Direct,UPI/Online
ORD102173,2024-11-28,Nov-2024,East,Odisha,Bhubaneswar,D007,Bhubaneswar Distribution Co,Super Stockist,OUT0062,Modern Trade,SP022_Amit,Personal Care,FreshBreath Toothpaste 150g,49.7,5,248.5,2,4.97,243.53,298.69,Delivered,0,0.0,Indirect,Credit
ORD102143,2024-11-28,Nov-2024,North,Delhi,New Delhi,D003,New Delhi Traders,Super Stockist,OUT0122,Modern Trade,SP025_Vikram,Dairy & Food Staples,SunRice Basmati 1kg,98.31,40,3932.4,0,0.0,3932.4,4462.88,Delivered,0,0.0,Direct,UPI/Online
ORD102368,2024-11-28,Nov-2024,East,West Bengal,Kolkata,D006,Kolkata Enterprises,Distributor,OUT0078,Kirana/General Store,SP029_Karan,Home Care,SparkleShine Dishwash 500ml,72.97,13,948.61,0,0.0,948.61,1113.26,Delivered,0,0.0,Direct,Cash
ORD101124,2024-11-28,Nov-2024,East,Odisha,Bhubaneswar,D007,Bhubaneswar Distribution Co,Super Stockist,OUT0062,Modern Trade,SP010_Pooja,Home Care,SparkleShine Dishwash 500ml,70.24,44,3090.56,0,0.0,3090.56,3352.35,Delivered,0,0.0,Direct,Credit
ORD103081,2024-11-28,Nov-2024,North,Uttar Pradesh,Lucknow,D008,Lucknow Distribution Co,Distributor,OUT0092,Convenience Store,SP004_Sneha,Snacks & Confectionery,SweetPuff Biscuit 100g,168.31,24,4039.44,8,323.16,3716.28,4066.07,Delivered,0,0.0,Direct,Cash
ORD103568,2024-11-28,Nov-2024,South,Tamil Nadu,Coimbatore,D020,Coimbatore Marketing,Distributor,OUT0144,Supermarket,SP024_Sneha,Home Care,CleanWave Detergent 1kg,234.44,11,2578.84,5,128.94,2449.9,2968.88,Delivered,0,0.0,Direct,Cash
ORD100768,2024-11-28,Nov-2024,Central,Madhya Pradesh,Jabalpur,D004,Jabalpur Traders,Wholesaler,OUT0099,Kirana/General Store,SP007_Suresh,Snacks & Confectionery,SweetPuff Biscuit 100g,118.36,12,1420.32,0,0.0,1420.32,1277.63,Delivered,0,0.0,Indirect,UPI/Online
ORD102845,2024-11-29,Nov-2024,South,Karnataka,Mysuru,D017,Mysuru Enterprises,Distributor,OUT0120,Modern Trade,SP008_Neha,Personal Care,ShinyLocks Shampoo 200ml,330.63,11,3636.93,0,0.0,3636.93,3843.01,Pending,0,0.0,Indirect,Cash
ORD100030,2024-11-29,Nov-2024,Central,Chhattisgarh,Raipur,D005,Raipur Enterprises,Wholesaler,OUT0070,Supermarket,SP038_Rina,Dairy & Food Staples,SunRice Basmati 1kg,105.12,39,4099.68,2,81.99,4017.69,3564.66,Delivered,0,0.0,Indirect,UPI/Online
ORD103869,2024-11-29,Nov-2024,Central,Madhya Pradesh,Bhopal,D029,Bhopal Distribution Co,Super Stockist,OUT0112,Supermarket,SP034_Kavita,Home Care,CleanWave Detergent 1kg,34.8,27,939.6,5,46.98,892.62,764.22,Delivered,0,0.0,Indirect,Cash
ORD101235,2024-11-29,Nov-2024,Central,Chhattisgarh,Raipur,D022,Raipur Agencies,Super Stockist,OUT0194,Modern Trade,SP010_Pooja,Personal Care,FreshBreath Toothpaste 150g,328.11,51,16733.61,0,0.0,16733.61,14809.74,Delivered,0,0.0,Indirect,UPI/Online
ORD102988,2024-11-29,Nov-2024,South,Telangana,Hyderabad,D012,Hyderabad Traders,Super Stockist,OUT0042,Modern Trade,SP005_Vikram,Dairy & Food Staples,PureDrop Milk 500ml,83.52,32,2672.64,5,133.63,2539.01,2819.15,Cancelled,0,0.0,Indirect,UPI/Online
ORD103601,2024-11-29,Nov-2024,North,Punjab,Amritsar,D018,Amritsar Traders,Wholesaler,OUT0198,Kirana/General Store,SP002_Amit,Personal Care,FreshBreath Toothpaste 150g,309.41,17,5259.97,10,526.0,4733.97,5784.78,Delivered,0,0.0,Indirect,Credit
ORD103171,2024-11-29,Nov-2024,South,Telangana,Hyderabad,D012,Hyderabad Traders,Super Stockist,OUT0042,Modern Trade,SP002_Amit,Dairy & Food Staples,GoldenGrain Atta 5kg,317.98,38,12083.24,0,0.0,12083.24,11591.22,Delivered,0,0.0,Direct,UPI/Online
ORD103481,2024-11-29,Nov-2024,Central,Chhattisgarh,Raipur,D009,Raipur Enterprises,Wholesaler,OUT0013,Wholesale Shop,SP027_Suresh,Personal Care,SilkTouch Lotion 200ml,273.11,21,5735.31,5,286.77,5448.54,4867.04,Pending,0,0.0,Direct,Credit
ORD101198,2024-11-30,Nov-2024,East,Bihar,Patna,D014,Patna Distribution Co,Wholesaler,OUT0043,Modern Trade,SP018_Rina,Beverages,FreshSip Cola 250ml,43.95,17,747.15,2,14.94,732.21,659.02,Pending,0,0.0,Indirect,Credit
ORD103954,2024-11-30,Nov-2024,West,Rajasthan,Jodhpur,D013,Jodhpur Distribution Co,Super Stockist,OUT0093,Supermarket,SP001_Rahul,Home Care,PureAir Freshener 250ml,283.42,17,4818.14,10,481.81,4336.33,5413.75,Delivered,0,0.0,Direct,Credit
ORD101365,2024-11-30,Nov-2024,Central,Madhya Pradesh,Jabalpur,D025,Jabalpur Agencies,Wholesaler,OUT0165,Convenience Store,SP017_Sanjay,Dairy & Food Staples,SunRice Basmati 1kg,50.04,23,1150.92,2,23.02,1127.9,1265.3,Delivered,0,0.0,Indirect,Cash
ORD101890,2024-11-30,Nov-2024,Central,Madhya Pradesh,Jabalpur,D004,Jabalpur Traders,Wholesaler,OUT0172,Wholesale Shop,SP028_Neha,Home Care,ShineFloor Cleaner 1L,270.18,49,13238.82,0,0.0,13238.82,16222.65,Delivered,0,0.0,Indirect,Credit
ORD102945,2024-11-30,Nov-2024,South,Tamil Nadu,Coimbatore,D020,Coimbatore Marketing,Distributor,OUT0087,Kirana/General Store,SP023_Priya,Dairy & Food Staples,GoldenGrain Atta 5kg,200.11,36,7203.96,8,576.32,6627.64,7535.09,Delivered,0,0.0,Indirect,Credit
ORD100365,2024-11-30,Nov-2024,East,Odisha,Bhubaneswar,D007,Bhubaneswar Distribution Co,Super Stockist,OUT0193,Modern Trade,SP029_Karan,Snacks & Confectionery,ChocoNut Bar 40g,190.47,5,952.35,0,0.0,952.35,823.49,Delivered,0,0.0,Indirect,Cash
ORD100613,2024-11-30,Nov-2024,North,Uttar Pradesh,Lucknow,D010,Lucknow Marketing,Distributor,OUT0199,Convenience Store,SP019_Deepak,Snacks & Confectionery,ChocoNut Bar 40g,120.08,9,1080.72,0,0.0,1080.72,1214.24,Returned,2,240.16,Direct,UPI/Online
ORD100777,2024-11-30,Nov-2024,Central,Chhattisgarh,Raipur,D005,Raipur Enterprises,Wholesaler,OUT0036,Wholesale Shop,SP034_Kavita,Dairy & Food Staples,GoldenGrain Atta 5kg,145.93,20,2918.6,0,0.0,2918.6,2704.98,Delivered,0,0.0,Indirect,Credit
ORD101904,2024-11-30,Nov-2024,South,Tamil Nadu,Coimbatore,D023,Coimbatore Marketing,Super Stockist,OUT0191,Convenience Store,SP037_Sanjay,Beverages,MintCool Soda 300ml,63.42,38,2409.96,5,120.5,2289.46,2721.11,Pending,0,0.0,Indirect,Cash
ORD101470,2024-11-30,Nov-2024,Central,Chhattisgarh,Raipur,D009,Raipur Enterprises,Wholesaler,OUT0066,Modern Trade,SP021_Rahul,Dairy & Food Staples,GoldenGrain Atta 5kg,327.84,22,7212.48,8,577.0,6635.48,8052.6,Delivered,0,0.0,Indirect,Cash
ORD100551,2024-12-01,Dec-2024,Central,Madhya Pradesh,Jabalpur,D004,Jabalpur Traders,Wholesaler,OUT0172,Wholesale Shop,SP015_Arjun,Home Care,PureAir Freshener 250ml,75.23,14,1053.22,5,52.66,1000.56,1110.08,Delivered,0,0.0,Direct,Cash
ORD100652,2024-12-01,Dec-2024,North,Delhi,New Delhi,D001,New Delhi Traders,Super Stockist,OUT0001,Kirana/General Store,SP023_Priya,Snacks & Confectionery,CrispBite Chips 50g,245.24,6,1471.44,8,117.72,1353.72,1525.56,Delivered,0,0.0,Indirect,Credit
ORD101343,2024-12-01,Dec-2024,South,Karnataka,Bengaluru,D002,Bengaluru Marketing,Distributor,OUT0074,Convenience Store,SP009_Karan,Home Care,SparkleShine Dishwash 500ml,169.22,7,1184.54,0,0.0,1184.54,1277.26,Delivered,0,0.0,Direct,Cash
ORD103381,2024-12-01,Dec-2024,South,Karnataka,Bengaluru,D002,Bengaluru Marketing,Distributor,OUT0046,Modern Trade,SP020_Shreya,Snacks & Confectionery,SweetPuff Biscuit 100g,155.74,16,2491.84,8,199.35,2292.49,2680.67,Delivered,0,0.0,Indirect,Cash
ORD101735,2024-12-01,Dec-2024,Central,Chhattisgarh,Raipur,D009,Raipur Enterprises,Wholesaler,OUT0013,Wholesale Shop,SP033_Manoj,Snacks & Confectionery,CrispBite Chips 50g,249.2,31,7725.2,0,0.0,7725.2,6813.3,Delivered,0,0.0,Indirect,Cash
ORD100119,2024-12-01,Dec-2024,West,Rajasthan,Jodhpur,D013,Jodhpur Distribution Co,Super Stockist,OUT0167,Wholesale Shop,SP027_Suresh,Dairy & Food Staples,GoldenGrain Atta 5kg,185.9,44,8179.6,10,817.96,7361.64,7857.97,Delivered,0,0.0,Indirect,Cash
ORD100884,2024-12-01,Dec-2024,West,Goa,Panaji,D024,Panaji Marketing,Distributor,OUT0150,Convenience Store,SP016_Meera,Home Care,ShineFloor Cleaner 1L,171.26,26,4452.76,0,0.0,4452.76,3929.91,Delivered,0,0.0,Indirect,UPI/Online
ORD100381,2024-12-01,Dec-2024,West,Rajasthan,Jodhpur,D013,Jodhpur Distribution Co,Super Stockist,OUT0093,Supermarket,SP011_Ravi,Personal Care,GlowSoft Soap 100g,75.06,41,3077.46,0,0.0,3077.46,3041.61,Cancelled,0,0.0,Direct,UPI/Online
ORD101711,2024-12-01,Dec-2024,Central,Madhya Pradesh,Bhopal,D029,Bhopal Distribution Co,Super Stockist,OUT0063,Kirana/General Store,SP008_Neha,Personal Care,ShinyLocks Shampoo 200ml,180.52,31,5596.12,0,0.0,5596.12,6496.34,Delivered,0,0.0,Indirect,Credit
ORD100542,2024-12-01,Dec-2024,North,Delhi,New Delhi,D003,New Delhi Traders,Super Stockist,OUT0081,Wholesale Shop,SP022_Amit,Beverages,FreshSip Cola 500ml,102.17,14,1430.38,12,171.65,1258.73,1446.63,Delivered,0,0.0,Indirect,UPI/Online
ORD100147,2024-12-01,Dec-2024,North,Punjab,Ludhiana,D015,Ludhiana Traders,Distributor,OUT0020,Wholesale Shop,SP038_Rina,Snacks & Confectionery,SweetPuff Biscuit 100g,180.85,15,2712.75,8,217.02,2495.73,2143.8,Delivered,0,0.0,Indirect,UPI/Online
ORD101794,2024-12-01,Dec-2024,Central,Chhattisgarh,Raipur,D009,Raipur Enterprises,Wholesaler,OUT0013,Wholesale Shop,SP011_Ravi,Dairy & Food Staples,GoldenGrain Atta 5kg,110.63,32,3540.16,0,0.0,3540.16,3629.84,Delivered,0,0.0,Direct,Cash
ORD100649,2024-12-01,Dec-2024,West,Goa,Panaji,D019,Panaji Traders,Distributor,OUT0134,Wholesale Shop,SP032_Divya,Personal Care,GlowSoft Soap 100g,33.25,30,997.5,12,119.7,877.8,819.98,Delivered,0,0.0,Indirect,Cash
ORD102850,2024-12-01,Dec-2024,Central,Madhya Pradesh,Bhopal,D029,Bhopal Distribution Co,Super Stockist,OUT0139,Convenience Store,SP016_Meera,Beverages,FreshSip Cola 250ml,237.4,34,8071.6,8,645.73,7425.87,6457.27,Delivered,0,0.0,Indirect,Credit
ORD103307,2024-12-01,Dec-2024,East,Odisha,Bhubaneswar,D028,Bhubaneswar Distribution Co,Wholesaler,OUT0044,Kirana/General Store,SP023_Priya,Snacks & Confectionery,CrispBite Chips 50g,339.01,32,10848.32,10,1084.83,9763.49,12166.77,Delivered,0,0.0,Indirect,UPI/Online
ORD103656,2024-12-02,Dec-2024,East,Bihar,Patna,D014,Patna Distribution Co,Wholesaler,OUT0043,Modern Trade,SP025_Vikram,Dairy & Food Staples,DailyFresh Ghee 500ml,44.81,34,1523.54,0,0.0,1523.54,1883.48,Cancelled,0,0.0,Direct,Credit
ORD101712,2024-12-02,Dec-2024,North,Punjab,Ludhiana,D015,Ludhiana Traders,Distributor,OUT0020,Wholesale Shop,SP032_Divya,Beverages,OrangeZest Juice 1L,95.57,3,286.71,10,28.67,258.04,265.89,Pending,0,0.0,Indirect,Cash
ORD102457,2024-12-02,Dec-2024,South,Tamil Nadu,Coimbatore,D020,Coimbatore Marketing,Distributor,OUT0086,Kirana/General Store,SP038_Rina,Personal Care,GlowSoft Soap 100g,276.1,26,7178.6,0,0.0,7178.6,6338.58,Delivered,0,0.0,Direct,Cash
ORD102299,2024-12-02,Dec-2024,Central,Chhattisgarh,Raipur,D026,Raipur Agencies,Distributor,OUT0048,Kirana/General Store,SP015_Arjun,Dairy & Food Staples,SunRice Basmati 1kg,347.81,11,3825.91,10,382.59,3443.32,3648.64,Delivered,0,0.0,Direct,Cash
ORD103793,2024-12-02,Dec-2024,Central,Madhya Pradesh,Jabalpur,D025,Jabalpur Agencies,Wholesaler,OUT0165,Convenience Store,SP006_Anjali,Beverages,OrangeZest Juice 1L,220.25,36,7929.0,5,396.45,7532.55,6758.0,Returned,2,440.5,Indirect,UPI/Online
ORD103676,2024-12-02,Dec-2024,East,Odisha,Bhubaneswar,D028,Bhubaneswar Distribution Co,Wholesaler,OUT0031,Convenience Store,SP011_Ravi,Beverages,MintCool Soda 300ml,256.06,19,4865.14,10,486.51,4378.63,5294.55,Delivered,0,0.0,Direct,Credit
ORD103596,2024-12-02,Dec-2024,West,Goa,Panaji,D019,Panaji Traders,Distributor,OUT0037,Modern Trade,SP029_Karan,Dairy & Food Staples,PureDrop Milk 500ml,264.82,35,9268.7,8,741.5,8527.2,7833.12,Cancelled,0,0.0,Direct,Cash
ORD101745,2024-12-02,Dec-2024,Central,Chhattisgarh,Raipur,D022,Raipur Agencies,Super Stockist,OUT0186,Kirana/General Store,SP006_Anjali,Snacks & Confectionery,SweetPuff Biscuit 100g,349.89,9,3149.01,8,251.92,2897.09,2556.21,Delivered,0,0.0,Indirect,UPI/Online
ORD100114,2024-12-03,Dec-2024,West,Goa,Panaji,D019,Panaji Traders,Distributor,OUT0134,Wholesale Shop,SP026_Anjali,Personal Care,SilkTouch Lotion 200ml,175.62,6,1053.72,8,84.3,969.42,872.21,Returned,1,175.62,Direct,Credit
ORD102108,2024-12-03,Dec-2024,Central,Chhattisgarh,Raipur,D022,Raipur Agencies,Super Stockist,OUT0141,Kirana/General Store,SP036_Meera,Home Care,ShineFloor Cleaner 1L,89.79,17,1526.43,0,0.0,1526.43,1753.42,Delivered,0,0.0,Indirect,UPI/Online
ORD103565,2024-12-03,Dec-2024,South,Karnataka,Mysuru,D017,Mysuru Enterprises,Distributor,OUT0077,Wholesale Shop,SP039_Deepak,Beverages,OrangeZest Juice 1L,338.13,21,7100.73,5,355.04,6745.69,8071.02,Delivered,0,0.0,Indirect,UPI/Online
ORD103726,2024-12-03,Dec-2024,West,Rajasthan,Jodhpur,D013,Jodhpur Distribution Co,Super Stockist,OUT0019,Convenience Store,SP031_Ravi,Dairy & Food Staples,GoldenGrain Atta 5kg,306.11,7,2142.77,0,0.0,2142.77,2494.26,Delivered,0,0.0,Indirect,Cash
ORD101003,2024-12-03,Dec-2024,North,Punjab,Amritsar,D018,Amritsar Traders,Wholesaler,OUT0132,Kirana/General Store,SP003_Priya,Dairy & Food Staples,PureDrop Milk 500ml,341.67,29,9908.43,2,198.17,9710.26,8631.94,Returned,8,2733.36,Direct,Credit
ORD103592,2024-12-03,Dec-2024,Central,Madhya Pradesh,Bhopal,D029,Bhopal Distribution Co,Super Stockist,OUT0063,Kirana/General Store,SP005_Vikram,Beverages,FreshSip Cola 500ml,123.62,20,2472.4,0,0.0,2472.4,2812.95,Delivered,0,0.0,Indirect,UPI/Online
ORD100392,2024-12-03,Dec-2024,East,West Bengal,Kolkata,D006,Kolkata Enterprises,Distributor,OUT0078,Kirana/General Store,SP004_Sneha,Snacks & Confectionery,CrispBite Chips 100g,347.97,26,9047.22,5,452.36,8594.86,8664.09,Delivered,0,0.0,Indirect,Credit
ORD102155,2024-12-03,Dec-2024,Central,Madhya Pradesh,Jabalpur,D004,Jabalpur Traders,Wholesaler,OUT0099,Kirana/General Store,SP002_Amit,Dairy & Food Staples,SunRice Basmati 1kg,218.36,4,873.44,0,0.0,873.44,1075.47,Delivered,0,0.0,Direct,Credit
ORD102026,2024-12-03,Dec-2024,North,Uttar Pradesh,Lucknow,D008,Lucknow Distribution Co,Distributor,OUT0022,Supermarket,SP007_Suresh,Beverages,MintCool Soda 300ml,121.0,30,3630.0,0,0.0,3630.0,3336.2,Delivered,0,0.0,Direct,UPI/Online
ORD101397,2024-12-03,Dec-2024,North,Uttar Pradesh,Lucknow,D010,Lucknow Marketing,Distributor,OUT0137,Convenience Store,SP021_Rahul,Home Care,SparkleShine Dishwash 500ml,53.34,14,746.76,0,0.0,746.76,686.59,Delivered,0,0.0,Indirect,UPI/Online
ORD103666,2024-12-03,Dec-2024,Central,Madhya Pradesh,Bhopal,D029,Bhopal Distribution Co,Super Stockist,OUT0114,Kirana/General Store,SP011_Ravi,Dairy & Food Staples,PureDrop Milk 500ml,103.95,16,1663.2,0,0.0,1663.2,1850.15,Delivered,0,0.0,Direct,Credit
ORD100645,2024-12-03,Dec-2024,East,Odisha,Bhubaneswar,D028,Bhubaneswar Distribution Co,Wholesaler,OUT0031,Convenience Store,SP026_Anjali,Snacks & Confectionery,SweetPuff Biscuit 100g,347.55,14,4865.7,12,583.88,4281.82,4999.14,Returned,2,695.1,Direct,UPI/Online
ORD103191,2024-12-04,Dec-2024,North,Punjab,Amritsar,D018,Amritsar Traders,Wholesaler,OUT0128,Modern Trade,SP010_Pooja,Snacks & Confectionery,CrispBite Chips 50g,265.77,24,6378.48,2,127.57,6250.91,6755.85,Delivered,0,0.0,Indirect,UPI/Online
ORD101026,2024-12-04,Dec-2024,North,Punjab,Amritsar,D018,Amritsar Traders,Wholesaler,OUT0128,Modern Trade,SP035_Arjun,Home Care,PureAir Freshener 250ml,87.16,18,1568.88,2,31.38,1537.5,1336.26,Returned,5,435.8,Direct,UPI/Online
ORD102530,2024-12-04,Dec-2024,North,Uttar Pradesh,Lucknow,D010,Lucknow Marketing,Distributor,OUT0067,Modern Trade,SP006_Anjali,Snacks & Confectionery,SweetPuff Biscuit 100g,291.32,27,7865.64,0,0.0,7865.64,6731.82,Delivered,0,0.0,Direct,Credit
ORD100580,2024-12-04,Dec-2024,East,West Bengal,Kolkata,D006,Kolkata Enterprises,Distributor,OUT0078,Kirana/General Store,SP021_Rahul,Home Care,PureAir Freshener 250ml,267.59,20,5351.8,0,0.0,5351.8,6520.08,Delivered,0,0.0,Direct,UPI/Online
ORD100319,2024-12-04,Dec-2024,South,Tamil Nadu,Coimbatore,D020,Coimbatore Marketing,Distributor,OUT0098,Wholesale Shop,SP005_Vikram,Beverages,OrangeZest Juice 1L,319.06,13,4147.78,2,82.96,4064.82,3561.38,Delivered,0,0.0,Indirect,UPI/Online
ORD100625,2024-12-04,Dec-2024,North,Delhi,New Delhi,D003,New Delhi Traders,Super Stockist,OUT0059,Supermarket,SP031_Ravi,Home Care,PureAir Freshener 250ml,121.79,19,2314.01,0,0.0,2314.01,2218.67,Delivered,0,0.0,Indirect,Credit
ORD102429,2024-12-04,Dec-2024,South,Telangana,Hyderabad,D012,Hyderabad Traders,Super Stockist,OUT0142,Wholesale Shop,SP036_Meera,Personal Care,GlowSoft Soap 100g,168.22,45,7569.9,5,378.5,7191.4,8674.78,Delivered,0,0.0,Indirect,Credit
ORD100502,2024-12-04,Dec-2024,North,Delhi,New Delhi,D003,New Delhi Traders,Super Stockist,OUT0082,Supermarket,SP017_Sanjay,Snacks & Confectionery,CrispBite Chips 50g,328.97,16,5263.52,0,0.0,5263.52,4592.27,Delivered,0,0.0,Indirect,Credit
ORD100904,2024-12-04,Dec-2024,North,Uttar Pradesh,Lucknow,D008,Lucknow Distribution Co,Distributor,OUT0049,Supermarket,SP023_Priya,Personal Care,SilkTouch Lotion 200ml,262.63,38,9979.94,5,499.0,9480.94,10619.53,Delivered,0,0.0,Indirect,UPI/Online
ORD103124,2024-12-04,Dec-2024,Central,Chhattisgarh,Raipur,D022,Raipur Agencies,Super Stockist,OUT0034,Modern Trade,SP029_Karan,Personal Care,GlowSoft Soap 100g,175.33,46,8065.18,2,161.3,7903.88,7257.33,Delivered,0,0.0,Indirect,Cash
ORD102956,2024-12-04,Dec-2024,Central,Chhattisgarh,Raipur,D026,Raipur Agencies,Distributor,OUT0147,Supermarket,SP022_Amit,Snacks & Confectionery,CrispBite Chips 100g,123.88,29,3592.52,5,179.63,3412.89,4032.76,Delivered,0,0.0,Indirect,Credit
ORD103602,2024-12-04,Dec-2024,North,Uttar Pradesh,Lucknow,D008,Lucknow Distribution Co,Distributor,OUT0005,Wholesale Shop,SP038_Rina,Home Care,SparkleShine Dishwash 500ml,150.81,38,5730.78,8,458.46,5272.32,5656.67,Delivered,0,0.0,Indirect,UPI/Online
ORD100053,2024-12-04,Dec-2024,North,Punjab,Ludhiana,D015,Ludhiana Traders,Distributor,OUT0051,Supermarket,SP010_Pooja,Home Care,CleanWave Detergent 1kg,58.3,56,3264.8,0,0.0,3264.8,3694.0,Pending,0,0.0,Indirect,UPI/Online
ORD103032,2024-12-05,Dec-2024,East,Odisha,Bhubaneswar,D007,Bhubaneswar Distribution Co,Super Stockist,OUT0050,Wholesale Shop,SP015_Arjun,Beverages,MintCool Soda 300ml,82.13,32,2628.16,0,0.0,2628.16,2358.19,Delivered,0,0.0,Direct,Credit
ORD101360,2024-12-05,Dec-2024,Central,Madhya Pradesh,Bhopal,D029,Bhopal Distribution Co,Super Stockist,OUT0139,Convenience Store,SP006_Anjali,Snacks & Confectionery,CrispBite Chips 100g,169.27,10,1692.7,2,33.85,1658.85,1704.71,Delivered,0,0.0,Direct,UPI/Online
ORD103056,2024-12-05,Dec-2024,Central,Madhya Pradesh,Bhopal,D029,Bhopal Distribution Co,Super Stockist,OUT0103,Kirana/General Store,SP005_Vikram,Snacks & Confectionery,SweetPuff Biscuit 100g,337.45,8,2699.6,0,0.0,2699.6,2828.82,Delivered,0,0.0,Indirect,Credit
ORD103155,2024-12-05,Dec-2024,North,Uttar Pradesh,Lucknow,D010,Lucknow Marketing,Distributor,OUT0067,Modern Trade,SP007_Suresh,Dairy & Food Staples,PureDrop Milk 500ml,282.69,7,1978.83,8,158.31,1820.52,2068.94,Returned,2,565.38,Direct,Cash
ORD103649,2024-12-05,Dec-2024,South,Karnataka,Bengaluru,D002,Bengaluru Marketing,Distributor,OUT0046,Modern Trade,SP038_Rina,Beverages,FreshSip Cola 500ml,241.71,34,8218.14,0,0.0,8218.14,7260.24,Delivered,0,0.0,Indirect,UPI/Online
ORD103929,2024-12-05,Dec-2024,Central,Madhya Pradesh,Jabalpur,D004,Jabalpur Traders,Wholesaler,OUT0169,Convenience Store,SP011_Ravi,Beverages,FreshSip Cola 250ml,271.73,17,4619.41,12,554.33,4065.08,3949.55,Delivered,0,0.0,Direct,Credit
ORD101502,2024-12-05,Dec-2024,North,Delhi,New Delhi,D001,New Delhi Traders,Super Stockist,OUT0149,Supermarket,SP002_Amit,Beverages,MintCool Soda 300ml,75.15,8,601.2,0,0.0,601.2,548.87,Delivered,0,0.0,Indirect,Cash
ORD103815,2024-12-05,Dec-2024,Central,Madhya Pradesh,Bhopal,D029,Bhopal Distribution Co,Super Stockist,OUT0112,Supermarket,SP021_Rahul,Personal Care,SilkTouch Lotion 200ml,45.57,22,1002.54,2,20.05,982.49,1227.31,Delivered,0,0.0,Indirect,Cash
ORD101370,2024-12-05,Dec-2024,West,Rajasthan,Jodhpur,D013,Jodhpur Distribution Co,Super Stockist,OUT0155,Kirana/General Store,SP035_Arjun,Dairy & Food Staples,GoldenGrain Atta 5kg,109.09,28,3054.52,2,61.09,2993.43,3590.41,Delivered,0,0.0,Direct,Cash
ORD103159,2024-12-05,Dec-2024,North,Uttar Pradesh,Lucknow,D008,Lucknow Distribution Co,Distributor,OUT0029,Kirana/General Store,SP032_Divya,Personal Care,ShinyLocks Shampoo 200ml,77.04,4,308.16,2,6.16,302.0,347.02,Returned,1,77.04,Indirect,UPI/Online
ORD102075,2024-12-05,Dec-2024,Central,Madhya Pradesh,Bhopal,D029,Bhopal Distribution Co,Super Stockist,OUT0104,Supermarket,SP023_Priya,Personal Care,ShinyLocks Shampoo 200ml,231.57,60,13894.2,8,1111.54,12782.66,14161.74,Delivered,0,0.0,Indirect,UPI/Online
ORD103183,2024-12-05,Dec-2024,Central,Madhya Pradesh,Jabalpur,D004,Jabalpur Traders,Wholesaler,OUT0130,Kirana/General Store,SP039_Deepak,Snacks & Confectionery,CrispBite Chips 100g,97.8,15,1467.0,0,0.0,1467.0,1688.25,Delivered,0,0.0,Indirect,UPI/Online
ORD101785,2024-12-05,Dec-2024,South,Tamil Nadu,Coimbatore,D020,Coimbatore Marketing,Distributor,OUT0109,Wholesale Shop,SP008_Neha,Beverages,FreshSip Cola 500ml,220.13,27,5943.51,8,475.48,5468.03,4702.09,Delivered,0,0.0,Indirect,Credit
ORD100062,2024-12-05,Dec-2024,Central,Madhya Pradesh,Bhopal,D029,Bhopal Distribution Co,Super Stockist,OUT0103,Kirana/General Store,SP017_Sanjay,Dairy & Food Staples,PureDrop Milk 500ml,113.07,30,3392.1,12,407.05,2985.05,2981.49,Delivered,0,0.0,Indirect,Credit
ORD102642,2024-12-05,Dec-2024,Central,Madhya Pradesh,Bhopal,D029,Bhopal Distribution Co,Super Stockist,OUT0139,Convenience Store,SP009_Karan,Home Care,PureAir Freshener 250ml,333.65,15,5004.75,8,400.38,4604.37,5577.39,Delivered,0,0.0,Indirect,Credit
ORD100018,2024-12-05,Dec-2024,West,Goa,Panaji,D024,Panaji Marketing,Distributor,OUT0007,Modern Trade,SP012_Divya,Beverages,MintCool Soda 300ml,326.8,29,9477.2,8,758.18,8719.02,10524.06,Delivered,0,0.0,Direct,Credit
ORD100615,2024-12-05,Dec-2024,East,Odisha,Bhubaneswar,D007,Bhubaneswar Distribution Co,Super Stockist,OUT0062,Modern Trade,SP029_Karan,Dairy & Food Staples,GoldenGrain Atta 5kg,205.52,16,3288.32,0,0.0,3288.32,2948.12,Delivered,0,0.0,Indirect,Cash
ORD102127,2024-12-05,Dec-2024,West,Rajasthan,Jodhpur,D013,Jodhpur Distribution Co,Super Stockist,OUT0177,Wholesale Shop,SP011_Ravi,Snacks & Confectionery,CrispBite Chips 50g,167.17,36,6018.12,5,300.91,5717.21,5005.59,Delivered,0,0.0,Indirect,Cash
ORD101065,2024-12-05,Dec-2024,East,Odisha,Bhubaneswar,D028,Bhubaneswar Distribution Co,Wholesaler,OUT0014,Wholesale Shop,SP024_Sneha,Snacks & Confectionery,ChocoNut Bar 40g,125.79,34,4276.86,0,0.0,4276.86,4391.23,Delivered,0,0.0,Indirect,Credit
ORD102475,2024-12-06,Dec-2024,East,West Bengal,Kolkata,D006,Kolkata Enterprises,Distributor,OUT0170,Wholesale Shop,SP028_Neha,Snacks & Confectionery,SweetPuff Biscuit 100g,267.93,17,4554.81,2,91.1,4463.71,4777.8,Delivered,0,0.0,Indirect,Credit
ORD103925,2024-12-06,Dec-2024,South,Tamil Nadu,Coimbatore,D023,Coimbatore Marketing,Super Stockist,OUT0108,Convenience Store,SP035_Arjun,Home Care,SparkleShine Dishwash 500ml,175.05,19,3325.95,10,332.6,2993.35,3362.83,Delivered,0,0.0,Indirect,Credit
ORD100124,2024-12-06,Dec-2024,East,Odisha,Bhubaneswar,D007,Bhubaneswar Distribution Co,Super Stockist,OUT0193,Modern Trade,SP020_Shreya,Home Care,CleanWave Detergent 1kg,62.07,43,2669.01,0,0.0,2669.01,3037.37,Delivered,0,0.0,Indirect,UPI/Online
ORD101833,2024-12-06,Dec-2024,Central,Chhattisgarh,Raipur,D009,Raipur Enterprises,Wholesaler,OUT0121,Kirana/General Store,SP016_Meera,Personal Care,FreshBreath Toothpaste 150g,243.16,30,7294.8,10,729.48,6565.32,6472.28,Delivered,0,0.0,Indirect,Cash
ORD102270,2024-12-06,Dec-2024,East,Bihar,Patna,D014,Patna Distribution Co,Wholesaler,OUT0043,Modern Trade,SP024_Sneha,Snacks & Confectionery,ChocoNut Bar 40g,43.0,27,1161.0,8,92.88,1068.12,1000.72,Delivered,0,0.0,Indirect,Credit
ORD103154,2024-12-06,Dec-2024,South,Tamil Nadu,Coimbatore,D020,Coimbatore Marketing,Distributor,OUT0196,Wholesale Shop,SP022_Amit,Snacks & Confectionery,CrispBite Chips 50g,23.26,12,279.12,0,0.0,279.12,267.77,Delivered,0,0.0,Indirect,Cash
ORD100968,2024-12-06,Dec-2024,North,Delhi,New Delhi,D003,New Delhi Traders,Super Stockist,OUT0082,Supermarket,SP011_Ravi,Personal Care,ShinyLocks Shampoo 200ml,189.46,22,4168.12,8,333.45,3834.67,3983.31,Delivered,0,0.0,Direct,UPI/Online
ORD101752,2024-12-06,Dec-2024,Central,Chhattisgarh,Raipur,D005,Raipur Enterprises,Wholesaler,OUT0036,Wholesale Shop,SP021_Rahul,Dairy & Food Staples,DailyFresh Ghee 500ml,237.98,39,9281.22,10,928.12,8353.1,10196.49,Delivered,0,0.0,Indirect,Credit
ORD103216,2024-12-06,Dec-2024,West,Goa,Panaji,D019,Panaji Traders,Distributor,OUT0076,Modern Trade,SP031_Ravi,Home Care,ShineFloor Cleaner 1L,219.84,24,5276.16,8,422.09,4854.07,5744.69,Delivered,0,0.0,Indirect,UPI/Online
ORD101363,2024-12-06,Dec-2024,East,Odisha,Bhubaneswar,D007,Bhubaneswar Distribution Co,Super Stockist,OUT0035,Wholesale Shop,SP022_Amit,Dairy & Food Staples,SunRice Basmati 1kg,309.78,47,14559.66,5,727.98,13831.68,15403.82,Delivered,0,0.0,Direct,UPI/Online
ORD101312,2024-12-07,Dec-2024,South,Karnataka,Bengaluru,D002,Bengaluru Marketing,Distributor,OUT0124,Kirana/General Store,SP029_Karan,Beverages,OrangeZest Juice 1L,307.52,18,5535.36,2,110.71,5424.65,5889.72,Delivered,0,0.0,Direct,UPI/Online
ORD103063,2024-12-07,Dec-2024,North,Uttar Pradesh,Lucknow,D008,Lucknow Distribution Co,Distributor,OUT0004,Kirana/General Store,SP006_Anjali,Beverages,MintCool Soda 300ml,321.97,33,10625.01,2,212.5,10412.51,9033.26,Returned,2,643.94,Direct,UPI/Online
ORD102179,2024-12-07,Dec-2024,North,Delhi,New Delhi,D003,New Delhi Traders,Super Stockist,OUT0082,Supermarket,SP007_Suresh,Dairy & Food Staples,PureDrop Milk 500ml,279.16,19,5304.04,5,265.2,5038.84,4916.53,Delivered,0,0.0,Direct,Cash
ORD102766,2024-12-07,Dec-2024,South,Karnataka,Mysuru,D017,Mysuru Enterprises,Distributor,OUT0120,Modern Trade,SP017_Sanjay,Beverages,OrangeZest Juice 1L,145.27,11,1597.97,5,79.9,1518.07,1330.3,Delivered,0,0.0,Direct,UPI/Online
ORD102626,2024-12-07,Dec-2024,North,Punjab,Amritsar,D018,Amritsar Traders,Wholesaler,OUT0132,Kirana/General Store,SP006_Anjali,Snacks & Confectionery,CrispBite Chips 100g,257.5,30,7725.0,5,386.25,7338.75,7526.96,Delivered,0,0.0,Direct,Cash
ORD103660,2024-12-07,Dec-2024,Central,Madhya Pradesh,Bhopal,D029,Bhopal Distribution Co,Super Stockist,OUT0030,Kirana/General Store,SP001_Rahul,Home Care,CleanWave Detergent 1kg,200.74,19,3814.06,5,190.7,3623.36,3290.21,Delivered,0,0.0,Indirect,Credit
ORD103434,2024-12-07,Dec-2024,West,Gujarat,Surat,D027,Surat Agencies,Wholesaler,OUT0158,Modern Trade,SP006_Anjali,Personal Care,ShinyLocks Shampoo 200ml,261.34,17,4442.78,0,0.0,4442.78,3895.16,Delivered,0,0.0,Direct,Cash
ORD102407,2024-12-07,Dec-2024,Central,Madhya Pradesh,Bhopal,D029,Bhopal Distribution Co,Super Stockist,OUT0084,Wholesale Shop,SP010_Pooja,Snacks & Confectionery,CrispBite Chips 100g,158.02,12,1896.24,12,227.55,1668.69,1926.79,Delivered,0,0.0,Indirect,UPI/Online
ORD102378,2024-12-07,Dec-2024,East,Odisha,Bhubaneswar,D007,Bhubaneswar Distribution Co,Super Stockist,OUT0200,Modern Trade,SP025_Vikram,Dairy & Food Staples,PureDrop Milk 500ml,309.59,19,5882.21,2,117.64,5764.57,5848.32,Delivered,0,0.0,Indirect,Cash
ORD103976,2024-12-07,Dec-2024,North,Uttar Pradesh,Lucknow,D008,Lucknow Distribution Co,Distributor,OUT0038,Modern Trade,SP029_Karan,Beverages,FreshSip Cola 500ml,336.71,31,10438.01,0,0.0,10438.01,9100.94,Delivered,0,0.0,Indirect,UPI/Online
ORD101672,2024-12-07,Dec-2024,West,Goa,Panaji,D019,Panaji Traders,Distributor,OUT0026,Supermarket,SP026_Anjali,Dairy & Food Staples,SunRice Basmati 1kg,180.79,9,1627.11,8,130.17,1496.94,1302.01,Delivered,0,0.0,Direct,Credit
ORD102248,2024-12-07,Dec-2024,East,West Bengal,Kolkata,D006,Kolkata Enterprises,Distributor,OUT0064,Modern Trade,SP040_Shreya,Beverages,FreshSip Cola 250ml,71.69,19,1362.11,8,108.97,1253.14,1506.57,Pending,0,0.0,Indirect,Cash
ORD103018,2024-12-07,Dec-2024,South,Tamil Nadu,Coimbatore,D023,Coimbatore Marketing,Super Stockist,OUT0068,Wholesale Shop,SP027_Suresh,Dairy & Food Staples,GoldenGrain Atta 5kg,252.41,8,2019.28,10,201.93,1817.35,2063.08,Delivered,0,0.0,Direct,Cash
ORD100653,2024-12-08,Dec-2024,Central,Chhattisgarh,Raipur,D005,Raipur Enterprises,Wholesaler,OUT0102,Convenience Store,SP005_Vikram,Home Care,SparkleShine Dishwash 500ml,97.0,56,5432.0,5,271.6,5160.4,4510.07,Delivered,0,0.0,Indirect,UPI/Online
ORD102170,2024-12-08,Dec-2024,North,Punjab,Ludhiana,D015,Ludhiana Traders,Distributor,OUT0051,Supermarket,SP023_Priya,Personal Care,FreshBreath Toothpaste 150g,340.78,58,19765.24,2,395.3,19369.94,17010.95,Delivered,0,0.0,Indirect,Cash
ORD103153,2024-12-08,Dec-2024,South,Tamil Nadu,Coimbatore,D020,Coimbatore Marketing,Distributor,OUT0185,Convenience Store,SP019_Deepak,Snacks & Confectionery,SweetPuff Biscuit 100g,303.48,17,5159.16,0,0.0,5159.16,4531.78,Delivered,0,0.0,Direct,UPI/Online
ORD102548,2024-12-08,Dec-2024,North,Uttar Pradesh,Lucknow,D008,Lucknow Distribution Co,Distributor,OUT0022,Supermarket,SP019_Deepak,Home Care,ShineFloor Cleaner 1L,171.74,28,4808.72,8,384.7,4424.02,4436.18,Delivered,0,0.0,Direct,Credit
ORD100139,2024-12-08,Dec-2024,East,Odisha,Bhubaneswar,D007,Bhubaneswar Distribution Co,Super Stockist,OUT0091,Convenience Store,SP028_Neha,Beverages,MintCool Soda 300ml,109.35,25,2733.75,2,54.68,2679.07,2444.55,Delivered,0,0.0,Indirect,Cash
ORD103938,2024-12-08,Dec-2024,Central,Madhya Pradesh,Jabalpur,D030,Jabalpur Distribution Co,Distributor,OUT0002,Convenience Store,SP009_Karan,Snacks & Confectionery,CrispBite Chips 50g,187.62,25,4690.5,2,93.81,4596.69,4010.06,Cancelled,0,0.0,Direct,Cash
ORD101057,2024-12-09,Dec-2024,Central,Madhya Pradesh,Jabalpur,D004,Jabalpur Traders,Wholesaler,OUT0169,Convenience Store,SP009_Karan,Beverages,MintCool Soda 300ml,197.16,42,8280.72,0,0.0,8280.72,9569.52,Pending,0,0.0,Indirect,UPI/Online
ORD103105,2024-12-09,Dec-2024,Central,Chhattisgarh,Raipur,D011,Raipur Agencies,Super Stockist,OUT0190,Modern Trade,SP020_Shreya,Snacks & Confectionery,CrispBite Chips 50g,54.55,28,1527.4,10,152.74,1374.66,1496.7,Delivered,0,0.0,Indirect,Cash
ORD100195,2024-12-09,Dec-2024,Central,Chhattisgarh,Raipur,D009,Raipur Enterprises,Wholesaler,OUT0164,Kirana/General Store,SP011_Ravi,Home Care,PureAir Freshener 250ml,331.39,44,14581.16,5,729.06,13852.1,13293.67,Delivered,0,0.0,Indirect,UPI/Online
ORD103441,2024-12-09,Dec-2024,Central,Chhattisgarh,Raipur,D026,Raipur Agencies,Distributor,OUT0154,Kirana/General Store,SP002_Amit,Home Care,SparkleShine Dishwash 500ml,275.94,24,6622.56,5,331.13,6291.43,5801.04,Delivered,0,0.0,Direct,Credit
ORD100860,2024-12-09,Dec-2024,North,Uttar Pradesh,Lucknow,D008,Lucknow Distribution Co,Distributor,OUT0033,Convenience Store,SP010_Pooja,Snacks & Confectionery,CrispBite Chips 50g,146.89,13,1909.57,2,38.19,1871.38,2022.2,Delivered,0,0.0,Direct,Cash
ORD102789,2024-12-09,Dec-2024,West,Gujarat,Surat,D027,Surat Agencies,Wholesaler,OUT0123,Convenience Store,SP015_Arjun,Beverages,OrangeZest Juice 1L,255.6,4,1022.4,2,20.45,1001.95,1070.55,Pending,0,0.0,Direct,Credit
ORD100569,2024-12-09,Dec-2024,East,Bihar,Patna,D014,Patna Distribution Co,Wholesaler,OUT0015,Supermarket,SP019_Deepak,Snacks & Confectionery,ChocoNut Bar 40g,259.25,17,4407.25,5,220.36,4186.89,5002.84,Delivered,0,0.0,Indirect,Cash
ORD102753,2024-12-09,Dec-2024,Central,Chhattisgarh,Raipur,D022,Raipur Agencies,Super Stockist,OUT0094,Convenience Store,SP007_Suresh,Home Care,CleanWave Detergent 1kg,220.8,29,6403.2,2,128.06,6275.14,5342.78,Delivered,0,0.0,Direct,Cash
ORD100833,2024-12-09,Dec-2024,East,Odisha,Bhubaneswar,D028,Bhubaneswar Distribution Co,Wholesaler,OUT0031,Convenience Store,SP001_Rahul,Personal Care,ShinyLocks Shampoo 200ml,41.05,34,1395.7,0,0.0,1395.7,1735.1,Delivered,0,0.0,Direct,Cash
ORD103118,2024-12-09,Dec-2024,North,Delhi,New Delhi,D001,New Delhi Traders,Super Stockist,OUT0110,Wholesale Shop,SP029_Karan,Home Care,PureAir Freshener 250ml,287.12,14,4019.68,0,0.0,4019.68,4500.77,Delivered,0,0.0,Indirect,Cash
ORD100061,2024-12-09,Dec-2024,North,Delhi,New Delhi,D001,New Delhi Traders,Super Stockist,OUT0027,Kirana/General Store,SP019_Deepak,Snacks & Confectionery,ChocoNut Bar 40g,249.92,16,3998.72,10,399.87,3598.85,4215.67,Delivered,0,0.0,Indirect,Credit
ORD102168,2024-12-09,Dec-2024,East,Odisha,Bhubaneswar,D028,Bhubaneswar Distribution Co,Wholesaler,OUT0146,Supermarket,SP005_Vikram,Personal Care,FreshBreath Toothpaste 150g,203.97,12,2447.64,5,122.38,2325.26,2574.35,Delivered,0,0.0,Indirect,Credit
ORD103060,2024-12-09,Dec-2024,North,Delhi,New Delhi,D001,New Delhi Traders,Super Stockist,OUT0024,Wholesale Shop,SP038_Rina,Dairy & Food Staples,SunRice Basmati 1kg,41.06,17,698.02,5,34.9,663.12,671.66,Delivered,0,0.0,Indirect,Cash
ORD100604,2024-12-09,Dec-2024,Central,Chhattisgarh,Raipur,D011,Raipur Agencies,Super Stockist,OUT0168,Kirana/General Store,SP013_Manoj,Snacks & Confectionery,CrispBite Chips 50g,290.92,58,16873.36,2,337.47,16535.89,14127.01,Delivered,0,0.0,Direct,Cash
ORD101118,2024-12-09,Dec-2024,Central,Chhattisgarh,Raipur,D005,Raipur Enterprises,Wholesaler,OUT0116,Convenience Store,SP014_Kavita,Dairy & Food Staples,DailyFresh Ghee 500ml,47.52,21,997.92,5,49.9,948.02,1151.49,Delivered,0,0.0,Direct,Cash
ORD102964,2024-12-09,Dec-2024,South,Karnataka,Bengaluru,D002,Bengaluru Marketing,Distributor,OUT0046,Modern Trade,SP034_Kavita,Beverages,FreshSip Cola 500ml,259.73,22,5714.06,0,0.0,5714.06,6488.89,Delivered,0,0.0,Indirect,Credit
ORD103162,2024-12-10,Dec-2024,North,Delhi,New Delhi,D001,New Delhi Traders,Super Stockist,OUT0001,Kirana/General Store,SP032_Divya,Beverages,MintCool Soda 300ml,91.66,6,549.96,10,55.0,494.96,525.77,Delivered,0,0.0,Direct,UPI/Online
ORD103071,2024-12-10,Dec-2024,Central,Chhattisgarh,Raipur,D022,Raipur Agencies,Super Stockist,OUT0186,Kirana/General Store,SP010_Pooja,Dairy & Food Staples,DailyFresh Ghee 500ml,331.95,24,7966.8,2,159.34,7807.46,7530.75,Delivered,0,0.0,Direct,Cash
ORD103560,2024-12-10,Dec-2024,North,Delhi,New Delhi,D001,New Delhi Traders,Super Stockist,OUT0110,Wholesale Shop,SP027_Suresh,Beverages,OrangeZest Juice 1L,317.05,5,1585.25,12,190.23,1395.02,1675.97,Delivered,0,0.0,Indirect,UPI/Online
ORD101359,2024-12-10,Dec-2024,Central,Chhattisgarh,Raipur,D022,Raipur Agencies,Super Stockist,OUT0141,Kirana/General Store,SP031_Ravi,Home Care,SparkleShine Dishwash 500ml,103.23,15,1548.45,10,154.84,1393.61,1656.27,Delivered,0,0.0,Indirect,Cash
ORD100354,2024-12-10,Dec-2024,Central,Madhya Pradesh,Jabalpur,D030,Jabalpur Distribution Co,Distributor,OUT0181,Wholesale Shop,SP008_Neha,Personal Care,GlowSoft Soap 100g,99.82,17,1696.94,2,33.94,1663.0,1811.58,Delivered,0,0.0,Indirect,Credit
ORD101778,2024-12-10,Dec-2024,North,Punjab,Ludhiana,D015,Ludhiana Traders,Distributor,OUT0051,Supermarket,SP032_Divya,Personal Care,SilkTouch Lotion 200ml,331.21,29,9605.09,0,0.0,9605.09,11371.65,Delivered,0,0.0,Direct,Cash
ORD102897,2024-12-10,Dec-2024,South,Telangana,Hyderabad,D012,Hyderabad Traders,Super Stockist,OUT0166,Wholesale Shop,SP038_Rina,Dairy & Food Staples,GoldenGrain Atta 5kg,113.28,54,6117.12,5,305.86,5811.26,5170.38,Delivered,0,0.0,Direct,UPI/Online
ORD102340,2024-12-10,Dec-2024,Central,Chhattisgarh,Raipur,D021,Raipur Traders,Super Stockist,OUT0126,Convenience Store,SP040_Shreya,Home Care,PureAir Freshener 250ml,191.71,14,2683.94,10,268.39,2415.55,2174.36,Returned,3,575.13,Direct,UPI/Online
ORD101775,2024-12-10,Dec-2024,North,Uttar Pradesh,Lucknow,D010,Lucknow Marketing,Distributor,OUT0199,Convenience Store,SP028_Neha,Beverages,OrangeZest Juice 1L,73.54,30,2206.2,10,220.62,1985.58,2470.84,Delivered,0,0.0,Indirect,Cash
ORD101163,2024-12-10,Dec-2024,Central,Chhattisgarh,Raipur,D005,Raipur Enterprises,Wholesaler,OUT0036,Wholesale Shop,SP038_Rina,Home Care,SparkleShine Dishwash 500ml,51.2,26,1331.2,5,66.56,1264.64,1102.05,Delivered,0,0.0,Direct,UPI/Online
ORD103909,2024-12-10,Dec-2024,North,Punjab,Amritsar,D018,Amritsar Traders,Wholesaler,OUT0129,Kirana/General Store,SP013_Manoj,Beverages,FreshSip Cola 250ml,133.55,21,2804.55,10,280.46,2524.09,2562.07,Delivered,0,0.0,Direct,UPI/Online
ORD102049,2024-12-10,Dec-2024,Central,Chhattisgarh,Raipur,D026,Raipur Agencies,Distributor,OUT0039,Modern Trade,SP021_Rahul,Snacks & Confectionery,SweetPuff Biscuit 100g,213.03,43,9160.29,2,183.21,8977.08,11071.79,Delivered,0,0.0,Direct,Credit
ORD100276,2024-12-10,Dec-2024,South,Tamil Nadu,Coimbatore,D020,Coimbatore Marketing,Distributor,OUT0185,Convenience Store,SP016_Meera,Dairy & Food Staples,SunRice Basmati 1kg,225.89,14,3162.46,2,63.25,3099.21,3733.44,Delivered,0,0.0,Indirect,Cash
ORD100885,2024-12-10,Dec-2024,Central,Chhattisgarh,Raipur,D026,Raipur Agencies,Distributor,OUT0151,Modern Trade,SP021_Rahul,Snacks & Confectionery,ChocoNut Bar 40g,163.55,27,4415.85,5,220.79,4195.06,3839.91,Delivered,0,0.0,Indirect,Cash
ORD103355,2024-12-10,Dec-2024,North,Uttar Pradesh,Lucknow,D010,Lucknow Marketing,Distributor,OUT0137,Convenience Store,SP003_Priya,Dairy & Food Staples,SunRice Basmati 1kg,223.04,18,4014.72,0,0.0,4014.72,3540.51,Delivered,0,0.0,Indirect,UPI/Online
ORD102000,2024-12-11,Dec-2024,North,Uttar Pradesh,Lucknow,D010,Lucknow Marketing,Distributor,OUT0197,Modern Trade,SP037_Sanjay,Personal Care,SilkTouch Lotion 200ml,287.76,36,10359.36,0,0.0,10359.36,10234.59,Delivered,0,0.0,Indirect,Cash
ORD101886,2024-12-11,Dec-2024,South,Karnataka,Bengaluru,D002,Bengaluru Marketing,Distributor,OUT0124,Kirana/General Store,SP012_Divya,Beverages,OrangeZest Juice 1L,284.4,9,2559.6,10,255.96,2303.64,2050.3,Delivered,0,0.0,Indirect,Credit
ORD101916,2024-12-11,Dec-2024,South,Karnataka,Mysuru,D017,Mysuru Enterprises,Distributor,OUT0120,Modern Trade,SP040_Shreya,Beverages,FreshSip Cola 500ml,122.06,28,3417.68,0,0.0,3417.68,3648.57,Delivered,0,0.0,Indirect,Cash
ORD101893,2024-12-11,Dec-2024,North,Punjab,Ludhiana,D015,Ludhiana Traders,Distributor,OUT0021,Kirana/General Store,SP038_Rina,Snacks & Confectionery,CrispBite Chips 50g,229.52,21,4819.92,0,0.0,4819.92,5481.67,Delivered,0,0.0,Direct,UPI/Online
ORD103340,2024-12-11,Dec-2024,South,Tamil Nadu,Coimbatore,D023,Coimbatore Marketing,Super Stockist,OUT0108,Convenience Store,SP001_Rahul,Snacks & Confectionery,CrispBite Chips 100g,210.9,15,3163.5,12,379.62,2783.88,2965.29,Delivered,0,0.0,Indirect,Cash
ORD100099,2024-12-11,Dec-2024,East,West Bengal,Kolkata,D006,Kolkata Enterprises,Distributor,OUT0060,Modern Trade,SP021_Rahul,Home Care,CleanWave Detergent 1kg,179.89,15,2698.35,2,53.97,2644.38,3038.36,Delivered,0,0.0,Indirect,UPI/Online
ORD101299,2024-12-11,Dec-2024,North,Uttar Pradesh,Lucknow,D010,Lucknow Marketing,Distributor,OUT0137,Convenience Store,SP034_Kavita,Snacks & Confectionery,SweetPuff Biscuit 100g,40.97,14,573.58,12,68.83,504.75,487.16,Delivered,0,0.0,Indirect,UPI/Online
ORD103737,2024-12-11,Dec-2024,South,Telangana,Hyderabad,D012,Hyderabad Traders,Super Stockist,OUT0166,Wholesale Shop,SP033_Manoj,Home Care,ShineFloor Cleaner 1L,209.2,41,8577.2,2,171.54,8405.66,7848.14,Delivered,0,0.0,Indirect,Credit
ORD100671,2024-12-11,Dec-2024,North,Uttar Pradesh,Lucknow,D008,Lucknow Distribution Co,Distributor,OUT0054,Kirana/General Store,SP017_Sanjay,Home Care,CleanWave Detergent 1kg,308.04,26,8009.04,5,400.45,7608.59,7035.33,Delivered,0,0.0,Direct,UPI/Online
ORD102264,2024-12-11,Dec-2024,Central,Madhya Pradesh,Bhopal,D029,Bhopal Distribution Co,Super Stockist,OUT0139,Convenience Store,SP039_Deepak,Home Care,PureAir Freshener 250ml,160.37,21,3367.77,8,269.42,3098.35,3002.73,Cancelled,0,0.0,Indirect,Cash
ORD102286,2024-12-11,Dec-2024,East,Odisha,Bhubaneswar,D007,Bhubaneswar Distribution Co,Super Stockist,OUT0200,Modern Trade,SP030_Pooja,Beverages,MintCool Soda 300ml,293.74,27,7930.98,2,158.62,7772.36,6633.1,Delivered,0,0.0,Direct,Cash
ORD100837,2024-12-11,Dec-2024,Central,Chhattisgarh,Raipur,D009,Raipur Enterprises,Wholesaler,OUT0013,Wholesale Shop,SP026_Anjali,Beverages,MintCool Soda 300ml,137.08,33,4523.64,0,0.0,4523.64,5445.27,Delivered,0,0.0,Direct,Credit
ORD101419,2024-12-12,Dec-2024,Central,Madhya Pradesh,Bhopal,D029,Bhopal Distribution Co,Super Stockist,OUT0131,Supermarket,SP035_Arjun,Snacks & Confectionery,SweetPuff Biscuit 100g,125.49,8,1003.92,5,50.2,953.72,1076.99,Delivered,0,0.0,Indirect,UPI/Online
ORD100347,2024-12-12,Dec-2024,East,Bihar,Patna,D014,Patna Distribution Co,Wholesaler,OUT0043,Modern Trade,SP036_Meera,Snacks & Confectionery,CrispBite Chips 100g,249.07,5,1245.35,0,0.0,1245.35,1383.91,Delivered,0,0.0,Indirect,Credit
ORD100534,2024-12-12,Dec-2024,North,Delhi,New Delhi,D003,New Delhi Traders,Super Stockist,OUT0081,Wholesale Shop,SP001_Rahul,Home Care,CleanWave Detergent 1kg,90.92,35,3182.2,0,0.0,3182.2,3590.99,Delivered,0,0.0,Direct,Cash
ORD101298,2024-12-12,Dec-2024,Central,Chhattisgarh,Raipur,D005,Raipur Enterprises,Wholesaler,OUT0070,Supermarket,SP003_Priya,Snacks & Confectionery,SweetPuff Biscuit 100g,113.49,33,3745.17,12,449.42,3295.75,3699.76,Delivered,0,0.0,Direct,Cash
ORD103414,2024-12-12,Dec-2024,Central,Madhya Pradesh,Bhopal,D029,Bhopal Distribution Co,Super Stockist,OUT0114,Kirana/General Store,SP039_Deepak,Dairy & Food Staples,PureDrop Milk 500ml,248.19,20,4963.8,2,99.28,4864.52,5750.0,Delivered,0,0.0,Indirect,Credit
ORD100829,2024-12-12,Dec-2024,Central,Chhattisgarh,Raipur,D022,Raipur Agencies,Super Stockist,OUT0034,Modern Trade,SP034_Kavita,Snacks & Confectionery,CrispBite Chips 50g,31.36,17,533.12,8,42.65,490.47,433.91,Cancelled,0,0.0,Indirect,UPI/Online
ORD102509,2024-12-12,Dec-2024,Central,Chhattisgarh,Raipur,D005,Raipur Enterprises,Wholesaler,OUT0136,Kirana/General Store,SP039_Deepak,Dairy & Food Staples,DailyFresh Ghee 500ml,130.37,35,4562.95,12,547.55,4015.4,4149.59,Delivered,0,0.0,Indirect,Cash
ORD100660,2024-12-12,Dec-2024,North,Delhi,New Delhi,D001,New Delhi Traders,Super Stockist,OUT0180,Wholesale Shop,SP035_Arjun,Snacks & Confectionery,ChocoNut Bar 40g,250.28,23,5756.44,5,287.82,5468.62,5295.43,Returned,4,1001.12,Indirect,UPI/Online
ORD102958,2024-12-12,Dec-2024,North,Punjab,Amritsar,D018,Amritsar Traders,Wholesaler,OUT0012,Supermarket,SP036_Meera,Personal Care,ShinyLocks Shampoo 200ml,98.04,13,1274.52,8,101.96,1172.56,1430.74,Delivered,0,0.0,Direct,UPI/Online
ORD102759,2024-12-12,Dec-2024,East,Odisha,Bhubaneswar,D007,Bhubaneswar Distribution Co,Super Stockist,OUT0091,Convenience Store,SP017_Sanjay,Home Care,ShineFloor Cleaner 1L,149.75,18,2695.5,0,0.0,2695.5,2979.32,Delivered,0,0.0,Indirect,UPI/Online
ORD103575,2024-12-12,Dec-2024,Central,Chhattisgarh,Raipur,D026,Raipur Agencies,Distributor,OUT0154,Kirana/General Store,SP037_Sanjay,Beverages,MintCool Soda 300ml,237.65,36,8555.4,0,0.0,8555.4,10492.84,Delivered,0,0.0,Indirect,Cash
ORD102961,2024-12-13,Dec-2024,South,Tamil Nadu,Coimbatore,D020,Coimbatore Marketing,Distributor,OUT0086,Kirana/General Store,SP036_Meera,Home Care,PureAir Freshener 250ml,324.57,29,9412.53,8,753.0,8659.53,9073.51,Delivered,0,0.0,Indirect,UPI/Online
ORD101425,2024-12-13,Dec-2024,East,West Bengal,Kolkata,D006,Kolkata Enterprises,Distributor,OUT0064,Modern Trade,SP019_Deepak,Dairy & Food Staples,PureDrop Milk 500ml,32.61,2,65.22,8,5.22,60.0,65.26,Delivered,0,0.0,Direct,Credit
ORD101356,2024-12-13,Dec-2024,Central,Madhya Pradesh,Bhopal,D029,Bhopal Distribution Co,Super Stockist,OUT0114,Kirana/General Store,SP006_Anjali,Snacks & Confectionery,SweetPuff Biscuit 100g,174.66,9,1571.94,2,31.44,1540.5,1482.35,Delivered,0,0.0,Indirect,UPI/Online
ORD102636,2024-12-13,Dec-2024,Central,Madhya Pradesh,Jabalpur,D004,Jabalpur Traders,Wholesaler,OUT0169,Convenience Store,SP029_Karan,Personal Care,GlowSoft Soap 100g,250.54,60,15032.4,2,300.65,14731.75,13482.0,Pending,0,0.0,Indirect,UPI/Online
ORD103214,2024-12-13,Dec-2024,Central,Madhya Pradesh,Bhopal,D029,Bhopal Distribution Co,Super Stockist,OUT0104,Supermarket,SP023_Priya,Beverages,OrangeZest Juice 1L,292.98,13,3808.74,0,0.0,3808.74,4511.93,Pending,0,0.0,Indirect,Cash
ORD100821,2024-12-13,Dec-2024,North,Delhi,New Delhi,D003,New Delhi Traders,Super Stockist,OUT0081,Wholesale Shop,SP022_Amit,Dairy & Food Staples,PureDrop Milk 500ml,221.42,10,2214.2,0,0.0,2214.2,2636.71,Delivered,0,0.0,Direct,UPI/Online
ORD100342,2024-12-13,Dec-2024,Central,Chhattisgarh,Raipur,D026,Raipur Agencies,Distributor,OUT0151,Modern Trade,SP031_Ravi,Dairy & Food Staples,GoldenGrain Atta 5kg,138.07,27,3727.89,8,298.23,3429.66,3153.59,Delivered,0,0.0,Direct,Cash
ORD101439,2024-12-13,Dec-2024,East,Bihar,Patna,D014,Patna Distribution Co,Wholesaler,OUT0088,Wholesale Shop,SP019_Deepak,Home Care,CleanWave Detergent 1kg,210.82,25,5270.5,5,263.52,5006.98,4990.87,Delivered,0,0.0,Indirect,Credit
ORD102400,2024-12-13,Dec-2024,South,Karnataka,Mysuru,D017,Mysuru Enterprises,Distributor,OUT0176,Kirana/General Store,SP022_Amit,Personal Care,GlowSoft Soap 100g,240.93,21,5059.53,0,0.0,5059.53,6053.6,Delivered,0,0.0,Direct,Credit
ORD100135,2024-12-13,Dec-2024,West,Goa,Panaji,D024,Panaji Marketing,Distributor,OUT0174,Convenience Store,SP003_Priya,Dairy & Food Staples,SunRice Basmati 1kg,348.97,29,10120.13,5,506.01,9614.12,11056.09,Delivered,0,0.0,Indirect,Credit
ORD100636,2024-12-13,Dec-2024,West,Rajasthan,Jodhpur,D013,Jodhpur Distribution Co,Super Stockist,OUT0167,Wholesale Shop,SP034_Kavita,Home Care,ShineFloor Cleaner 1L,143.66,15,2154.9,8,172.39,1982.51,1863.02,Delivered,0,0.0,Direct,Cash
ORD103759,2024-12-13,Dec-2024,Central,Madhya Pradesh,Bhopal,D029,Bhopal Distribution Co,Super Stockist,OUT0139,Convenience Store,SP010_Pooja,Snacks & Confectionery,CrispBite Chips 50g,342.71,10,3427.1,0,0.0,3427.1,2991.62,Delivered,0,0.0,Indirect,Credit
ORD101311,2024-12-13,Dec-2024,North,Punjab,Amritsar,D018,Amritsar Traders,Wholesaler,OUT0198,Kirana/General Store,SP021_Rahul,Snacks & Confectionery,ChocoNut Bar 40g,187.16,18,3368.88,0,0.0,3368.88,3851.85,Delivered,0,0.0,Direct,UPI/Online
ORD101632,2024-12-13,Dec-2024,Central,Chhattisgarh,Raipur,D022,Raipur Agencies,Super Stockist,OUT0195,Supermarket,SP001_Rahul,Beverages,OrangeZest Juice 1L,244.05,55,13422.75,0,0.0,13422.75,14161.49,Delivered,0,0.0,Indirect,UPI/Online
ORD100882,2024-12-13,Dec-2024,North,Delhi,New Delhi,D003,New Delhi Traders,Super Stockist,OUT0081,Wholesale Shop,SP023_Priya,Dairy & Food Staples,PureDrop Milk 500ml,326.16,9,2935.44,5,146.77,2788.67,3235.84,Delivered,0,0.0,Direct,UPI/Online
ORD102129,2024-12-14,Dec-2024,North,Delhi,New Delhi,D003,New Delhi Traders,Super Stockist,OUT0184,Convenience Store,SP037_Sanjay,Home Care,PureAir Freshener 250ml,201.08,15,3016.2,12,361.94,2654.26,2644.07,Delivered,0,0.0,Indirect,Credit
ORD101634,2024-12-14,Dec-2024,South,Karnataka,Bengaluru,D002,Bengaluru Marketing,Distributor,OUT0075,Kirana/General Store,SP007_Suresh,Snacks & Confectionery,CrispBite Chips 100g,275.12,37,10179.44,2,203.59,9975.85,10376.99,Delivered,0,0.0,Indirect,Cash
ORD103664,2024-12-14,Dec-2024,North,Uttar Pradesh,Lucknow,D008,Lucknow Distribution Co,Distributor,OUT0054,Kirana/General Store,SP003_Priya,Dairy & Food Staples,SunRice Basmati 1kg,189.42,5,947.1,0,0.0,947.1,1146.49,Delivered,0,0.0,Direct,Cash
ORD102665,2024-12-14,Dec-2024,South,Karnataka,Bengaluru,D002,Bengaluru Marketing,Distributor,OUT0074,Convenience Store,SP040_Shreya,Personal Care,ShinyLocks Shampoo 200ml,285.18,24,6844.32,8,547.55,6296.77,7508.21,Delivered,0,0.0,Direct,Credit
ORD102914,2024-12-14,Dec-2024,North,Uttar Pradesh,Lucknow,D008,Lucknow Distribution Co,Distributor,OUT0004,Kirana/General Store,SP006_Anjali,Beverages,MintCool Soda 300ml,349.65,40,13986.0,0,0.0,13986.0,15761.92,Delivered,0,0.0,Direct,UPI/Online
ORD102266,2024-12-14,Dec-2024,East,Bihar,Patna,D014,Patna Distribution Co,Wholesaler,OUT0043,Modern Trade,SP010_Pooja,Beverages,OrangeZest Juice 1L,176.23,30,5286.9,10,528.69,4758.21,5754.16,Delivered,0,0.0,Indirect,UPI/Online
ORD101856,2024-12-14,Dec-2024,Central,Madhya Pradesh,Jabalpur,D025,Jabalpur Agencies,Wholesaler,OUT0165,Convenience Store,SP019_Deepak,Snacks & Confectionery,CrispBite Chips 100g,53.06,21,1114.26,2,22.29,1091.97,1284.07,Delivered,0,0.0,Direct,Credit
ORD101740,2024-12-14,Dec-2024,West,Gujarat,Surat,D027,Surat Agencies,Wholesaler,OUT0107,Wholesale Shop,SP002_Amit,Beverages,MintCool Soda 300ml,55.11,73,4023.03,5,201.15,3821.88,3745.17,Delivered,0,0.0,Indirect,Cash
ORD100384,2024-12-14,Dec-2024,Central,Madhya Pradesh,Bhopal,D029,Bhopal Distribution Co,Super Stockist,OUT0114,Kirana/General Store,SP028_Neha,Beverages,FreshSip Cola 250ml,346.05,57,19724.85,2,394.5,19330.35,20339.05,Delivered,0,0.0,Indirect,Cash
ORD103031,2024-12-15,Dec-2024,South,Karnataka,Bengaluru,D002,Bengaluru Marketing,Distributor,OUT0046,Modern Trade,SP030_Pooja,Snacks & Confectionery,CrispBite Chips 50g,179.6,25,4490.0,10,449.0,4041.0,3513.29,Delivered,0,0.0,Direct,Credit
ORD102462,2024-12-15,Dec-2024,Central,Madhya Pradesh,Bhopal,D029,Bhopal Distribution Co,Super Stockist,OUT0131,Supermarket,SP018_Rina,Snacks & Confectionery,SweetPuff Biscuit 100g,337.0,11,3707.0,5,185.35,3521.65,4072.23,Pending,0,0.0,Direct,UPI/Online
ORD100570,2024-12-15,Dec-2024,North,Delhi,New Delhi,D001,New Delhi Traders,Super Stockist,OUT0065,Modern Trade,SP014_Kavita,Snacks & Confectionery,CrispBite Chips 50g,123.58,42,5190.36,10,519.04,4671.32,4335.3,Delivered,0,0.0,Indirect,Credit
ORD103767,2024-12-15,Dec-2024,East,Bihar,Patna,D014,Patna Distribution Co,Wholesaler,OUT0015,Supermarket,SP017_Sanjay,Personal Care,GlowSoft Soap 100g,145.15,32,4644.8,12,557.38,4087.42,4140.73,Delivered,0,0.0,Indirect,Credit
ORD101926,2024-12-15,Dec-2024,West,Goa,Panaji,D019,Panaji Traders,Distributor,OUT0026,Supermarket,SP013_Manoj,Home Care,ShineFloor Cleaner 1L,100.69,8,805.52,8,64.44,741.08,685.21,Delivered,0,0.0,Indirect,Credit
ORD103493,2024-12-15,Dec-2024,Central,Madhya Pradesh,Jabalpur,D025,Jabalpur Agencies,Wholesaler,OUT0009,Wholesale Shop,SP036_Meera,Snacks & Confectionery,SweetPuff Biscuit 100g,343.65,31,10653.15,2,213.06,10440.09,12203.24,Delivered,0,0.0,Indirect,UPI/Online
ORD101595,2024-12-15,Dec-2024,Central,Chhattisgarh,Raipur,D022,Raipur Agencies,Super Stockist,OUT0194,Modern Trade,SP013_Manoj,Home Care,PureAir Freshener 250ml,127.29,31,3945.99,8,315.68,3630.31,4331.19,Delivered,0,0.0,Indirect,Cash
ORD101066,2024-12-16,Dec-2024,North,Delhi,New Delhi,D003,New Delhi Traders,Super Stockist,OUT0032,Wholesale Shop,SP001_Rahul,Dairy & Food Staples,GoldenGrain Atta 5kg,134.42,28,3763.76,0,0.0,3763.76,3428.0,Delivered,0,0.0,Indirect,Credit
ORD102772,2024-12-16,Dec-2024,East,Odisha,Bhubaneswar,D028,Bhubaneswar Distribution Co,Wholesaler,OUT0031,Convenience Store,SP007_Suresh,Home Care,ShineFloor Cleaner 1L,217.95,3,653.85,2,13.08,640.77,681.71,Returned,1,217.95,Direct,Credit
ORD102470,2024-12-16,Dec-2024,Central,Chhattisgarh,Raipur,D005,Raipur Enterprises,Wholesaler,OUT0102,Convenience Store,SP037_Sanjay,Snacks & Confectionery,CrispBite Chips 100g,27.37,21,574.77,0,0.0,574.77,568.76,Delivered,0,0.0,Direct,Cash
ORD101837,2024-12-16,Dec-2024,East,Odisha,Bhubaneswar,D028,Bhubaneswar Distribution Co,Wholesaler,OUT0031,Convenience Store,SP002_Amit,Dairy & Food Staples,SunRice Basmati 1kg,56.49,25,1412.25,12,169.47,1242.78,1504.37,Delivered,0,0.0,Indirect,Cash
ORD101107,2024-12-16,Dec-2024,West,Rajasthan,Jodhpur,D013,Jodhpur Distribution Co,Super Stockist,OUT0155,Kirana/General Store,SP033_Manoj,Snacks & Confectionery,ChocoNut Bar 40g,33.05,20,661.0,5,33.05,627.95,694.05,Delivered,0,0.0,Indirect,Credit
ORD102141,2024-12-16,Dec-2024,East,West Bengal,Kolkata,D006,Kolkata Enterprises,Distributor,OUT0060,Modern Trade,SP025_Vikram,Beverages,MintCool Soda 300ml,175.51,14,2457.14,5,122.86,2334.28,2559.97,Delivered,0,0.0,Direct,Cash
ORD101422,2024-12-16,Dec-2024,East,Odisha,Bhubaneswar,D028,Bhubaneswar Distribution Co,Wholesaler,OUT0156,Modern Trade,SP034_Kavita,Beverages,MintCool Soda 300ml,140.48,23,3231.04,5,161.55,3069.49,3392.4,Delivered,0,0.0,Indirect,UPI/Online
ORD103538,2024-12-16,Dec-2024,North,Punjab,Amritsar,D018,Amritsar Traders,Wholesaler,OUT0192,Supermarket,SP009_Karan,Home Care,CleanWave Detergent 1kg,254.58,42,10692.36,8,855.39,9836.97,11481.65,Delivered,0,0.0,Indirect,Credit
ORD101406,2024-12-16,Dec-2024,Central,Chhattisgarh,Raipur,D022,Raipur Agencies,Super Stockist,OUT0141,Kirana/General Store,SP024_Sneha,Home Care,CleanWave Detergent 1kg,246.59,18,4438.62,0,0.0,4438.62,4133.37,Delivered,0,0.0,Direct,Cash
ORD101084,2024-12-16,Dec-2024,South,Telangana,Hyderabad,D012,Hyderabad Traders,Super Stockist,OUT0166,Wholesale Shop,SP021_Rahul,Home Care,CleanWave Detergent 1kg,229.91,19,4368.29,5,218.41,4149.88,5169.56,Delivered,0,0.0,Direct,Cash
ORD103410,2024-12-16,Dec-2024,North,Delhi,New Delhi,D003,New Delhi Traders,Super Stockist,OUT0184,Convenience Store,SP007_Suresh,Dairy & Food Staples,PureDrop Milk 500ml,85.32,23,1962.36,5,98.12,1864.24,2283.15,Cancelled,0,0.0,Indirect,Credit
ORD101645,2024-12-16,Dec-2024,North,Uttar Pradesh,Lucknow,D008,Lucknow Distribution Co,Distributor,OUT0038,Modern Trade,SP011_Ravi,Home Care,SparkleShine Dishwash 500ml,97.78,24,2346.72,0,0.0,2346.72,2258.73,Returned,5,488.9,Indirect,UPI/Online
ORD101617,2024-12-17,Dec-2024,South,Karnataka,Mysuru,D017,Mysuru Enterprises,Distributor,OUT0079,Kirana/General Store,SP008_Neha,Dairy & Food Staples,PureDrop Milk 500ml,96.67,44,4253.48,2,85.07,4168.41,3567.28,Delivered,0,0.0,Direct,Cash
ORD100431,2024-12-17,Dec-2024,Central,Chhattisgarh,Raipur,D022,Raipur Agencies,Super Stockist,OUT0162,Supermarket,SP002_Amit,Beverages,OrangeZest Juice 1L,342.08,25,8552.0,0,0.0,8552.0,10030.32,Delivered,0,0.0,Indirect,Cash
ORD101319,2024-12-17,Dec-2024,South,Karnataka,Bengaluru,D002,Bengaluru Marketing,Distributor,OUT0179,Modern Trade,SP029_Karan,Snacks & Confectionery,SweetPuff Biscuit 100g,140.48,14,1966.72,5,98.34,1868.38,1668.81,Delivered,0,0.0,Indirect,Cash
ORD100675,2024-12-17,Dec-2024,North,Delhi,New Delhi,D003,New Delhi Traders,Super Stockist,OUT0059,Supermarket,SP028_Neha,Beverages,OrangeZest Juice 1L,184.38,68,12537.84,0,0.0,12537.84,13734.64,Delivered,0,0.0,Indirect,UPI/Online
ORD101888,2024-12-17,Dec-2024,South,Karnataka,Mysuru,D017,Mysuru Enterprises,Distributor,OUT0188,Convenience Store,SP011_Ravi,Beverages,MintCool Soda 300ml,241.32,24,5791.68,0,0.0,5791.68,6808.86,Cancelled,0,0.0,Indirect,Cash
ORD101485,2024-12-17,Dec-2024,North,Delhi,New Delhi,D003,New Delhi Traders,Super Stockist,OUT0184,Convenience Store,SP015_Arjun,Beverages,MintCool Soda 300ml,52.5,23,1207.5,2,24.15,1183.35,1244.96,Pending,0,0.0,Direct,Cash
ORD100380,2024-12-18,Dec-2024,Central,Chhattisgarh,Raipur,D022,Raipur Agencies,Super Stockist,OUT0034,Modern Trade,SP006_Anjali,Personal Care,ShinyLocks Shampoo 200ml,125.23,6,751.38,5,37.57,713.81,713.68,Delivered,0,0.0,Indirect,Credit
ORD102319,2024-12-18,Dec-2024,West,Goa,Panaji,D019,Panaji Traders,Distributor,OUT0076,Modern Trade,SP021_Rahul,Snacks & Confectionery,ChocoNut Bar 40g,150.86,18,2715.48,8,217.24,2498.24,2901.85,Pending,0,0.0,Indirect,UPI/Online
ORD102480,2024-12-18,Dec-2024,North,Uttar Pradesh,Lucknow,D010,Lucknow Marketing,Distributor,OUT0071,Supermarket,SP015_Arjun,Home Care,ShineFloor Cleaner 1L,244.72,62,15172.64,0,0.0,15172.64,18186.76,Delivered,0,0.0,Direct,Credit
ORD101851,2024-12-18,Dec-2024,Central,Madhya Pradesh,Jabalpur,D004,Jabalpur Traders,Wholesaler,OUT0130,Kirana/General Store,SP020_Shreya,Home Care,SparkleShine Dishwash 500ml,28.25,14,395.5,10,39.55,355.95,381.12,Delivered,0,0.0,Indirect,Cash
ORD100530,2024-12-18,Dec-2024,South,Karnataka,Bengaluru,D002,Bengaluru Marketing,Distributor,OUT0124,Kirana/General Store,SP006_Anjali,Personal Care,ShinyLocks Shampoo 200ml,284.99,10,2849.9,5,142.5,2707.4,2485.26,Delivered,0,0.0,Direct,UPI/Online
ORD102272,2024-12-18,Dec-2024,East,Odisha,Bhubaneswar,D007,Bhubaneswar Distribution Co,Super Stockist,OUT0193,Modern Trade,SP010_Pooja,Beverages,FreshSip Cola 500ml,185.41,13,2410.33,0,0.0,2410.33,2507.51,Delivered,0,0.0,Indirect,Credit
ORD103555,2024-12-18,Dec-2024,South,Karnataka,Mysuru,D017,Mysuru Enterprises,Distributor,OUT0120,Modern Trade,SP018_Rina,Snacks & Confectionery,CrispBite Chips 100g,197.57,13,2568.41,5,128.42,2439.99,2150.09,Delivered,0,0.0,Indirect,UPI/Online
ORD103724,2024-12-18,Dec-2024,North,Delhi,New Delhi,D001,New Delhi Traders,Super Stockist,OUT0001,Kirana/General Store,SP012_Divya,Beverages,MintCool Soda 300ml,87.36,32,2795.52,0,0.0,2795.52,2801.08,Delivered,0,0.0,Indirect,Cash
ORD101957,2024-12-19,Dec-2024,West,Rajasthan,Jodhpur,D013,Jodhpur Distribution Co,Super Stockist,OUT0167,Wholesale Shop,SP012_Divya,Snacks & Confectionery,CrispBite Chips 100g,155.41,33,5128.53,2,102.57,5025.96,6063.78,Delivered,0,0.0,Indirect,Credit
ORD102483,2024-12-19,Dec-2024,West,Goa,Panaji,D019,Panaji Traders,Distributor,OUT0026,Supermarket,SP005_Vikram,Personal Care,FreshBreath Toothpaste 150g,309.15,28,8656.2,0,0.0,8656.2,8966.86,Delivered,0,0.0,Indirect,Cash
ORD100743,2024-12-19,Dec-2024,North,Uttar Pradesh,Lucknow,D010,Lucknow Marketing,Distributor,OUT0071,Supermarket,SP023_Priya,Dairy & Food Staples,GoldenGrain Atta 5kg,123.26,27,3328.02,0,0.0,3328.02,3816.54,Delivered,0,0.0,Direct,Credit
ORD101274,2024-12-19,Dec-2024,Central,Madhya Pradesh,Bhopal,D029,Bhopal Distribution Co,Super Stockist,OUT0138,Kirana/General Store,SP003_Priya,Personal Care,FreshBreath Toothpaste 150g,318.93,16,5102.88,0,0.0,5102.88,5883.56,Cancelled,0,0.0,Indirect,UPI/Online
ORD102259,2024-12-19,Dec-2024,West,Goa,Panaji,D024,Panaji Marketing,Distributor,OUT0115,Wholesale Shop,SP036_Meera,Beverages,FreshSip Cola 250ml,181.21,37,6704.77,12,804.57,5900.2,6238.13,Delivered,0,0.0,Indirect,Credit
ORD103408,2024-12-19,Dec-2024,North,Punjab,Amritsar,D018,Amritsar Traders,Wholesaler,OUT0128,Modern Trade,SP027_Suresh,Beverages,MintCool Soda 300ml,160.96,29,4667.84,0,0.0,4667.84,5769.2,Delivered,0,0.0,Indirect,UPI/Online
ORD103718,2024-12-19,Dec-2024,Central,Madhya Pradesh,Jabalpur,D030,Jabalpur Distribution Co,Distributor,OUT0181,Wholesale Shop,SP009_Karan,Dairy & Food Staples,SunRice Basmati 1kg,193.96,14,2715.44,0,0.0,2715.44,2847.73,Cancelled,0,0.0,Direct,UPI/Online
ORD100947,2024-12-19,Dec-2024,South,Tamil Nadu,Coimbatore,D020,Coimbatore Marketing,Distributor,OUT0086,Kirana/General Store,SP040_Shreya,Dairy & Food Staples,PureDrop Milk 500ml,325.77,63,20523.51,2,410.47,20113.04,17773.6,Delivered,0,0.0,Direct,Credit
ORD101221,2024-12-19,Dec-2024,South,Tamil Nadu,Coimbatore,D020,Coimbatore Marketing,Distributor,OUT0109,Wholesale Shop,SP020_Shreya,Beverages,FreshSip Cola 500ml,106.69,24,2560.56,5,128.03,2432.53,2262.4,Delivered,0,0.0,Direct,Credit
ORD101122,2024-12-19,Dec-2024,East,Bihar,Patna,D014,Patna Distribution Co,Wholesaler,OUT0173,Convenience Store,SP001_Rahul,Home Care,PureAir Freshener 250ml,45.92,35,1607.2,5,80.36,1526.84,1796.66,Delivered,0,0.0,Direct,Cash
ORD102682,2024-12-20,Dec-2024,North,Delhi,New Delhi,D001,New Delhi Traders,Super Stockist,OUT0110,Wholesale Shop,SP003_Priya,Personal Care,GlowSoft Soap 100g,118.04,12,1416.48,5,70.82,1345.66,1628.86,Delivered,0,0.0,Direct,Cash
ORD101749,2024-12-20,Dec-2024,East,Odisha,Bhubaneswar,D007,Bhubaneswar Distribution Co,Super Stockist,OUT0062,Modern Trade,SP033_Manoj,Home Care,ShineFloor Cleaner 1L,240.56,36,8660.16,2,173.2,8486.96,9714.71,Returned,6,1443.36,Direct,UPI/Online
ORD103026,2024-12-20,Dec-2024,Central,Chhattisgarh,Raipur,D005,Raipur Enterprises,Wholesaler,OUT0136,Kirana/General Store,SP015_Arjun,Home Care,PureAir Freshener 250ml,328.37,8,2626.96,5,131.35,2495.61,2738.52,Delivered,0,0.0,Indirect,Cash
ORD103514,2024-12-20,Dec-2024,Central,Chhattisgarh,Raipur,D011,Raipur Agencies,Super Stockist,OUT0190,Modern Trade,SP033_Manoj,Personal Care,ShinyLocks Shampoo 200ml,218.49,16,3495.84,2,69.92,3425.92,3893.97,Delivered,0,0.0,Direct,Cash
ORD101085,2024-12-20,Dec-2024,Central,Chhattisgarh,Raipur,D005,Raipur Enterprises,Wholesaler,OUT0102,Convenience Store,SP039_Deepak,Snacks & Confectionery,SweetPuff Biscuit 100g,38.07,10,380.7,2,7.61,373.09,364.28,Delivered,0,0.0,Indirect,UPI/Online
ORD103668,2024-12-20,Dec-2024,Central,Madhya Pradesh,Bhopal,D029,Bhopal Distribution Co,Super Stockist,OUT0112,Supermarket,SP016_Meera,Dairy & Food Staples,GoldenGrain Atta 5kg,302.92,36,10905.12,0,0.0,10905.12,12098.94,Delivered,0,0.0,Indirect,UPI/Online
ORD103546,2024-12-20,Dec-2024,North,Uttar Pradesh,Lucknow,D008,Lucknow Distribution Co,Distributor,OUT0054,Kirana/General Store,SP018_Rina,Personal Care,FreshBreath Toothpaste 150g,27.57,36,992.52,2,19.85,972.67,1124.22,Delivered,0,0.0,Direct,Cash
ORD101242,2024-12-20,Dec-2024,North,Delhi,New Delhi,D003,New Delhi Traders,Super Stockist,OUT0059,Supermarket,SP022_Amit,Home Care,SparkleShine Dishwash 500ml,102.15,10,1021.5,0,0.0,1021.5,1234.91,Delivered,0,0.0,Direct,UPI/Online
ORD101216,2024-12-20,Dec-2024,West,Goa,Panaji,D024,Panaji Marketing,Distributor,OUT0174,Convenience Store,SP001_Rahul,Dairy & Food Staples,DailyFresh Ghee 500ml,123.35,8,986.8,0,0.0,986.8,1222.14,Delivered,0,0.0,Indirect,Credit
ORD100892,2024-12-20,Dec-2024,Central,Chhattisgarh,Raipur,D009,Raipur Enterprises,Wholesaler,OUT0171,Kirana/General Store,SP018_Rina,Personal Care,FreshBreath Toothpaste 150g,233.28,29,6765.12,0,0.0,6765.12,8409.0,Delivered,0,0.0,Direct,Cash
ORD103247,2024-12-20,Dec-2024,South,Karnataka,Mysuru,D017,Mysuru Enterprises,Distributor,OUT0079,Kirana/General Store,SP021_Rahul,Home Care,PureAir Freshener 250ml,295.19,3,885.57,0,0.0,885.57,847.57,Delivered,0,0.0,Indirect,Cash
ORD100573,2024-12-20,Dec-2024,Central,Chhattisgarh,Raipur,D009,Raipur Enterprises,Wholesaler,OUT0171,Kirana/General Store,SP021_Rahul,Beverages,MintCool Soda 300ml,84.82,39,3307.98,0,0.0,3307.98,3578.33,Delivered,0,0.0,Direct,UPI/Online
ORD100989,2024-12-21,Dec-2024,East,Odisha,Bhubaneswar,D028,Bhubaneswar Distribution Co,Wholesaler,OUT0031,Convenience Store,SP038_Rina,Personal Care,GlowSoft Soap 100g,125.21,43,5384.03,0,0.0,5384.03,6665.68,Delivered,0,0.0,Indirect,Cash
ORD103910,2024-12-21,Dec-2024,East,Odisha,Bhubaneswar,D007,Bhubaneswar Distribution Co,Super Stockist,OUT0119,Convenience Store,SP014_Kavita,Beverages,FreshSip Cola 250ml,325.83,14,4561.62,0,0.0,4561.62,4786.07,Delivered,0,0.0,Direct,Credit
ORD102843,2024-12-21,Dec-2024,East,Odisha,Bhubaneswar,D007,Bhubaneswar Distribution Co,Super Stockist,OUT0193,Modern Trade,SP018_Rina,Snacks & Confectionery,ChocoNut Bar 40g,116.11,21,2438.31,0,0.0,2438.31,2382.69,Delivered,0,0.0,Indirect,Credit
ORD100012,2024-12-21,Dec-2024,East,Odisha,Bhubaneswar,D007,Bhubaneswar Distribution Co,Super Stockist,OUT0040,Kirana/General Store,SP035_Arjun,Snacks & Confectionery,CrispBite Chips 50g,274.52,19,5215.88,10,521.59,4694.29,4611.48,Delivered,0,0.0,Indirect,Credit
ORD103082,2024-12-21,Dec-2024,North,Punjab,Ludhiana,D015,Ludhiana Traders,Distributor,OUT0095,Convenience Store,SP024_Sneha,Dairy & Food Staples,SunRice Basmati 1kg,348.65,45,15689.25,2,313.79,15375.46,17522.34,Delivered,0,0.0,Indirect,Cash
ORD102273,2024-12-21,Dec-2024,East,Odisha,Bhubaneswar,D007,Bhubaneswar Distribution Co,Super Stockist,OUT0193,Modern Trade,SP007_Suresh,Snacks & Confectionery,CrispBite Chips 50g,235.68,29,6834.72,0,0.0,6834.72,6462.09,Delivered,0,0.0,Indirect,UPI/Online
ORD102156,2024-12-21,Dec-2024,Central,Chhattisgarh,Raipur,D009,Raipur Enterprises,Wholesaler,OUT0053,Modern Trade,SP037_Sanjay,Home Care,SparkleShine Dishwash 500ml,300.65,43,12927.95,0,0.0,12927.95,13712.68,Returned,5,1503.25,Indirect,UPI/Online
ORD103318,2024-12-21,Dec-2024,Central,Chhattisgarh,Raipur,D011,Raipur Agencies,Super Stockist,OUT0168,Kirana/General Store,SP003_Priya,Snacks & Confectionery,CrispBite Chips 50g,186.21,25,4655.25,0,0.0,4655.25,5281.36,Delivered,0,0.0,Indirect,Cash
ORD103696,2024-12-21,Dec-2024,South,Karnataka,Bengaluru,D002,Bengaluru Marketing,Distributor,OUT0074,Convenience Store,SP036_Meera,Personal Care,ShinyLocks Shampoo 200ml,333.02,39,12987.78,5,649.39,12338.39,15031.56,Pending,0,0.0,Indirect,Cash
ORD101459,2024-12-21,Dec-2024,North,Uttar Pradesh,Lucknow,D008,Lucknow Distribution Co,Distributor,OUT0049,Supermarket,SP025_Vikram,Home Care,ShineFloor Cleaner 1L,223.73,14,3132.22,0,0.0,3132.22,3303.2,Returned,1,223.73,Direct,UPI/Online
ORD100385,2024-12-21,Dec-2024,Central,Chhattisgarh,Raipur,D022,Raipur Agencies,Super Stockist,OUT0034,Modern Trade,SP007_Suresh,Home Care,CleanWave Detergent 1kg,338.13,16,5410.08,0,0.0,5410.08,5438.18,Delivered,0,0.0,Direct,Cash
ORD102831,2024-12-21,Dec-2024,East,Bihar,Patna,D014,Patna Distribution Co,Wholesaler,OUT0173,Convenience Store,SP012_Divya,Home Care,SparkleShine Dishwash 500ml,113.86,30,3415.8,0,0.0,3415.8,3732.71,Delivered,0,0.0,Indirect,Cash
ORD102488,2024-12-22,Dec-2024,Central,Chhattisgarh,Raipur,D005,Raipur Enterprises,Wholesaler,OUT0070,Supermarket,SP039_Deepak,Dairy & Food Staples,GoldenGrain Atta 5kg,100.79,8,806.32,2,16.13,790.19,891.3,Delivered,0,0.0,Indirect,UPI/Online
ORD103753,2024-12-22,Dec-2024,Central,Chhattisgarh,Raipur,D021,Raipur Traders,Super Stockist,OUT0126,Convenience Store,SP014_Kavita,Beverages,FreshSip Cola 500ml,346.17,41,14192.97,2,283.86,13909.11,16797.18,Delivered,0,0.0,Indirect,Cash
ORD102449,2024-12-22,Dec-2024,North,Uttar Pradesh,Lucknow,D010,Lucknow Marketing,Distributor,OUT0067,Modern Trade,SP005_Vikram,Home Care,SparkleShine Dishwash 500ml,69.99,17,1189.83,0,0.0,1189.83,1114.09,Delivered,0,0.0,Direct,Credit
ORD100014,2024-12-22,Dec-2024,North,Delhi,New Delhi,D003,New Delhi Traders,Super Stockist,OUT0006,Kirana/General Store,SP020_Shreya,Dairy & Food Staples,SunRice Basmati 1kg,312.78,11,3440.58,8,275.25,3165.33,3666.68,Delivered,0,0.0,Indirect,Credit
ORD101602,2024-12-22,Dec-2024,North,Uttar Pradesh,Lucknow,D010,Lucknow Marketing,Distributor,OUT0117,Wholesale Shop,SP007_Suresh,Home Care,CleanWave Detergent 1kg,205.69,17,3496.73,8,279.74,3216.99,3033.15,Delivered,0,0.0,Indirect,UPI/Online
ORD103692,2024-12-22,Dec-2024,Central,Chhattisgarh,Raipur,D009,Raipur Enterprises,Wholesaler,OUT0153,Supermarket,SP012_Divya,Personal Care,ShinyLocks Shampoo 200ml,265.86,18,4785.48,5,239.27,4546.21,4793.69,Pending,0,0.0,Indirect,UPI/Online
ORD100917,2024-12-22,Dec-2024,North,Punjab,Ludhiana,D015,Ludhiana Traders,Distributor,OUT0095,Convenience Store,SP003_Priya,Dairy & Food Staples,GoldenGrain Atta 5kg,63.01,10,630.1,0,0.0,630.1,742.63,Cancelled,0,0.0,Indirect,UPI/Online
ORD101420,2024-12-23,Dec-2024,North,Delhi,New Delhi,D003,New Delhi Traders,Super Stockist,OUT0032,Wholesale Shop,SP001_Rahul,Home Care,CleanWave Detergent 1kg,122.62,18,2207.16,12,264.86,1942.3,1658.49,Delivered,0,0.0,Indirect,UPI/Online
ORD103743,2024-12-23,Dec-2024,North,Punjab,Amritsar,D018,Amritsar Traders,Wholesaler,OUT0198,Kirana/General Store,SP018_Rina,Dairy & Food Staples,SunRice Basmati 1kg,224.0,22,4928.0,10,492.8,4435.2,4712.61,Delivered,0,0.0,Indirect,UPI/Online
ORD103178,2024-12-23,Dec-2024,North,Uttar Pradesh,Lucknow,D010,Lucknow Marketing,Distributor,OUT0111,Kirana/General Store,SP015_Arjun,Snacks & Confectionery,SweetPuff Biscuit 100g,179.09,27,4835.43,2,96.71,4738.72,4285.52,Delivered,0,0.0,Indirect,Cash
ORD103756,2024-12-23,Dec-2024,Central,Chhattisgarh,Raipur,D022,Raipur Agencies,Super Stockist,OUT0186,Kirana/General Store,SP037_Sanjay,Personal Care,FreshBreath Toothpaste 150g,340.82,16,5453.12,10,545.31,4907.81,4626.46,Delivered,0,0.0,Indirect,Credit
ORD103679,2024-12-23,Dec-2024,East,Bihar,Patna,D014,Patna Distribution Co,Wholesaler,OUT0015,Supermarket,SP006_Anjali,Dairy & Food Staples,GoldenGrain Atta 5kg,217.19,10,2171.9,0,0.0,2171.9,2583.38,Delivered,0,0.0,Indirect,Cash
ORD101288,2024-12-23,Dec-2024,East,Odisha,Bhubaneswar,D028,Bhubaneswar Distribution Co,Wholesaler,OUT0146,Supermarket,SP011_Ravi,Beverages,MintCool Soda 300ml,104.85,11,1153.35,0,0.0,1153.35,987.2,Returned,3,314.55,Indirect,Cash
ORD103616,2024-12-23,Dec-2024,South,Tamil Nadu,Coimbatore,D020,Coimbatore Marketing,Distributor,OUT0196,Wholesale Shop,SP035_Arjun,Home Care,PureAir Freshener 250ml,278.76,15,4181.4,8,334.51,3846.89,3965.19,Cancelled,0,0.0,Indirect,Cash
ORD101698,2024-12-23,Dec-2024,North,Uttar Pradesh,Lucknow,D008,Lucknow Distribution Co,Distributor,OUT0029,Kirana/General Store,SP002_Amit,Dairy & Food Staples,SunRice Basmati 1kg,176.82,28,4950.96,8,396.08,4554.88,4568.3,Delivered,0,0.0,Indirect,Credit
ORD101336,2024-12-23,Dec-2024,Central,Chhattisgarh,Raipur,D009,Raipur Enterprises,Wholesaler,OUT0171,Kirana/General Store,SP010_Pooja,Snacks & Confectionery,ChocoNut Bar 40g,224.05,5,1120.25,5,56.01,1064.24,977.3,Delivered,0,0.0,Indirect,UPI/Online
ORD101687,2024-12-23,Dec-2024,Central,Chhattisgarh,Raipur,D005,Raipur Enterprises,Wholesaler,OUT0116,Convenience Store,SP036_Meera,Home Care,SparkleShine Dishwash 500ml,317.32,42,13327.44,10,1332.74,11994.7,14147.63,Delivered,0,0.0,Indirect,UPI/Online
ORD101505,2024-12-23,Dec-2024,South,Karnataka,Mysuru,D017,Mysuru Enterprises,Distributor,OUT0077,Wholesale Shop,SP001_Rahul,Home Care,ShineFloor Cleaner 1L,152.55,6,915.3,8,73.22,842.08,1000.12,Delivered,0,0.0,Indirect,Credit
ORD100074,2024-12-23,Dec-2024,East,Odisha,Bhubaneswar,D007,Bhubaneswar Distribution Co,Super Stockist,OUT0062,Modern Trade,SP003_Priya,Dairy & Food Staples,SunRice Basmati 1kg,266.19,29,7719.51,0,0.0,7719.51,7252.0,Pending,0,0.0,Direct,Credit
ORD103901,2024-12-23,Dec-2024,West,Rajasthan,Jodhpur,D013,Jodhpur Distribution Co,Super Stockist,OUT0177,Wholesale Shop,SP036_Meera,Home Care,SparkleShine Dishwash 500ml,224.21,18,4035.78,0,0.0,4035.78,4244.1,Delivered,0,0.0,Indirect,UPI/Online
ORD101873,2024-12-23,Dec-2024,Central,Chhattisgarh,Raipur,D005,Raipur Enterprises,Wholesaler,OUT0135,Modern Trade,SP004_Sneha,Snacks & Confectionery,CrispBite Chips 100g,100.54,23,2312.42,5,115.62,2196.8,2218.15,Delivered,0,0.0,Direct,Credit
ORD103169,2024-12-24,Dec-2024,North,Uttar Pradesh,Lucknow,D008,Lucknow Distribution Co,Distributor,OUT0029,Kirana/General Store,SP010_Pooja,Beverages,MintCool Soda 300ml,172.96,43,7437.28,12,892.47,6544.81,7148.95,Delivered,0,0.0,Indirect,Credit
ORD100899,2024-12-24,Dec-2024,North,Uttar Pradesh,Lucknow,D008,Lucknow Distribution Co,Distributor,OUT0085,Wholesale Shop,SP031_Ravi,Home Care,CleanWave Detergent 1kg,159.03,26,4134.78,0,0.0,4134.78,4871.61,Cancelled,0,0.0,Indirect,Credit
ORD103750,2024-12-24,Dec-2024,West,Rajasthan,Jodhpur,D013,Jodhpur Distribution Co,Super Stockist,OUT0019,Convenience Store,SP011_Ravi,Snacks & Confectionery,SweetPuff Biscuit 100g,338.45,44,14891.8,5,744.59,14147.21,12877.46,Delivered,0,0.0,Indirect,UPI/Online
ORD101988,2024-12-24,Dec-2024,South,Telangana,Hyderabad,D012,Hyderabad Traders,Super Stockist,OUT0183,Modern Trade,SP014_Kavita,Personal Care,FreshBreath Toothpaste 150g,347.42,30,10422.6,2,208.45,10214.15,12114.3,Delivered,0,0.0,Indirect,Credit
ORD102615,2024-12-24,Dec-2024,West,Rajasthan,Jodhpur,D013,Jodhpur Distribution Co,Super Stockist,OUT0155,Kirana/General Store,SP035_Arjun,Beverages,OrangeZest Juice 1L,302.98,16,4847.68,2,96.95,4750.73,4338.48,Pending,0,0.0,Direct,UPI/Online
ORD103192,2024-12-25,Dec-2024,South,Karnataka,Mysuru,D017,Mysuru Enterprises,Distributor,OUT0101,Convenience Store,SP035_Arjun,Home Care,PureAir Freshener 250ml,159.12,30,4773.6,10,477.36,4296.24,4181.77,Delivered,0,0.0,Indirect,Credit
ORD102260,2024-12-25,Dec-2024,Central,Chhattisgarh,Raipur,D021,Raipur Traders,Super Stockist,OUT0126,Convenience Store,SP039_Deepak,Snacks & Confectionery,CrispBite Chips 50g,192.2,43,8264.6,0,0.0,8264.6,7360.64,Delivered,0,0.0,Direct,Cash
ORD103936,2024-12-25,Dec-2024,North,Delhi,New Delhi,D003,New Delhi Traders,Super Stockist,OUT0023,Convenience Store,SP007_Suresh,Home Care,CleanWave Detergent 1kg,141.24,16,2259.84,5,112.99,2146.85,2433.35,Delivered,0,0.0,Direct,Cash
ORD101866,2024-12-25,Dec-2024,North,Delhi,New Delhi,D001,New Delhi Traders,Super Stockist,OUT0027,Kirana/General Store,SP022_Amit,Personal Care,GlowSoft Soap 100g,348.92,22,7676.24,5,383.81,7292.43,6541.2,Pending,0,0.0,Direct,Credit
ORD100309,2024-12-25,Dec-2024,East,Odisha,Bhubaneswar,D028,Bhubaneswar Distribution Co,Wholesaler,OUT0044,Kirana/General Store,SP022_Amit,Beverages,MintCool Soda 300ml,279.02,37,10323.74,2,206.47,10117.27,9927.85,Delivered,0,0.0,Indirect,UPI/Online
ORD102112,2024-12-25,Dec-2024,North,Uttar Pradesh,Lucknow,D010,Lucknow Marketing,Distributor,OUT0137,Convenience Store,SP029_Karan,Dairy & Food Staples,SunRice Basmati 1kg,274.61,24,6590.64,5,329.53,6261.11,7523.51,Returned,4,1098.44,Direct,Cash
ORD103504,2024-12-25,Dec-2024,North,Delhi,New Delhi,D003,New Delhi Traders,Super Stockist,OUT0059,Supermarket,SP026_Anjali,Beverages,MintCool Soda 300ml,223.59,6,1341.54,0,0.0,1341.54,1475.19,Delivered,0,0.0,Direct,UPI/Online
ORD100730,2024-12-25,Dec-2024,Central,Chhattisgarh,Raipur,D026,Raipur Agencies,Distributor,OUT0152,Supermarket,SP005_Vikram,Personal Care,GlowSoft Soap 100g,327.47,31,10151.57,0,0.0,10151.57,9669.13,Cancelled,0,0.0,Direct,UPI/Online
ORD100449,2024-12-26,Dec-2024,West,Goa,Panaji,D019,Panaji Traders,Distributor,OUT0037,Modern Trade,SP026_Anjali,Beverages,OrangeZest Juice 1L,95.46,49,4677.54,0,0.0,4677.54,5562.61,Delivered,0,0.0,Indirect,Credit
ORD102858,2024-12-26,Dec-2024,South,Telangana,Hyderabad,D012,Hyderabad Traders,Super Stockist,OUT0142,Wholesale Shop,SP021_Rahul,Beverages,FreshSip Cola 250ml,231.6,28,6484.8,5,324.24,6160.56,5725.83,Delivered,0,0.0,Indirect,UPI/Online
ORD103462,2024-12-26,Dec-2024,West,Gujarat,Surat,D027,Surat Agencies,Wholesaler,OUT0008,Kirana/General Store,SP031_Ravi,Snacks & Confectionery,ChocoNut Bar 40g,30.42,17,517.14,5,25.86,491.28,534.51,Delivered,0,0.0,Direct,Cash
ORD102882,2024-12-26,Dec-2024,West,Gujarat,Surat,D027,Surat Agencies,Wholesaler,OUT0058,Kirana/General Store,SP021_Rahul,Personal Care,GlowSoft Soap 100g,340.97,12,4091.64,5,204.58,3887.06,3586.42,Delivered,0,0.0,Indirect,UPI/Online
ORD103832,2024-12-26,Dec-2024,Central,Madhya Pradesh,Jabalpur,D004,Jabalpur Traders,Wholesaler,OUT0172,Wholesale Shop,SP026_Anjali,Snacks & Confectionery,SweetPuff Biscuit 100g,321.08,7,2247.56,0,0.0,2247.56,2270.03,Delivered,0,0.0,Direct,UPI/Online
ORD100529,2024-12-26,Dec-2024,South,Telangana,Hyderabad,D012,Hyderabad Traders,Super Stockist,OUT0105,Convenience Store,SP014_Kavita,Personal Care,ShinyLocks Shampoo 200ml,41.93,63,2641.59,5,132.08,2509.51,2887.69,Delivered,0,0.0,Direct,Credit
ORD101978,2024-12-26,Dec-2024,East,Bihar,Patna,D014,Patna Distribution Co,Wholesaler,OUT0052,Supermarket,SP002_Amit,Snacks & Confectionery,ChocoNut Bar 40g,233.15,17,3963.55,0,0.0,3963.55,4260.47,Cancelled,0,0.0,Direct,Credit
ORD100426,2024-12-26,Dec-2024,South,Karnataka,Bengaluru,D002,Bengaluru Marketing,Distributor,OUT0179,Modern Trade,SP010_Pooja,Dairy & Food Staples,PureDrop Milk 500ml,263.74,39,10285.86,5,514.29,9771.57,11785.35,Delivered,0,0.0,Direct,Credit
ORD100462,2024-12-26,Dec-2024,West,Gujarat,Surat,D027,Surat Agencies,Wholesaler,OUT0008,Kirana/General Store,SP011_Ravi,Home Care,SparkleShine Dishwash 500ml,160.33,32,5130.56,12,615.67,4514.89,4387.03,Delivered,0,0.0,Indirect,Credit
ORD100866,2024-12-26,Dec-2024,North,Punjab,Ludhiana,D015,Ludhiana Traders,Distributor,OUT0095,Convenience Store,SP010_Pooja,Beverages,MintCool Soda 300ml,37.05,15,555.75,2,11.12,544.63,531.7,Delivered,0,0.0,Indirect,Cash
ORD100292,2024-12-26,Dec-2024,Central,Chhattisgarh,Raipur,D009,Raipur Enterprises,Wholesaler,OUT0053,Modern Trade,SP025_Vikram,Home Care,SparkleShine Dishwash 500ml,131.63,55,7239.65,0,0.0,7239.65,7404.94,Delivered,0,0.0,Indirect,Credit
ORD103464,2024-12-27,Dec-2024,South,Karnataka,Bengaluru,D002,Bengaluru Marketing,Distributor,OUT0046,Modern Trade,SP005_Vikram,Snacks & Confectionery,CrispBite Chips 100g,238.16,41,9764.56,0,0.0,9764.56,9504.36,Delivered,0,0.0,Indirect,Cash
ORD101772,2024-12-27,Dec-2024,East,Odisha,Bhubaneswar,D028,Bhubaneswar Distribution Co,Wholesaler,OUT0031,Convenience Store,SP009_Karan,Home Care,ShineFloor Cleaner 1L,326.31,51,16641.81,5,832.09,15809.72,15784.83,Delivered,0,0.0,Indirect,Cash
ORD100176,2024-12-27,Dec-2024,Central,Chhattisgarh,Raipur,D009,Raipur Enterprises,Wholesaler,OUT0121,Kirana/General Store,SP017_Sanjay,Home Care,CleanWave Detergent 1kg,348.32,17,5921.44,5,296.07,5625.37,6617.31,Delivered,0,0.0,Indirect,Cash
ORD101713,2024-12-27,Dec-2024,Central,Chhattisgarh,Raipur,D022,Raipur Agencies,Super Stockist,OUT0189,Modern Trade,SP024_Sneha,Personal Care,ShinyLocks Shampoo 200ml,25.07,46,1153.22,5,57.66,1095.56,1216.66,Delivered,0,0.0,Indirect,Credit
ORD102082,2024-12-27,Dec-2024,Central,Chhattisgarh,Raipur,D022,Raipur Agencies,Super Stockist,OUT0094,Convenience Store,SP021_Rahul,Personal Care,SilkTouch Lotion 200ml,179.72,11,1976.92,0,0.0,1976.92,2229.94,Returned,2,359.44,Direct,Cash
ORD103843,2024-12-27,Dec-2024,Central,Chhattisgarh,Raipur,D026,Raipur Agencies,Distributor,OUT0152,Supermarket,SP002_Amit,Personal Care,ShinyLocks Shampoo 200ml,313.18,58,18164.44,10,1816.44,16348.0,18963.62,Returned,16,5010.88,Indirect,Credit
ORD100811,2024-12-27,Dec-2024,South,Karnataka,Bengaluru,D002,Bengaluru Marketing,Distributor,OUT0074,Convenience Store,SP040_Shreya,Home Care,PureAir Freshener 250ml,134.51,13,1748.63,10,174.86,1573.77,1544.11,Delivered,0,0.0,Direct,UPI/Online
ORD103413,2024-12-27,Dec-2024,East,Odisha,Bhubaneswar,D028,Bhubaneswar Distribution Co,Wholesaler,OUT0031,Convenience Store,SP034_Kavita,Beverages,MintCool Soda 300ml,123.18,24,2956.32,8,236.51,2719.81,3274.35,Delivered,0,0.0,Indirect,UPI/Online
ORD100069,2024-12-27,Dec-2024,Central,Chhattisgarh,Raipur,D005,Raipur Enterprises,Wholesaler,OUT0070,Supermarket,SP030_Pooja,Home Care,ShineFloor Cleaner 1L,271.3,54,14650.2,0,0.0,14650.2,16560.41,Delivered,0,0.0,Indirect,Cash
ORD101845,2024-12-27,Dec-2024,Central,Chhattisgarh,Raipur,D022,Raipur Agencies,Super Stockist,OUT0189,Modern Trade,SP004_Sneha,Snacks & Confectionery,CrispBite Chips 100g,277.89,28,7780.92,5,389.05,7391.87,6605.29,Delivered,0,0.0,Direct,Cash
ORD100052,2024-12-27,Dec-2024,West,Goa,Panaji,D024,Panaji Marketing,Distributor,OUT0073,Wholesale Shop,SP038_Rina,Home Care,CleanWave Detergent 1kg,202.94,9,1826.46,2,36.53,1789.93,1531.75,Delivered,0,0.0,Indirect,Credit
ORD100824,2024-12-27,Dec-2024,North,Delhi,New Delhi,D003,New Delhi Traders,Super Stockist,OUT0081,Wholesale Shop,SP016_Meera,Beverages,OrangeZest Juice 1L,211.97,16,3391.52,5,169.58,3221.94,3542.21,Cancelled,0,0.0,Indirect,Credit
ORD103570,2024-12-27,Dec-2024,East,West Bengal,Kolkata,D006,Kolkata Enterprises,Distributor,OUT0064,Modern Trade,SP033_Manoj,Home Care,PureAir Freshener 250ml,341.97,17,5813.49,0,0.0,5813.49,5196.18,Delivered,0,0.0,Indirect,UPI/Online
ORD103173,2024-12-27,Dec-2024,North,Delhi,New Delhi,D001,New Delhi Traders,Super Stockist,OUT0001,Kirana/General Store,SP011_Ravi,Beverages,FreshSip Cola 250ml,306.63,41,12571.83,0,0.0,12571.83,12909.17,Delivered,0,0.0,Direct,Cash
ORD103449,2024-12-27,Dec-2024,East,Odisha,Bhubaneswar,D007,Bhubaneswar Distribution Co,Super Stockist,OUT0118,Convenience Store,SP022_Amit,Snacks & Confectionery,SweetPuff Biscuit 100g,232.75,25,5818.75,8,465.5,5353.25,5561.99,Returned,1,232.75,Direct,Cash
ORD103298,2024-12-27,Dec-2024,West,Rajasthan,Jaipur,D016,Jaipur Distribution Co,Super Stockist,OUT0061,Modern Trade,SP008_Neha,Personal Care,SilkTouch Lotion 200ml,65.14,44,2866.16,0,0.0,2866.16,2568.72,Delivered,0,0.0,Direct,Credit
ORD100286,2024-12-28,Dec-2024,West,Goa,Panaji,D019,Panaji Traders,Distributor,OUT0037,Modern Trade,SP036_Meera,Home Care,CleanWave Detergent 1kg,244.48,24,5867.52,0,0.0,5867.52,5156.57,Delivered,0,0.0,Indirect,Credit
ORD101144,2024-12-28,Dec-2024,Central,Madhya Pradesh,Bhopal,D029,Bhopal Distribution Co,Super Stockist,OUT0114,Kirana/General Store,SP010_Pooja,Dairy & Food Staples,SunRice Basmati 1kg,211.72,30,6351.6,2,127.03,6224.57,7032.05,Delivered,0,0.0,Indirect,Cash
ORD101414,2024-12-28,Dec-2024,East,Odisha,Bhubaneswar,D007,Bhubaneswar Distribution Co,Super Stockist,OUT0200,Modern Trade,SP029_Karan,Snacks & Confectionery,SweetPuff Biscuit 100g,29.57,19,561.83,0,0.0,561.83,606.62,Delivered,0,0.0,Indirect,Cash
ORD101203,2024-12-28,Dec-2024,Central,Chhattisgarh,Raipur,D005,Raipur Enterprises,Wholesaler,OUT0116,Convenience Store,SP022_Amit,Personal Care,ShinyLocks Shampoo 200ml,59.36,55,3264.8,2,65.3,3199.5,3617.09,Pending,0,0.0,Indirect,Credit
ORD101463,2024-12-28,Dec-2024,Central,Chhattisgarh,Raipur,D022,Raipur Agencies,Super Stockist,OUT0069,Modern Trade,SP035_Arjun,Dairy & Food Staples,PureDrop Milk 500ml,141.63,39,5523.57,8,441.89,5081.68,4669.44,Pending,0,0.0,Direct,Cash
ORD103046,2024-12-28,Dec-2024,South,Tamil Nadu,Coimbatore,D020,Coimbatore Marketing,Distributor,OUT0196,Wholesale Shop,SP013_Manoj,Personal Care,FreshBreath Toothpaste 150g,170.27,11,1872.97,0,0.0,1872.97,2179.46,Delivered,0,0.0,Indirect,Credit
ORD103736,2024-12-28,Dec-2024,South,Karnataka,Mysuru,D017,Mysuru Enterprises,Distributor,OUT0077,Wholesale Shop,SP002_Amit,Beverages,FreshSip Cola 500ml,241.85,13,3144.05,12,377.29,2766.76,2832.01,Cancelled,0,0.0,Indirect,Credit
ORD101848,2024-12-29,Dec-2024,East,Odisha,Bhubaneswar,D028,Bhubaneswar Distribution Co,Wholesaler,OUT0044,Kirana/General Store,SP026_Anjali,Dairy & Food Staples,DailyFresh Ghee 500ml,283.01,60,16980.6,0,0.0,16980.6,18890.77,Delivered,0,0.0,Indirect,UPI/Online
ORD100566,2024-12-29,Dec-2024,West,Rajasthan,Jodhpur,D013,Jodhpur Distribution Co,Super Stockist,OUT0167,Wholesale Shop,SP036_Meera,Snacks & Confectionery,ChocoNut Bar 40g,305.34,5,1526.7,8,122.14,1404.56,1520.13,Delivered,0,0.0,Indirect,Credit
ORD101910,2024-12-29,Dec-2024,Central,Madhya Pradesh,Bhopal,D029,Bhopal Distribution Co,Super Stockist,OUT0084,Wholesale Shop,SP039_Deepak,Snacks & Confectionery,CrispBite Chips 50g,77.82,20,1556.4,10,155.64,1400.76,1277.82,Delivered,0,0.0,Indirect,UPI/Online
ORD101380,2024-12-29,Dec-2024,East,West Bengal,Kolkata,D006,Kolkata Enterprises,Distributor,OUT0078,Kirana/General Store,SP031_Ravi,Home Care,SparkleShine Dishwash 500ml,196.94,5,984.7,5,49.24,935.46,868.84,Delivered,0,0.0,Indirect,Credit
ORD101942,2024-12-29,Dec-2024,Central,Chhattisgarh,Raipur,D021,Raipur Traders,Super Stockist,OUT0126,Convenience Store,SP029_Karan,Snacks & Confectionery,ChocoNut Bar 40g,188.39,60,11303.4,10,1130.34,10173.06,9913.41,Delivered,0,0.0,Direct,UPI/Online
ORD100203,2024-12-29,Dec-2024,Central,Madhya Pradesh,Jabalpur,D025,Jabalpur Agencies,Wholesaler,OUT0017,Supermarket,SP012_Divya,Dairy & Food Staples,DailyFresh Ghee 500ml,303.84,14,4253.76,0,0.0,4253.76,3794.24,Delivered,0,0.0,Indirect,Cash
ORD100141,2024-12-29,Dec-2024,Central,Chhattisgarh,Raipur,D009,Raipur Enterprises,Wholesaler,OUT0164,Kirana/General Store,SP021_Rahul,Home Care,PureAir Freshener 250ml,54.36,22,1195.92,0,0.0,1195.92,1130.47,Delivered,0,0.0,Direct,Cash
ORD103522,2024-12-29,Dec-2024,West,Gujarat,Surat,D027,Surat Agencies,Wholesaler,OUT0123,Convenience Store,SP033_Manoj,Snacks & Confectionery,SweetPuff Biscuit 100g,115.98,13,1507.74,0,0.0,1507.74,1785.67,Delivered,0,0.0,Indirect,Cash
ORD102028,2024-12-29,Dec-2024,East,Odisha,Bhubaneswar,D007,Bhubaneswar Distribution Co,Super Stockist,OUT0119,Convenience Store,SP021_Rahul,Dairy & Food Staples,DailyFresh Ghee 500ml,212.3,19,4033.7,0,0.0,4033.7,3829.65,Cancelled,0,0.0,Indirect,Cash
ORD103461,2024-12-29,Dec-2024,South,Tamil Nadu,Coimbatore,D020,Coimbatore Marketing,Distributor,OUT0087,Kirana/General Store,SP038_Rina,Personal Care,FreshBreath Toothpaste 150g,173.56,13,2256.28,0,0.0,2256.28,2218.11,Delivered,0,0.0,Direct,Cash
ORD101169,2024-12-30,Dec-2024,East,Odisha,Bhubaneswar,D007,Bhubaneswar Distribution Co,Super Stockist,OUT0118,Convenience Store,SP031_Ravi,Snacks & Confectionery,CrispBite Chips 50g,236.12,25,5903.0,10,590.3,5312.7,5646.52,Delivered,0,0.0,Indirect,Credit
ORD100965,2024-12-30,Dec-2024,Central,Madhya Pradesh,Bhopal,D029,Bhopal Distribution Co,Super Stockist,OUT0138,Kirana/General Store,SP010_Pooja,Personal Care,ShinyLocks Shampoo 200ml,137.5,17,2337.5,0,0.0,2337.5,2207.24,Delivered,0,0.0,Indirect,UPI/Online
ORD100798,2024-12-30,Dec-2024,East,Odisha,Bhubaneswar,D028,Bhubaneswar Distribution Co,Wholesaler,OUT0014,Wholesale Shop,SP019_Deepak,Home Care,PureAir Freshener 250ml,342.5,33,11302.5,5,565.12,10737.38,12254.0,Delivered,0,0.0,Direct,Credit
ORD102555,2024-12-30,Dec-2024,Central,Chhattisgarh,Raipur,D026,Raipur Agencies,Distributor,OUT0154,Kirana/General Store,SP035_Arjun,Home Care,ShineFloor Cleaner 1L,78.1,20,1562.0,0,0.0,1562.0,1371.32,Delivered,0,0.0,Indirect,Cash
ORD102469,2024-12-30,Dec-2024,Central,Chhattisgarh,Raipur,D005,Raipur Enterprises,Wholesaler,OUT0011,Modern Trade,SP005_Vikram,Snacks & Confectionery,CrispBite Chips 100g,265.61,63,16733.43,5,836.67,15896.76,15061.97,Delivered,0,0.0,Indirect,UPI/Online
ORD101456,2024-12-30,Dec-2024,North,Delhi,New Delhi,D001,New Delhi Traders,Super Stockist,OUT0065,Modern Trade,SP008_Neha,Dairy & Food Staples,DailyFresh Ghee 500ml,329.46,62,20426.52,2,408.53,20017.99,20344.57,Returned,12,3953.52,Indirect,UPI/Online
ORD103663,2024-12-30,Dec-2024,East,Odisha,Bhubaneswar,D007,Bhubaneswar Distribution Co,Super Stockist,OUT0140,Supermarket,SP002_Amit,Snacks & Confectionery,CrispBite Chips 100g,223.15,41,9149.15,2,182.98,8966.17,10616.8,Delivered,0,0.0,Direct,UPI/Online
ORD103233,2024-12-30,Dec-2024,East,Bihar,Patna,D014,Patna Distribution Co,Wholesaler,OUT0173,Convenience Store,SP020_Shreya,Personal Care,FreshBreath Toothpaste 150g,57.21,6,343.26,2,6.87,336.39,333.06,Delivered,0,0.0,Direct,UPI/Online
ORD101806,2024-12-31,Dec-2024,South,Tamil Nadu,Coimbatore,D023,Coimbatore Marketing,Super Stockist,OUT0028,Kirana/General Store,SP026_Anjali,Home Care,SparkleShine Dishwash 500ml,153.16,29,4441.64,0,0.0,4441.64,5323.96,Delivered,0,0.0,Indirect,Cash
ORD102360,2024-12-31,Dec-2024,East,West Bengal,Kolkata,D006,Kolkata Enterprises,Distributor,OUT0064,Modern Trade,SP009_Karan,Snacks & Confectionery,CrispBite Chips 50g,151.8,27,4098.6,5,204.93,3893.67,3615.1,Delivered,0,0.0,Direct,Credit
ORD101946,2024-12-31,Dec-2024,Central,Chhattisgarh,Raipur,D009,Raipur Enterprises,Wholesaler,OUT0113,Kirana/General Store,SP009_Karan,Personal Care,ShinyLocks Shampoo 200ml,347.23,16,5555.68,0,0.0,5555.68,4889.6,Delivered,0,0.0,Indirect,UPI/Online
ORD101421,2024-12-31,Dec-2024,South,Tamil Nadu,Coimbatore,D020,Coimbatore Marketing,Distributor,OUT0109,Wholesale Shop,SP034_Kavita,Dairy & Food Staples,DailyFresh Ghee 500ml,66.21,16,1059.36,5,52.97,1006.39,1235.19,Delivered,0,0.0,Direct,UPI/Online
ORD102229,2024-12-31,Dec-2024,West,Rajasthan,Jaipur,D016,Jaipur Distribution Co,Super Stockist,OUT0061,Modern Trade,SP006_Anjali,Beverages,OrangeZest Juice 1L,158.27,22,3481.94,5,174.1,3307.84,3193.82,Delivered,0,0.0,Indirect,Credit
ORD102345,2024-12-31,Dec-2024,North,Delhi,New Delhi,D003,New Delhi Traders,Super Stockist,OUT0006,Kirana/General Store,SP032_Divya,Home Care,PureAir Freshener 250ml,190.5,48,9144.0,5,457.2,8686.8,7444.2,Cancelled,0,0.0,Direct,Cash
ORD101232,2024-12-31,Dec-2024,South,Tamil Nadu,Coimbatore,D023,Coimbatore Marketing,Super Stockist,OUT0018,Convenience Store,SP033_Manoj,Dairy & Food Staples,GoldenGrain Atta 5kg,141.03,16,2256.48,2,45.13,2211.35,2723.62,Delivered,0,0.0,Indirect,Cash
ORD101737,2024-12-31,Dec-2024,North,Uttar Pradesh,Lucknow,D010,Lucknow Marketing,Distributor,OUT0067,Modern Trade,SP035_Arjun,Personal Care,GlowSoft Soap 100g,123.09,7,861.63,5,43.08,818.55,910.63,Delivered,0,0.0,Indirect,Credit
ORD101945,2024-12-31,Dec-2024,South,Karnataka,Bengaluru,D002,Bengaluru Marketing,Distributor,OUT0075,Kirana/General Store,SP031_Ravi,Personal Care,ShinyLocks Shampoo 200ml,211.84,26,5507.84,0,0.0,5507.84,5803.07,Delivered,0,0.0,Indirect,Credit
ORD102790,2024-12-31,Dec-2024,East,Odisha,Bhubaneswar,D028,Bhubaneswar Distribution Co,Wholesaler,OUT0031,Convenience Store,SP008_Neha,Personal Care,GlowSoft Soap 100g,155.84,19,2960.96,10,296.1,2664.86,2643.79,Delivered,0,0.0,Indirect,Credit
ORD103433,2024-12-31,Dec-2024,Central,Chhattisgarh,Raipur,D022,Raipur Agencies,Super Stockist,OUT0141,Kirana/General Store,SP015_Arjun,Home Care,PureAir Freshener 250ml,229.1,28,6414.8,2,128.3,6286.5,7467.93,Cancelled,0,0.0,Indirect,Cash
